date,entry_time,exit_time,side,reason,fair,cndl_rng,entry,sl_price,tp_price,exit_reason,pnl_pts
2026-01-02,10:41,10:51,LONG,below-fair BOS,25685.0,34.0,25556.5,25506.5,25632.5,SL,-50.0
2026-01-06,10:10,11:05,SHORT,above-fair BOS,25631.25,29.0,25740.25,25790.25,25664.25,TP,76.0
2026-01-08,11:00,11:17,LONG,below-fair BOS,25780.5,43.2,25675.25,25625.25,25751.25,SL,-50.0
2026-01-12,09:46,09:51,SHORT,above-fair candle,25736.5,25.0,25854.0,25904.0,25778.0,SL,-50.0
2026-01-12,10:38,11:11,SHORT,above-fair BOS,25736.5,26.8,25880.5,25930.5,25804.5,SL,-50.0
2026-01-13,10:52,11:17,LONG,below-fair candle,25961.75,33.5,25842.5,25792.5,25918.5,TP,76.0
2026-01-14,09:48,09:56,LONG,below-fair candle,25790.0,38.0,25653.0,25603.0,25729.0,SL,-50.0
2026-01-16,10:05,10:20,LONG,below-fair candle,25860.0,27.8,25747.0,25697.0,25823.0,SL,-50.0
2026-01-16,10:25,10:30,LONG,below-fair candle,25860.0,32.2,25719.0,25669.0,25795.0,SL,-50.0
2026-01-22,10:28,11:16,LONG,below-fair BOS,25725.0,28.2,25588.25,25538.25,25664.25,TP,76.0
2026-01-29,09:50,09:51,LONG,below-fair candle,26145.5,36.0,26005.0,25955.0,26081.0,SL,-50.0
2026-01-29,10:17,10:33,LONG,below-fair candle,26145.5,34.0,25749.0,25699.0,25825.0,SL,-50.0
2026-01-29,10:58,11:03,LONG,below-fair candle,26145.5,35.0,25606.25,25556.25,25682.25,SL,-50.0
2026-02-02,10:00,10:01,SHORT,above-fair candle,25532.75,28.8,25732.0,25782.0,25656.0,SL,-50.0
2026-02-03,10:05,10:08,LONG,below-fair candle,25938.5,64.8,25624.5,25574.5,25700.5,SL,-50.0
2026-02-03,10:22,10:23,LONG,below-fair BOS,25938.5,30.2,25598.75,25548.75,25674.75,SL,-50.0
2026-02-03,10:27,10:51,LONG,below-fair candle,25938.5,52.2,25523.0,25473.0,25599.0,TP,76.0
2026-02-03,10:52,10:53,LONG,below-fair BOS,25938.5,27.5,25618.5,25568.5,25694.5,SL,-50.0
2026-02-03,10:56,11:11,LONG,below-fair candle,25938.5,35.5,25590.5,25540.5,25666.5,SL,-50.0
2026-02-04,09:56,09:57,LONG,below-fair candle,25380.0,62.0,25303.5,25253.5,25379.5,SL,-50.0
2026-02-04,11:00,11:02,LONG,below-fair BOS,25380.0,47.0,25177.5,25127.5,25253.5,SL,-50.0
2026-02-05,09:43,09:43,SHORT,above-fair candle,24767.25,75.0,24855.75,24905.75,24779.75,SL,-50.0
2026-02-06,09:55,09:58,SHORT,above-fair candle,24763.75,50.8,24932.5,24982.5,24856.5,TP,76.0
2026-02-06,10:50,10:54,SHORT,above-fair BOS,24763.75,44.2,24919.0,24969.0,24843.0,TP,76.0
2026-02-12,10:16,10:34,LONG,below-fair candle,25354.75,29.2,25232.5,25182.5,25308.5,SL,-50.0
2026-02-13,10:40,10:47,SHORT,above-fair candle,24738.25,71.0,24839.25,24889.25,24763.25,TP,76.0
2026-02-17,10:05,10:10,LONG,below-fair BOS,24654.0,56.2,24557.75,24507.75,24633.75,SL,-50.0
2026-02-17,10:18,10:20,LONG,below-fair candle,24654.0,55.0,24561.75,24511.75,24637.75,TP,76.0
2026-02-17,10:46,10:52,LONG,below-fair BOS,24654.0,30.8,24512.0,24462.0,24588.0,TP,76.0
2026-02-20,09:45,10:02,SHORT,above-fair candle,24714.25,30.2,24908.5,24958.5,24832.5,SL,-50.0
2026-02-20,10:07,10:09,SHORT,above-fair candle,24714.25,97.2,24894.25,24944.25,24818.25,SL,-50.0
2026-02-20,10:13,10:16,SHORT,above-fair candle,24714.25,49.8,24985.5,25035.5,24909.5,TP,76.0
2026-02-20,10:18,10:18,SHORT,above-fair candle,24714.25,61.5,24864.0,24914.0,24788.0,SL,-50.0
2026-02-20,10:34,10:38,SHORT,above-fair candle,24714.25,56.8,24934.75,24984.75,24858.75,SL,-50.0
2026-02-20,10:42,10:42,SHORT,above-fair candle,24714.25,52.0,24962.25,25012.25,24886.25,SL,-50.0
2026-02-23,10:08,10:37,LONG,below-fair candle,24975.5,40.8,24882.75,24832.75,24958.75,SL,-50.0
2026-02-25,10:36,12:52,SHORT,above-fair BOS,25156.5,33.2,25297.0,25347.0,25221.0,SL,-50.0
2026-02-26,10:28,10:28,LONG,below-fair candle,25355.0,43.0,24964.0,24914.0,25040.0,SL,-50.0
2026-02-26,10:37,10:41,LONG,below-fair candle,25355.0,40.0,24905.5,24855.5,24981.5,TP,76.0
2026-02-26,10:47,11:56,LONG,below-fair BOS,25355.0,30.2,25015.5,24965.5,25091.5,SL,-50.0
2026-02-27,10:27,10:46,SHORT,above-fair BOS,24806.25,26.0,24958.75,25008.75,24882.75,SL,-50.0
2026-02-27,10:53,11:02,SHORT,above-fair BOS,24806.25,28.2,24943.5,24993.5,24867.5,SL,-50.0
2026-03-02,10:02,10:02,SHORT,above-fair BOS,24640.25,61.8,24804.75,24854.75,24728.75,SL,-50.0
2026-03-02,10:23,10:42,SHORT,above-fair candle,24640.25,44.5,24879.0,24929.0,24803.0,SL,-50.0
2026-03-03,11:00,11:05,LONG,below-fair BOS,24521.75,25.2,24442.25,24392.25,24518.25,TP,76.0
2026-03-04,10:54,10:56,SHORT,above-fair BOS,24859.25,39.8,25047.5,25097.5,24971.5,SL,-50.0
2026-03-06,10:52,10:56,SHORT,above-fair BOS,24670.0,45.2,24762.5,24812.5,24686.5,SL,-50.0
2026-03-11,10:08,10:24,SHORT,above-fair candle,24993.5,45.8,25102.25,25152.25,25026.25,TP,76.0
2026-03-12,10:45,10:47,LONG,below-fair candle,24776.75,32.5,24622.0,24572.0,24698.0,TP,76.0
2026-03-13,09:58,10:10,SHORT,above-fair candle,24652.75,36.5,24754.75,24804.75,24678.75,TP,76.0
2026-03-16,10:21,10:39,SHORT,above-fair candle,24656.25,27.8,24734.0,24784.0,24658.0,TP,76.0
2026-03-23,10:32,11:03,SHORT,above-fair BOS,24509.75,26.5,24613.0,24663.0,24537.0,SL,-50.0
2026-03-27,10:33,10:39,LONG,below-fair BOS,23652.5,26.5,23503.5,23453.5,23579.5,SL,-50.0
2026-03-27,10:49,11:24,LONG,below-fair candle,23652.5,30.0,23487.25,23437.25,23563.25,TP,76.0
2026-03-30,10:58,11:06,LONG,below-fair BOS,23511.75,28.8,23340.5,23290.5,23416.5,TP,76.0
2026-03-31,10:07,10:34,SHORT,above-fair candle,23384.0,30.8,23530.5,23580.5,23454.5,SL,-50.0
2026-04-01,10:28,10:40,SHORT,above-fair candle,24097.25,25.0,24175.5,24225.5,24099.5,SL,-50.0
2026-04-02,10:40,10:40,SHORT,above-fair candle,23754.75,84.0,24156.5,24206.5,24080.5,SL,-50.0
2026-04-02,10:48,10:51,SHORT,above-fair candle,23754.75,36.5,24165.25,24215.25,24089.25,TP,76.0
2026-04-07,10:35,10:40,LONG,below-fair BOS,24245.75,59.5,24136.5,24086.5,24212.5,SL,-50.0
2026-04-08,10:59,11:36,LONG,below-fair candle,25207.75,38.8,24972.25,24922.25,25048.25,TP,76.0
2026-04-16,10:23,10:50,LONG,below-fair BOS,26426.25,25.0,26339.75,26289.75,26415.75,TP,76.0
2026-04-17,10:57,11:07,SHORT,above-fair BOS,26696.0,36.8,26804.25,26854.25,26728.25,SL,-50.0
2026-04-30,10:48,10:58,LONG,below-fair BOS,27499.25,35.5,27288.5,27238.5,27364.5,TP,76.0
2026-05-01,10:32,10:37,SHORT,above-fair BOS,27627.5,32.2,27844.75,27894.75,27768.75,TP,76.0
2026-05-01,10:52,11:19,SHORT,above-fair BOS,27627.5,32.8,27799.5,27849.5,27723.5,SL,-50.0
2026-05-05,10:46,11:16,SHORT,above-fair BOS,27998.0,31.5,28087.75,28137.75,28011.75,SL,-50.0
2026-05-08,10:32,10:45,SHORT,above-fair BOS,28881.75,35.0,29082.0,29132.0,29006.0,SL,-50.0
2026-05-12,10:54,11:00,LONG,below-fair candle,29140.75,42.0,29056.0,29006.0,29132.0,SL,-50.0
2026-05-13,09:51,09:55,LONG,below-fair candle,29294.0,68.2,29135.75,29085.75,29211.75,TP,76.0
2026-05-14,09:50,10:00,SHORT,above-fair candle,29478.0,25.8,29645.0,29695.0,29569.0,TP,76.0
2026-05-14,10:04,10:20,SHORT,above-fair candle,29478.0,29.8,29590.0,29640.0,29514.0,SL,-50.0
2026-05-18,09:52,09:57,LONG,below-fair candle,29357.75,68.2,29223.25,29173.25,29299.25,TP,76.0
2026-05-18,10:08,10:28,LONG,below-fair candle,29357.75,98.8,29225.25,29175.25,29301.25,SL,-50.0
2026-05-18,10:39,11:20,LONG,below-fair candle,29357.75,58.0,29051.75,29001.75,29127.75,SL,-50.0
2026-05-19,09:42,09:45,SHORT,above-fair candle,28831.5,63.8,28985.0,29035.0,28909.0,TP,76.0
2026-05-20,10:39,10:46,SHORT,above-fair candle,29073.25,37.2,29182.25,29232.25,29106.25,SL,-50.0
