T_delta,T_abs,tp_rr,n_trades,wr%,net_$,PF,MaxDD_$,avg_$,TP%,SL%,EOD%
0,0,1.0,975,52.3,31285.0,1.05,-31435.0,32.1,38.8,39.9,21.3
0,0,1.25,973,48.3,26474.0,1.04,-32718.0,27.2,29.7,43.3,27.0
0,0,1.5,972,45.5,21568.0,1.03,-42268.0,22.2,23.3,45.6,31.2
0,0,1.75,970,43.8,12811.0,1.02,-44135.0,13.2,18.2,47.0,34.7
0,0,2.0,969,43.4,22200.0,1.03,-38485.0,22.9,14.6,47.4,38.1
0,0,2.25,968,42.7,20428.0,1.03,-39794.0,21.1,11.8,48.0,40.2
0,0,2.5,967,42.1,20870.0,1.03,-40892.0,21.6,9.3,48.6,42.1
0,0,2.75,967,41.9,27585.0,1.04,-40124.0,28.5,8.3,48.8,42.9
0,0,3.0,967,41.7,39000.0,1.06,-38125.0,40.3,7.2,49.0,43.7
0,0,3.25,967,41.6,46345.0,1.07,-38791.0,47.9,6.1,49.0,44.9
0,0,3.5,967,41.6,50530.0,1.07,-37328.0,52.3,4.9,49.0,46.1
0,0,3.75,967,41.5,58511.0,1.08,-35614.0,60.5,4.3,49.1,46.5
0,0,4.0,966,41.4,47665.0,1.07,-38255.0,49.3,3.5,49.2,47.3
0,30,1.0,907,53.8,53775.0,1.09,-39080.0,59.3,36.9,36.9,26.1
0,30,1.25,906,49.8,48842.0,1.08,-42466.0,53.9,27.5,40.4,32.1
0,30,1.5,905,47.4,48012.0,1.08,-50552.0,53.1,20.8,42.3,36.9
0,30,1.75,905,46.1,45345.0,1.07,-50904.0,50.1,15.7,43.5,40.8
0,30,2.0,904,45.7,46480.0,1.07,-49640.0,51.4,11.2,43.9,44.9
0,30,2.25,904,45.4,50280.0,1.08,-46941.0,55.6,8.7,44.2,47.0
0,30,2.5,904,45.2,55438.0,1.08,-46425.0,61.3,7.0,44.4,48.7
0,30,2.75,904,45.0,55361.0,1.08,-49185.0,61.2,5.9,44.6,49.6
0,30,3.0,904,44.8,63230.0,1.1,-48280.0,69.9,5.0,44.8,50.2
0,30,3.25,904,44.8,66414.0,1.1,-50508.0,73.5,3.9,44.8,51.3
0,30,3.5,904,44.8,63445.0,1.1,-50830.0,70.2,2.4,44.8,52.8
0,30,3.75,904,44.8,69738.0,1.11,-50830.0,77.1,2.0,44.8,53.2
0,30,4.0,903,44.7,58200.0,1.09,-50830.0,64.5,1.4,44.9,53.7
0,40,1.0,846,55.0,72350.0,1.14,-37590.0,85.5,33.8,34.8,31.4
0,40,1.25,845,51.7,77020.0,1.14,-41998.0,91.1,24.9,37.8,37.4
0,40,1.5,845,49.6,74862.0,1.13,-42708.0,88.6,18.5,39.3,42.2
0,40,1.75,845,48.3,69148.0,1.12,-44294.0,81.8,13.6,40.6,45.8
0,40,2.0,844,48.0,71755.0,1.12,-43125.0,85.0,9.8,40.9,49.3
0,40,2.25,844,47.7,79244.0,1.13,-41556.0,93.9,7.6,41.1,51.3
0,40,2.5,844,47.6,81748.0,1.14,-41040.0,96.9,5.7,41.2,53.1
0,40,2.75,844,47.5,77985.0,1.13,-43800.0,92.4,4.6,41.4,54.0
0,40,3.0,844,47.3,82320.0,1.14,-42895.0,97.5,4.0,41.6,54.4
0,40,3.25,844,47.3,82271.0,1.14,-45122.0,97.5,3.1,41.6,55.3
0,40,3.5,844,47.3,75868.0,1.13,-45445.0,89.9,1.7,41.6,56.8
0,40,3.75,844,47.3,79199.0,1.13,-45445.0,93.8,1.3,41.6,57.1
0,40,4.0,844,47.3,68340.0,1.11,-45445.0,81.0,0.8,41.6,57.6
0,50,1.0,727,55.2,86020.0,1.2,-32570.0,118.3,30.0,31.6,38.4
0,50,1.25,726,53.0,100080.0,1.23,-36134.0,137.9,22.0,33.6,44.4
0,50,1.5,726,51.4,101052.0,1.22,-36428.0,139.2,16.9,34.7,48.3
0,50,1.75,726,50.1,90278.0,1.2,-34341.0,124.3,12.0,36.0,52.1
0,50,2.0,725,49.7,84330.0,1.18,-39105.0,116.3,9.1,36.4,54.5
0,50,2.25,725,49.4,85635.0,1.18,-37906.0,118.1,6.9,36.7,56.4
0,50,2.5,725,49.2,85198.0,1.18,-37150.0,117.5,5.0,36.8,58.2
0,50,2.75,725,49.1,81374.0,1.17,-38170.0,112.2,3.9,37.0,59.2
0,50,3.0,725,48.8,83125.0,1.18,-37775.0,114.7,3.0,37.2,59.7
0,50,3.25,725,48.8,87310.0,1.18,-37380.0,120.4,2.5,37.2,60.3
0,50,3.5,725,48.8,83168.0,1.18,-37520.0,114.7,1.4,37.2,61.4
0,50,3.75,725,48.8,85841.0,1.18,-37520.0,118.4,1.0,37.2,61.8
0,50,4.0,725,48.8,75170.0,1.16,-37520.0,103.7,0.6,37.2,62.2
0,60,1.0,560,56.8,82875.0,1.27,-23195.0,148.0,27.1,27.9,45.0
0,60,1.25,559,55.5,94185.0,1.3,-21780.0,168.5,19.9,28.8,51.3
0,60,1.5,559,53.7,91330.0,1.28,-24112.0,163.4,14.5,29.9,55.6
0,60,1.75,559,53.1,94005.0,1.29,-25008.0,168.2,10.9,30.4,58.7
0,60,2.0,558,52.9,93675.0,1.29,-26485.0,167.9,8.1,30.6,61.3
0,60,2.25,558,52.3,94919.0,1.29,-27586.0,170.1,6.6,31.2,62.2
0,60,2.5,558,52.3,96608.0,1.29,-27155.0,173.1,4.7,31.2,64.2
0,60,2.75,558,52.3,98810.0,1.3,-26760.0,177.1,3.9,31.2,64.9
0,60,3.0,558,52.2,101295.0,1.31,-26365.0,181.5,3.2,31.4,65.4
0,60,3.25,558,52.2,104155.0,1.31,-25970.0,186.7,2.5,31.4,66.1
0,60,3.5,558,52.2,101588.0,1.31,-26110.0,182.1,1.4,31.4,67.2
0,60,3.75,558,52.2,104330.0,1.32,-26110.0,187.0,1.3,31.4,67.4
0,60,4.0,558,52.2,93830.0,1.28,-26110.0,168.2,0.7,31.4,67.9
0,70,1.0,377,53.3,39250.0,1.19,-25985.0,104.1,22.8,25.7,51.5
0,70,1.25,376,51.9,46658.0,1.22,-23082.0,124.1,16.8,26.9,56.4
0,70,1.5,376,50.5,47010.0,1.22,-28338.0,125.0,12.2,27.9,59.8
0,70,1.75,376,50.0,44265.0,1.2,-32818.0,117.7,8.5,28.5,63.0
0,70,2.0,376,49.7,43550.0,1.2,-31675.0,115.8,5.9,28.7,65.4
0,70,2.25,376,49.7,45222.0,1.2,-29245.0,120.3,4.8,28.7,66.5
0,70,2.5,376,49.7,43360.0,1.2,-27502.0,115.3,2.9,28.7,68.4
0,70,2.75,376,49.7,44538.0,1.2,-25884.0,118.5,2.7,28.7,68.6
0,70,3.0,376,49.7,47110.0,1.21,-24265.0,125.3,2.7,28.7,68.6
0,70,3.25,376,49.7,48342.0,1.22,-23556.0,128.6,1.9,28.7,69.4
0,70,3.5,376,49.7,48660.0,1.22,-23505.0,129.4,1.1,28.7,70.2
0,70,3.75,376,49.7,49216.0,1.22,-23315.0,130.9,0.8,28.7,70.5
0,70,4.0,376,49.7,49845.0,1.23,-23125.0,132.6,0.8,28.7,70.5
0,80,1.0,238,50.0,12880.0,1.08,-33120.0,54.1,20.6,26.1,53.4
0,80,1.25,237,49.4,18910.0,1.12,-29280.0,79.8,13.9,26.2,59.9
0,80,1.5,237,48.1,15850.0,1.1,-30058.0,66.9,8.4,27.0,64.6
0,80,1.75,237,48.1,15120.0,1.1,-29689.0,63.8,5.9,27.0,67.1
0,80,2.0,237,47.7,16385.0,1.11,-28865.0,69.1,5.1,27.4,67.5
0,80,2.25,237,47.7,18251.0,1.12,-28041.0,77.0,4.2,27.4,68.4
0,80,2.5,237,47.7,16235.0,1.1,-27218.0,68.5,3.0,27.4,69.6
0,80,2.75,237,47.7,18012.0,1.12,-26394.0,76.0,3.0,27.4,69.6
0,80,3.0,237,47.7,19790.0,1.13,-25570.0,83.5,3.0,27.4,69.6
0,80,3.25,237,47.7,20472.0,1.13,-25362.0,86.4,2.1,27.4,70.5
0,80,3.5,237,47.7,20740.0,1.13,-25178.0,87.5,1.3,27.4,71.3
0,80,3.75,237,47.7,21106.0,1.14,-25250.0,89.1,0.8,27.4,71.7
0,80,4.0,237,47.7,21545.0,1.14,-25250.0,90.9,0.8,27.4,71.7
0,100,1.0,95,50.5,8170.0,1.13,-12665.0,86.0,18.9,23.2,57.9
0,100,1.25,95,49.5,9941.0,1.16,-13280.0,104.6,11.6,23.2,65.3
0,100,1.5,95,48.4,7808.0,1.12,-15210.0,82.2,8.4,23.2,68.4
0,100,1.75,95,48.4,8489.0,1.13,-15210.0,89.4,6.3,23.2,70.5
0,100,2.0,95,47.4,8980.0,1.14,-15210.0,94.5,5.3,24.2,70.5
0,100,2.25,95,47.4,9941.0,1.15,-15210.0,104.6,4.2,24.2,71.6
0,100,2.5,95,47.4,8505.0,1.13,-15210.0,89.5,3.2,24.2,72.6
0,100,2.75,95,47.4,9148.0,1.14,-15210.0,96.3,3.2,24.2,72.6
0,100,3.0,95,47.4,9790.0,1.15,-15210.0,103.1,3.2,24.2,72.6
0,100,3.25,95,47.4,10432.0,1.16,-15210.0,109.8,3.2,24.2,72.6
0,100,3.5,95,47.4,10872.0,1.17,-15210.0,114.4,2.1,24.2,73.7
0,100,3.75,95,47.4,11311.0,1.17,-15210.0,119.1,2.1,24.2,73.7
0,100,4.0,95,47.4,11750.0,1.18,-15210.0,123.7,2.1,24.2,73.7
100,0,1.0,962,52.5,19550.0,1.03,-39565.0,20.3,37.5,39.2,23.3
100,0,1.25,960,48.8,18939.0,1.03,-35566.0,19.7,28.9,42.4,28.7
100,0,1.5,959,46.1,14725.0,1.02,-41770.0,15.4,22.2,44.5,33.3
100,0,1.75,957,44.5,6975.0,1.01,-43860.0,7.3,17.2,46.0,36.8
100,0,2.0,957,44.2,15665.0,1.02,-38360.0,16.4,13.5,46.3,40.2
100,0,2.25,957,43.6,17274.0,1.02,-39819.0,18.0,10.9,46.9,42.2
100,0,2.5,956,43.3,21302.0,1.03,-40915.0,22.3,8.7,47.2,44.1
100,0,2.75,956,43.2,29948.0,1.04,-39192.0,31.3,7.7,47.3,45.0
100,0,3.0,956,43.0,40735.0,1.06,-37470.0,42.6,6.8,47.5,45.7
100,0,3.25,956,43.0,49830.0,1.07,-37001.0,52.1,5.9,47.5,46.7
100,0,3.5,956,43.0,53680.0,1.08,-35678.0,56.2,4.6,47.5,47.9
100,0,3.75,956,42.9,61326.0,1.09,-37328.0,64.1,4.1,47.6,48.3
100,0,4.0,955,42.8,50145.0,1.07,-36885.0,52.5,3.2,47.6,49.1
100,30,1.0,889,55.0,71385.0,1.13,-28995.0,80.3,37.2,35.3,27.4
100,30,1.25,888,50.8,64272.0,1.11,-34206.0,72.4,27.6,39.0,33.4
100,30,1.5,887,48.7,68120.0,1.11,-37338.0,76.8,20.9,40.7,38.4
100,30,1.75,887,47.4,65324.0,1.1,-37588.0,73.6,15.8,41.9,42.3
100,30,2.0,887,47.0,67580.0,1.11,-36720.0,76.2,11.3,42.3,46.4
100,30,2.25,887,46.7,71146.0,1.11,-35354.0,80.2,8.8,42.6,48.6
100,30,2.5,887,46.6,76070.0,1.12,-34430.0,85.8,7.0,42.7,50.3
100,30,2.75,887,46.3,75760.0,1.12,-35282.0,85.4,5.9,43.0,51.2
100,30,3.0,887,46.1,83690.0,1.13,-34720.0,94.4,5.1,43.2,51.7
100,30,3.25,887,46.1,86574.0,1.14,-34442.0,97.6,3.8,43.2,53.0
100,30,3.5,887,46.1,83525.0,1.13,-34765.0,94.2,2.5,43.2,54.3
100,30,3.75,887,46.1,89818.0,1.14,-34765.0,101.3,2.0,43.2,54.8
100,30,4.0,886,46.0,78280.0,1.12,-34765.0,88.4,1.5,43.2,55.3
100,40,1.0,822,55.8,92100.0,1.18,-33320.0,112.0,34.2,32.8,33.0
100,40,1.25,821,52.4,93200.0,1.17,-37318.0,113.5,24.8,36.1,39.1
100,40,1.5,821,50.4,94492.0,1.17,-37225.0,115.1,18.4,37.5,44.1
100,40,1.75,821,49.1,87635.0,1.16,-37425.0,106.7,13.4,38.9,47.7
100,40,2.0,821,48.8,91990.0,1.16,-36720.0,112.0,9.9,39.1,51.0
100,40,2.25,821,48.6,98895.0,1.18,-35354.0,120.5,7.6,39.3,53.1
100,40,2.5,821,48.5,100815.0,1.18,-34430.0,122.8,5.6,39.5,54.9
100,40,2.75,821,48.4,96469.0,1.17,-35282.0,117.5,4.5,39.6,55.9
100,40,3.0,821,48.1,100515.0,1.18,-34720.0,122.4,4.0,39.8,56.2
100,40,3.25,821,48.1,99991.0,1.18,-34158.0,121.8,3.0,39.8,57.1
100,40,3.5,821,48.1,93508.0,1.16,-34480.0,113.9,1.7,39.8,58.5
100,40,3.75,821,48.1,96839.0,1.17,-34480.0,118.0,1.3,39.8,58.8
100,40,4.0,821,48.1,85980.0,1.15,-34480.0,104.7,0.9,39.8,59.3
100,50,1.0,692,56.6,99340.0,1.25,-35100.0,143.6,30.2,29.9,39.9
100,50,1.25,691,54.3,107878.0,1.26,-38644.0,156.1,22.0,32.1,45.9
100,50,1.5,691,52.7,110448.0,1.26,-39402.0,159.8,16.8,33.3,49.9
100,50,1.75,691,51.4,98001.0,1.23,-37781.0,141.8,11.7,34.6,53.7
100,50,2.0,691,51.1,98790.0,1.23,-37430.0,143.0,9.1,34.9,56.0
100,50,2.25,691,50.8,99341.0,1.23,-36231.0,143.8,6.8,35.2,58.0
100,50,2.5,691,50.7,98150.0,1.22,-35475.0,142.0,4.8,35.3,59.9
100,50,2.75,691,50.5,93572.0,1.21,-36495.0,135.4,3.6,35.5,60.9
100,50,3.0,691,50.2,95275.0,1.22,-36100.0,137.9,3.0,35.7,61.2
100,50,3.25,691,50.2,98985.0,1.23,-35705.0,143.2,2.5,35.7,61.8
100,50,3.5,691,50.2,94762.0,1.22,-35845.0,137.1,1.4,35.7,62.8
100,50,3.75,691,50.2,97436.0,1.22,-35845.0,141.0,1.0,35.7,63.2
100,50,4.0,691,50.2,86765.0,1.2,-35845.0,125.6,0.6,35.7,63.7
100,60,1.0,519,56.1,66525.0,1.23,-23045.0,128.2,26.8,27.7,45.5
100,60,1.25,518,54.6,75576.0,1.25,-22505.0,145.9,19.5,28.8,51.7
100,60,1.5,518,52.9,74858.0,1.25,-24838.0,144.5,14.3,29.9,55.8
100,60,1.75,518,52.3,76488.0,1.25,-24504.0,147.7,10.8,30.5,58.7
100,60,2.0,518,52.1,78060.0,1.25,-24170.0,150.7,8.1,30.7,61.2
100,60,2.25,518,51.5,78705.0,1.25,-25006.0,151.9,6.8,31.3,62.0
100,60,2.5,518,51.5,79820.0,1.26,-24575.0,154.1,4.6,31.3,64.1
100,60,2.75,518,51.5,81449.0,1.26,-24180.0,157.2,3.9,31.3,64.9
100,60,3.0,518,51.4,83655.0,1.27,-23800.0,161.5,3.3,31.5,65.3
100,60,3.25,518,51.4,86715.0,1.28,-23800.0,167.4,2.7,31.5,65.8
100,60,3.5,518,51.4,84148.0,1.27,-23800.0,162.4,1.5,31.5,67.0
100,60,3.75,518,51.4,86890.0,1.28,-23800.0,167.7,1.4,31.5,67.2
100,60,4.0,518,51.4,76390.0,1.24,-23800.0,147.5,0.8,31.5,67.8
100,70,1.0,345,52.8,34330.0,1.17,-26910.0,99.5,23.8,26.4,49.9
100,70,1.25,344,51.2,40801.0,1.2,-23771.0,118.6,17.4,27.6,54.9
100,70,1.5,344,50.0,42050.0,1.2,-31385.0,122.2,12.5,28.8,58.7
100,70,1.75,344,49.4,38834.0,1.19,-35982.0,112.9,8.7,29.4,61.9
100,70,2.0,344,49.1,39060.0,1.19,-34840.0,113.5,6.1,29.7,64.2
100,70,2.25,344,49.1,40454.0,1.19,-32410.0,117.6,4.9,29.7,65.4
100,70,2.5,344,49.1,38312.0,1.18,-30668.0,111.4,2.9,29.7,67.4
100,70,2.75,344,49.1,39211.0,1.19,-29049.0,114.0,2.6,29.7,67.7
100,70,3.0,344,49.1,41505.0,1.2,-27430.0,120.7,2.6,29.7,67.7
100,70,3.25,344,49.1,42938.0,1.21,-26672.0,124.8,2.0,29.7,68.3
100,70,3.5,344,49.1,43255.0,1.21,-26490.0,125.7,1.2,29.7,69.2
100,70,3.75,344,49.1,43811.0,1.21,-26320.0,127.4,0.9,29.7,69.5
100,70,4.0,344,49.1,44440.0,1.21,-26130.0,129.2,0.9,29.7,69.5
100,80,1.0,221,47.1,-2615.0,0.98,-38770.0,-11.8,20.8,27.1,52.0
100,80,1.25,220,46.4,2762.0,1.02,-33755.0,12.6,13.6,27.3,59.1
100,80,1.5,220,45.9,4518.0,1.03,-34532.0,20.5,8.6,27.7,63.6
100,80,1.75,220,45.9,3801.0,1.02,-34164.0,17.3,5.9,27.7,66.4
100,80,2.0,220,45.5,4450.0,1.03,-33630.0,20.2,4.5,28.2,67.3
100,80,2.25,220,45.5,6662.0,1.04,-32806.0,30.3,4.1,28.2,67.7
100,80,2.5,220,45.5,4368.0,1.03,-31982.0,19.9,2.7,28.2,69.1
100,80,2.75,220,45.5,5866.0,1.04,-31159.0,26.7,2.7,28.2,69.1
100,80,3.0,220,45.5,7365.0,1.05,-30335.0,33.5,2.7,28.2,69.1
100,80,3.25,220,45.5,8248.0,1.05,-30128.0,37.5,2.3,28.2,69.5
100,80,3.5,220,45.5,8515.0,1.05,-29942.0,38.7,1.4,28.2,70.5
100,80,3.75,220,45.5,8881.0,1.06,-30015.0,40.4,0.9,28.2,70.9
100,80,4.0,220,45.5,9320.0,1.06,-30015.0,42.4,0.9,28.2,70.9
100,100,1.0,84,46.4,-3050.0,0.95,-15115.0,-36.3,20.2,26.2,53.6
100,100,1.25,84,45.2,-1812.0,0.97,-15730.0,-21.6,11.9,26.2,61.9
100,100,1.5,84,45.2,-338.0,0.99,-17660.0,-4.0,9.5,26.2,64.3
100,100,1.75,84,45.2,344.0,1.01,-17660.0,4.1,7.1,26.2,66.7
100,100,2.0,84,44.0,835.0,1.01,-17660.0,9.9,6.0,27.4,66.7
100,100,2.25,84,44.0,1796.0,1.03,-17660.0,21.4,4.8,27.4,67.9
100,100,2.5,84,44.0,360.0,1.01,-17660.0,4.3,3.6,27.4,69.0
100,100,2.75,84,44.0,1002.0,1.02,-17660.0,11.9,3.6,27.4,69.0
100,100,3.0,84,44.0,1645.0,1.03,-17660.0,19.6,3.6,27.4,69.0
100,100,3.25,84,44.0,2288.0,1.04,-17660.0,27.2,3.6,27.4,69.0
100,100,3.5,84,44.0,2728.0,1.04,-17660.0,32.5,2.4,27.4,70.2
100,100,3.75,84,44.0,3166.0,1.05,-17660.0,37.7,2.4,27.4,70.2
100,100,4.0,84,44.0,3605.0,1.06,-17660.0,42.9,2.4,27.4,70.2
200,0,1.0,931,52.5,31400.0,1.05,-35695.0,33.7,37.4,38.2,24.4
200,0,1.25,928,48.5,22204.0,1.03,-40588.0,23.9,27.9,41.7,30.4
200,0,1.5,927,46.0,20978.0,1.03,-41432.0,22.6,21.5,43.8,34.7
200,0,1.75,926,44.6,18208.0,1.03,-39539.0,19.7,16.6,45.0,38.3
200,0,2.0,926,44.3,26265.0,1.04,-39520.0,28.4,13.0,45.4,41.7
200,0,2.25,926,43.7,27150.0,1.04,-38608.0,29.3,10.5,45.9,43.6
200,0,2.5,925,43.5,30968.0,1.05,-45255.0,33.5,8.3,46.2,45.5
200,0,2.75,925,43.4,38342.0,1.06,-43910.0,41.5,7.2,46.3,46.5
200,0,3.0,925,43.1,47805.0,1.07,-42565.0,51.7,6.3,46.5,47.2
200,0,3.25,925,43.1,57014.0,1.08,-41610.0,61.6,5.3,46.5,48.2
200,0,3.5,925,43.1,59358.0,1.09,-41035.0,64.2,4.0,46.5,49.5
200,0,3.75,925,43.1,69702.0,1.1,-40135.0,75.4,3.7,46.5,49.8
200,0,4.0,924,43.1,57535.0,1.08,-39235.0,62.3,2.8,46.5,50.6
200,30,1.0,870,54.7,63985.0,1.12,-24430.0,73.5,36.3,35.1,28.6
200,30,1.25,869,50.3,51821.0,1.09,-28612.0,59.6,26.5,38.8,34.8
200,30,1.5,869,48.4,61800.0,1.1,-33558.0,71.1,20.3,40.4,39.4
200,30,1.75,869,47.2,62101.0,1.1,-33459.0,71.5,15.2,41.5,43.3
200,30,2.0,869,46.8,64765.0,1.1,-31870.0,74.5,10.9,41.9,47.2
200,30,2.25,869,46.5,67766.0,1.11,-29299.0,78.0,8.5,42.2,49.3
200,30,2.5,869,46.4,73182.0,1.12,-28375.0,84.2,6.8,42.3,50.9
200,30,2.75,869,46.1,72386.0,1.12,-30440.0,83.3,5.6,42.6,51.8
200,30,3.0,869,45.9,79830.0,1.13,-29210.0,91.9,4.8,42.8,52.4
200,30,3.25,869,45.9,84536.0,1.13,-31778.0,97.3,3.7,42.8,53.5
200,30,3.5,869,45.9,81685.0,1.13,-32100.0,94.0,2.4,42.8,54.8
200,30,3.75,869,45.9,87850.0,1.14,-32100.0,101.1,2.0,42.8,55.2
200,30,4.0,868,45.9,76185.0,1.12,-32100.0,87.8,1.4,42.9,55.8
200,40,1.0,806,55.1,81445.0,1.17,-28975.0,101.0,32.5,32.0,35.5
200,40,1.25,805,51.4,76038.0,1.15,-32862.0,94.5,23.1,35.3,41.6
200,40,1.5,805,49.8,85060.0,1.16,-32770.0,105.7,17.3,36.6,46.1
200,40,1.75,805,48.6,80730.0,1.15,-32970.0,100.3,12.4,37.9,49.7
200,40,2.0,805,48.3,84845.0,1.16,-32265.0,105.4,9.2,38.1,52.7
200,40,2.25,805,48.1,91160.0,1.17,-30899.0,113.2,7.2,38.4,54.4
200,40,2.5,805,48.0,93398.0,1.17,-29975.0,116.0,5.3,38.5,56.1
200,40,2.75,805,47.8,90088.0,1.16,-30828.0,111.9,4.3,38.6,57.0
200,40,3.0,805,47.6,93775.0,1.17,-30265.0,116.5,3.9,38.9,57.3
200,40,3.25,805,47.6,95201.0,1.17,-29702.0,118.3,3.0,38.9,58.1
200,40,3.5,805,47.6,89042.0,1.16,-30025.0,110.6,1.7,38.9,59.4
200,40,3.75,805,47.6,92374.0,1.17,-30025.0,114.8,1.4,38.9,59.8
200,40,4.0,805,47.6,81515.0,1.15,-30025.0,101.3,0.9,38.9,60.2
200,50,1.0,659,56.4,87625.0,1.23,-32595.0,133.0,29.1,29.7,41.1
200,50,1.25,658,53.8,92195.0,1.23,-36214.0,140.1,21.1,32.2,46.7
200,50,1.5,658,52.4,98618.0,1.24,-36972.0,149.9,16.1,33.4,50.5
200,50,1.75,658,51.1,87831.0,1.21,-35351.0,133.5,10.9,34.8,54.3
200,50,2.0,658,50.8,88300.0,1.21,-35000.0,134.2,8.5,35.1,56.4
200,50,2.25,658,50.5,89091.0,1.21,-33801.0,135.4,6.7,35.4,57.9
200,50,2.5,658,50.3,88372.0,1.21,-33045.0,134.3,4.7,35.6,59.7
200,50,2.75,658,50.2,84986.0,1.2,-34065.0,129.2,3.6,35.7,60.6
200,50,3.0,658,49.8,86485.0,1.21,-33670.0,131.4,3.0,36.0,60.9
200,50,3.25,658,49.8,89991.0,1.21,-33275.0,136.8,2.4,36.0,61.6
200,50,3.5,658,49.8,85768.0,1.2,-33415.0,130.3,1.5,36.0,62.5
200,50,3.75,658,49.8,88441.0,1.21,-33415.0,134.4,1.1,36.0,62.9
200,50,4.0,658,49.8,77770.0,1.18,-33415.0,118.2,0.6,36.0,63.4
200,60,1.0,481,55.5,49895.0,1.18,-23650.0,103.7,24.9,28.3,46.8
200,60,1.25,480,53.8,56379.0,1.2,-25926.0,117.5,18.3,29.6,52.1
200,60,1.5,480,52.3,59552.0,1.21,-25820.0,124.1,13.3,30.8,55.8
200,60,1.75,480,51.9,65422.0,1.22,-25109.0,136.3,10.2,31.2,58.5
200,60,2.0,480,51.7,67295.0,1.23,-24775.0,140.2,7.7,31.5,60.8
200,60,2.25,480,51.0,67670.0,1.23,-24441.0,141.0,6.5,32.1,61.5
200,60,2.5,480,51.0,68998.0,1.23,-24405.0,143.7,4.4,32.1,63.5
200,60,2.75,480,51.0,71558.0,1.24,-24405.0,149.1,3.8,32.1,64.2
200,60,3.0,480,50.8,73300.0,1.25,-24405.0,152.7,3.1,32.3,64.6
200,60,3.25,480,50.8,75896.0,1.26,-24405.0,158.1,2.5,32.3,65.2
200,60,3.5,480,50.8,73068.0,1.25,-24405.0,152.2,1.5,32.3,66.2
200,60,3.75,480,50.8,75550.0,1.26,-24405.0,157.4,1.2,32.3,66.5
200,60,4.0,480,50.8,64790.0,1.22,-24405.0,135.0,0.6,32.3,67.1
200,70,1.0,316,52.2,24780.0,1.13,-32310.0,78.4,22.5,27.2,50.3
200,70,1.25,315,50.5,29088.0,1.15,-30240.0,92.3,16.5,28.6,54.9
200,70,1.5,315,49.2,28915.0,1.15,-38405.0,91.8,11.7,29.8,58.4
200,70,1.75,315,48.6,27758.0,1.14,-40724.0,88.1,8.3,30.5,61.3
200,70,2.0,315,48.3,28900.0,1.15,-39640.0,91.7,6.0,30.8,63.2
200,70,2.25,315,48.3,29788.0,1.15,-37414.0,94.6,4.8,30.8,64.4
200,70,2.5,315,48.3,27140.0,1.14,-35875.0,86.2,2.5,30.8,66.7
200,70,2.75,315,48.3,29230.0,1.15,-34460.0,92.8,2.5,30.8,66.7
200,70,3.0,315,48.3,31320.0,1.16,-33045.0,99.4,2.5,30.8,66.7
200,70,3.25,315,48.3,32549.0,1.16,-32491.0,103.3,1.9,30.8,67.3
200,70,3.5,315,48.3,32865.0,1.17,-32258.0,104.3,1.3,30.8,67.9
200,70,3.75,315,48.3,33421.0,1.17,-32140.0,106.1,1.0,30.8,68.3
200,70,4.0,315,48.3,34050.0,1.17,-31950.0,108.1,1.0,30.8,68.3
200,80,1.0,201,46.3,-9830.0,0.93,-43975.0,-48.9,19.9,28.9,51.2
200,80,1.25,200,45.5,-5484.0,0.96,-39388.0,-27.4,13.0,29.0,58.0
200,80,1.5,200,45.0,-4352.0,0.97,-40340.0,-21.8,8.0,29.5,62.5
200,80,1.75,200,45.0,-5071.0,0.97,-40175.0,-25.4,5.5,29.5,65.0
200,80,2.0,200,44.5,-3755.0,0.97,-39555.0,-18.8,4.5,30.0,65.5
200,80,2.25,200,44.5,-1746.0,0.99,-38935.0,-8.7,4.0,30.0,66.0
200,80,2.5,200,44.5,-4245.0,0.97,-38315.0,-21.2,2.5,30.0,67.5
200,80,2.75,200,44.5,-2950.0,0.98,-37695.0,-14.8,2.5,30.0,67.5
200,80,3.0,200,44.5,-1655.0,0.99,-37075.0,-8.3,2.5,30.0,67.5
200,80,3.25,200,44.5,-976.0,0.99,-37071.0,-4.9,2.0,30.0,68.0
200,80,3.5,200,44.5,-710.0,1.0,-36888.0,-3.6,1.5,30.0,68.5
200,80,3.75,200,44.5,-344.0,1.0,-36960.0,-1.7,1.0,30.0,69.0
200,80,4.0,200,44.5,95.0,1.0,-36960.0,0.5,1.0,30.0,69.0
200,100,1.0,77,46.8,-4475.0,0.92,-16965.0,-58.1,19.5,26.0,54.5
200,100,1.25,77,45.5,-3666.0,0.94,-18220.0,-47.6,11.7,26.0,62.3
200,100,1.5,77,45.5,-2395.0,0.96,-20150.0,-31.1,9.1,26.0,64.9
200,100,1.75,77,45.5,-1918.0,0.97,-20150.0,-24.9,6.5,26.0,67.5
200,100,2.0,77,44.2,-1630.0,0.97,-20150.0,-21.2,5.2,27.3,67.5
200,100,2.25,77,44.2,-872.0,0.99,-20150.0,-11.3,3.9,27.3,68.8
200,100,2.5,77,44.2,-2512.0,0.96,-20150.0,-32.6,2.6,27.3,70.1
200,100,2.75,77,44.2,-2074.0,0.97,-20150.0,-26.9,2.6,27.3,70.1
200,100,3.0,77,44.2,-1635.0,0.97,-20150.0,-21.2,2.6,27.3,70.1
200,100,3.25,77,44.2,-1196.0,0.98,-20150.0,-15.5,2.6,27.3,70.1
200,100,3.5,77,44.2,-758.0,0.99,-20150.0,-9.8,2.6,27.3,70.1
200,100,3.75,77,44.2,-319.0,0.99,-20150.0,-4.1,2.6,27.3,70.1
200,100,4.0,77,44.2,120.0,1.0,-20150.0,1.6,2.6,27.3,70.1
300,0,1.0,893,54.1,64890.0,1.12,-29780.0,72.7,37.3,36.6,26.1
300,0,1.25,890,50.3,58605.0,1.1,-37008.0,65.8,27.3,39.8,32.9
300,0,1.5,888,48.0,58172.0,1.09,-34962.0,65.5,20.5,41.8,37.7
300,0,1.75,887,46.7,58174.0,1.09,-33489.0,65.6,16.1,43.0,40.9
300,0,2.0,887,46.2,61885.0,1.1,-33890.0,69.8,12.2,43.4,44.4
300,0,2.25,887,45.8,62952.0,1.1,-33398.0,71.0,9.8,43.9,46.3
300,0,2.5,887,45.5,65435.0,1.1,-40465.0,73.8,7.7,44.1,48.3
300,0,2.75,887,45.4,69266.0,1.11,-39540.0,78.1,6.4,44.2,49.4
300,0,3.0,887,45.2,77260.0,1.12,-38615.0,87.1,5.6,44.4,49.9
300,0,3.25,887,45.2,84765.0,1.13,-38080.0,95.6,4.6,44.4,51.0
300,0,3.5,887,45.2,86560.0,1.14,-37925.0,97.6,3.5,44.4,52.1
300,0,3.75,887,45.2,95650.0,1.15,-37445.0,107.8,3.0,44.4,52.5
300,0,4.0,886,45.1,82300.0,1.13,-36965.0,92.9,2.1,44.5,53.4
300,30,1.0,840,55.6,82030.0,1.16,-24715.0,97.7,36.1,34.2,29.8
300,30,1.25,839,51.5,74339.0,1.13,-26556.0,88.6,26.1,37.5,36.4
300,30,1.5,839,49.6,79432.0,1.14,-26395.0,94.7,19.4,39.2,41.4
300,30,1.75,839,48.4,83159.0,1.14,-27088.0,99.1,14.9,40.3,44.8
300,30,2.0,839,48.0,84235.0,1.14,-26085.0,100.4,10.5,40.6,48.9
300,30,2.25,839,47.8,88901.0,1.15,-25686.0,106.0,8.5,40.9,50.7
300,30,2.5,839,47.7,93632.0,1.16,-27060.0,111.6,6.7,41.0,52.3
300,30,2.75,839,47.4,91859.0,1.15,-26670.0,109.5,5.4,41.2,53.4
300,30,3.0,839,47.2,98545.0,1.17,-26280.0,117.5,4.6,41.5,53.9
300,30,3.25,839,47.2,102520.0,1.17,-25890.0,122.2,3.5,41.5,55.1
300,30,3.5,839,47.2,100092.0,1.17,-25500.0,119.3,2.4,41.5,56.1
300,30,3.75,839,47.2,106416.0,1.18,-25110.0,126.8,2.0,41.5,56.5
300,30,4.0,838,47.1,94895.0,1.16,-24720.0,113.2,1.4,41.5,57.0
300,40,1.0,769,56.2,84775.0,1.19,-28760.0,110.2,32.2,31.1,36.7
300,40,1.25,768,52.9,80594.0,1.17,-27666.0,104.9,22.8,34.0,43.2
300,40,1.5,768,51.2,82092.0,1.17,-29112.0,106.9,16.7,35.4,47.9
300,40,1.75,768,50.0,77850.0,1.15,-26645.0,101.4,12.2,36.6,51.2
300,40,2.0,768,49.7,78395.0,1.15,-26335.0,102.1,9.0,36.8,54.2
300,40,2.25,768,49.6,83041.0,1.16,-25364.0,108.1,7.2,37.0,55.9
300,40,2.5,768,49.5,82650.0,1.16,-24935.0,107.6,5.3,37.1,57.6
300,40,2.75,768,49.3,78539.0,1.15,-26082.0,102.3,4.2,37.2,58.6
300,40,3.0,768,49.1,81495.0,1.16,-25915.0,106.1,3.6,37.5,58.9
300,40,3.25,768,49.1,82190.0,1.16,-25748.0,107.0,2.7,37.5,59.8
300,40,3.5,768,49.1,76455.0,1.15,-25930.0,99.6,1.7,37.5,60.8
300,40,3.75,768,49.1,79945.0,1.16,-25930.0,104.1,1.4,37.5,61.1
300,40,4.0,768,49.1,69230.0,1.14,-25930.0,90.1,0.9,37.5,61.6
300,50,1.0,605,57.0,84420.0,1.25,-29445.0,139.5,29.1,29.3,41.7
300,50,1.25,604,54.8,95428.0,1.27,-29264.0,158.0,21.4,31.3,47.4
300,50,1.5,604,53.3,98908.0,1.27,-31548.0,163.8,15.9,32.6,51.5
300,50,1.75,604,51.8,90262.0,1.24,-29446.0,149.4,11.4,34.1,54.5
300,50,2.0,604,51.5,90100.0,1.24,-29490.0,149.2,8.8,34.4,56.8
300,50,2.25,604,51.3,91121.0,1.24,-28686.0,150.9,7.0,34.6,58.4
300,50,2.5,604,51.2,89838.0,1.24,-28325.0,148.7,4.8,34.8,60.4
300,50,2.75,604,51.0,85886.0,1.23,-29740.0,142.2,3.6,34.9,61.4
300,50,3.0,604,50.7,86820.0,1.23,-29740.0,143.7,3.0,35.3,61.8
300,50,3.25,604,50.7,89761.0,1.24,-29740.0,148.6,2.3,35.3,62.4
300,50,3.5,604,50.7,85508.0,1.22,-29740.0,141.6,1.5,35.3,63.2
300,50,3.75,604,50.7,88196.0,1.23,-29740.0,146.0,1.2,35.3,63.6
300,50,4.0,604,50.7,77525.0,1.2,-29740.0,128.4,0.7,35.3,64.1
300,60,1.0,431,55.9,47875.0,1.2,-22200.0,111.1,25.5,28.3,46.2
300,60,1.25,430,54.2,55368.0,1.22,-21660.0,128.8,19.1,29.5,51.4
300,60,1.5,430,52.6,57958.0,1.23,-23992.0,134.8,13.7,30.9,55.3
300,60,1.75,430,52.1,64839.0,1.25,-23659.0,150.8,10.9,31.4,57.7
300,60,2.0,430,51.9,66250.0,1.26,-23325.0,154.1,8.1,31.6,60.2
300,60,2.25,430,51.4,67025.0,1.26,-23526.0,155.9,7.0,32.1,60.9
300,60,2.5,430,51.4,67958.0,1.26,-23490.0,158.0,4.7,32.1,63.3
300,60,2.75,430,51.4,70122.0,1.27,-23490.0,163.1,4.0,32.1,64.0
300,60,3.0,430,51.2,71470.0,1.27,-23490.0,166.2,3.3,32.3,64.4
300,60,3.25,430,51.2,73671.0,1.28,-23490.0,171.3,2.6,32.3,65.1
300,60,3.5,430,51.2,70982.0,1.27,-23490.0,165.1,1.6,32.3,66.0
300,60,3.75,430,51.2,73465.0,1.28,-23490.0,170.8,1.4,32.3,66.3
300,60,4.0,430,51.2,62705.0,1.24,-23490.0,145.8,0.7,32.3,67.0
300,70,1.0,272,53.7,24010.0,1.15,-23625.0,88.3,23.2,26.5,50.4
300,70,1.25,271,52.0,29252.0,1.18,-23741.0,107.9,17.3,27.7,55.0
300,70,1.5,271,50.6,28725.0,1.17,-29845.0,106.0,12.5,29.2,58.3
300,70,1.75,271,49.8,28448.0,1.17,-31684.0,105.0,9.2,29.9,60.9
300,70,2.0,271,49.4,29195.0,1.17,-30995.0,107.7,6.6,30.3,63.1
300,70,2.25,271,49.4,29688.0,1.18,-29164.0,109.5,5.2,30.3,64.6
300,70,2.5,271,49.4,26645.0,1.16,-28020.0,98.3,2.6,30.3,67.2
300,70,2.75,271,49.4,28340.0,1.17,-27000.0,104.6,2.6,30.3,67.2
300,70,3.0,271,49.4,30035.0,1.18,-25980.0,110.8,2.6,30.3,67.2
300,70,3.25,271,49.4,30869.0,1.18,-25821.0,113.9,1.8,30.3,67.9
300,70,3.5,271,49.4,31325.0,1.19,-25448.0,115.6,1.5,30.3,68.3
300,70,3.75,271,49.4,31881.0,1.19,-25500.0,117.6,1.1,30.3,68.6
300,70,4.0,271,49.4,32510.0,1.19,-25500.0,120.0,1.1,30.3,68.6
300,80,1.0,176,46.0,-13580.0,0.89,-34720.0,-77.2,20.5,28.4,51.1
300,80,1.25,175,45.1,-8610.0,0.93,-31199.0,-49.2,13.7,28.6,57.7
300,80,1.5,175,44.6,-7988.0,0.94,-32660.0,-45.6,8.6,29.1,62.3
300,80,1.75,175,44.6,-7831.0,0.94,-31620.0,-44.8,6.3,29.1,64.6
300,80,2.0,175,44.0,-6515.0,0.95,-31000.0,-37.2,5.1,29.7,65.1
300,80,2.25,175,44.0,-4506.0,0.96,-30380.0,-25.8,4.6,29.7,65.7
300,80,2.5,175,44.0,-7005.0,0.95,-29760.0,-40.0,2.9,29.7,67.4
300,80,2.75,175,44.0,-5710.0,0.96,-29140.0,-32.6,2.9,29.7,67.4
300,80,3.0,175,44.0,-4415.0,0.97,-28520.0,-25.2,2.9,29.7,67.4
300,80,3.25,175,44.0,-3736.0,0.97,-28516.0,-21.4,2.3,29.7,68.0
300,80,3.5,175,44.0,-3470.0,0.97,-28332.0,-19.8,1.7,29.7,68.6
300,80,3.75,175,44.0,-3104.0,0.98,-28405.0,-17.7,1.1,29.7,69.1
300,80,4.0,175,44.0,-2665.0,0.98,-28405.0,-15.2,1.1,29.7,69.1
300,100,1.0,68,47.1,1625.0,1.03,-10770.0,23.9,22.1,25.0,52.9
300,100,1.25,68,45.6,2434.0,1.05,-12880.0,35.8,13.2,25.0,61.8
300,100,1.5,68,45.6,3705.0,1.07,-13640.0,54.5,10.3,25.0,64.7
300,100,1.75,68,45.6,4182.0,1.08,-13640.0,61.5,7.4,25.0,67.6
300,100,2.0,68,44.1,4470.0,1.09,-13640.0,65.7,5.9,26.5,67.6
300,100,2.25,68,44.1,5228.0,1.1,-13640.0,76.9,4.4,26.5,69.1
300,100,2.5,68,44.1,3588.0,1.07,-13640.0,52.8,2.9,26.5,70.6
300,100,2.75,68,44.1,4026.0,1.08,-13640.0,59.2,2.9,26.5,70.6
300,100,3.0,68,44.1,4465.0,1.09,-13640.0,65.7,2.9,26.5,70.6
300,100,3.25,68,44.1,4904.0,1.1,-13640.0,72.1,2.9,26.5,70.6
300,100,3.5,68,44.1,5342.0,1.11,-13640.0,78.6,2.9,26.5,70.6
300,100,3.75,68,44.1,5781.0,1.11,-13640.0,85.0,2.9,26.5,70.6
300,100,4.0,68,44.1,6220.0,1.12,-13640.0,91.5,2.9,26.5,70.6
400,0,1.0,859,55.9,89765.0,1.17,-22720.0,104.5,37.1,34.8,28.1
400,0,1.25,857,51.8,77294.0,1.14,-29882.0,90.2,26.5,38.0,35.5
400,0,1.5,856,49.5,80485.0,1.14,-27990.0,94.0,19.9,40.0,40.2
400,0,1.75,855,48.4,80248.0,1.13,-27148.0,93.9,15.4,40.9,43.6
400,0,2.0,855,48.0,77920.0,1.13,-26640.0,91.1,11.2,41.4,47.4
400,0,2.25,855,47.5,78295.0,1.13,-26232.0,91.6,9.0,41.8,49.2
400,0,2.5,855,47.3,77758.0,1.13,-30930.0,90.9,6.9,42.0,51.1
400,0,2.75,855,47.1,82968.0,1.14,-30005.0,97.0,5.8,42.1,52.0
400,0,3.0,855,46.9,89120.0,1.15,-29540.0,104.2,5.1,42.3,52.5
400,0,3.25,855,46.9,94936.0,1.16,-29386.0,111.0,4.1,42.3,53.6
400,0,3.5,855,46.9,97798.0,1.16,-29232.0,114.4,3.2,42.3,54.5
400,0,3.75,855,46.9,106190.0,1.17,-29079.0,124.2,2.9,42.3,54.7
400,0,4.0,854,46.8,93245.0,1.15,-28925.0,109.2,2.1,42.4,55.5
400,30,1.0,809,56.6,93030.0,1.19,-24100.0,115.0,35.2,32.9,31.9
400,30,1.25,808,52.4,80986.0,1.15,-25941.0,100.2,25.0,36.1,38.9
400,30,1.5,808,50.5,88772.0,1.16,-26652.0,109.9,18.6,37.7,43.7
400,30,1.75,808,49.5,93989.0,1.17,-26472.0,116.3,14.4,38.6,47.0
400,30,2.0,808,49.1,89935.0,1.16,-25470.0,111.3,9.8,39.0,51.2
400,30,2.25,808,48.8,90406.0,1.16,-25071.0,111.9,7.7,39.2,53.1
400,30,2.5,808,48.6,92152.0,1.16,-26445.0,114.1,5.8,39.4,54.8
400,30,2.75,808,48.4,91656.0,1.16,-26055.0,113.4,4.7,39.6,55.7
400,30,3.0,808,48.1,96705.0,1.17,-25665.0,119.7,4.2,39.9,55.9
400,30,3.25,808,48.1,99221.0,1.18,-26288.0,122.8,3.1,39.9,57.1
400,30,3.5,808,48.1,98265.0,1.17,-26470.0,121.6,2.2,39.9,57.9
400,30,3.75,808,48.1,104556.0,1.18,-26470.0,129.4,2.1,39.9,58.0
400,30,4.0,807,48.1,93035.0,1.16,-26470.0,115.3,1.5,39.9,58.6
400,40,1.0,729,57.5,98060.0,1.23,-28430.0,134.5,32.0,30.2,37.9
400,40,1.25,728,54.0,90478.0,1.2,-29139.0,124.3,22.4,33.0,44.6
400,40,1.5,728,52.2,91525.0,1.2,-32442.0,125.7,16.3,34.5,49.2
400,40,1.75,728,51.1,87736.0,1.19,-30705.0,120.5,12.0,35.6,52.5
400,40,2.0,728,50.8,86645.0,1.18,-31125.0,119.0,8.7,35.9,55.5
400,40,2.25,728,50.5,84576.0,1.18,-30568.0,116.2,6.7,36.1,57.1
400,40,2.5,728,50.4,82528.0,1.17,-30075.0,113.4,4.9,36.3,58.8
400,40,2.75,728,50.3,80902.0,1.17,-31322.0,111.1,4.0,36.4,59.6
400,40,3.0,728,50.0,83520.0,1.17,-31155.0,114.7,3.6,36.7,59.8
400,40,3.25,728,50.0,83728.0,1.17,-30988.0,115.0,2.6,36.7,60.7
400,40,3.5,728,50.0,79852.0,1.17,-31170.0,109.7,1.6,36.7,61.7
400,40,3.75,728,50.0,83225.0,1.17,-31170.0,114.3,1.5,36.7,61.8
400,40,4.0,728,50.0,72510.0,1.15,-31170.0,99.6,1.0,36.7,62.4
400,50,1.0,559,57.6,91120.0,1.29,-30395.0,163.0,29.0,29.0,42.0
400,50,1.25,558,55.0,96346.0,1.3,-31036.0,172.7,20.6,31.2,48.2
400,50,1.5,558,53.4,99962.0,1.3,-33538.0,179.1,15.6,32.6,51.8
400,50,1.75,558,52.0,91598.0,1.27,-32166.0,164.2,11.1,34.1,54.8
400,50,2.0,558,51.6,89625.0,1.26,-32940.0,160.6,8.4,34.4,57.2
400,50,2.25,558,51.4,88828.0,1.26,-32550.0,159.2,6.6,34.6,58.8
400,50,2.5,558,51.3,86102.0,1.25,-32225.0,154.3,4.5,34.8,60.8
400,50,2.75,558,51.1,84854.0,1.24,-33640.0,152.1,3.6,34.9,61.5
400,50,3.0,558,50.7,85665.0,1.25,-33640.0,153.5,3.0,35.3,61.6
400,50,3.25,558,50.7,88335.0,1.25,-33640.0,158.3,2.3,35.3,62.4
400,50,3.5,558,50.7,83810.0,1.24,-33640.0,150.2,1.4,35.3,63.3
400,50,3.75,558,50.7,86381.0,1.25,-33640.0,154.8,1.3,35.3,63.4
400,50,4.0,558,50.7,75710.0,1.22,-33640.0,135.7,0.7,35.3,64.0
400,60,1.0,390,56.2,48415.0,1.22,-23865.0,124.1,25.4,28.5,46.2
400,60,1.25,389,54.2,51784.0,1.23,-22911.0,133.1,18.8,29.8,51.4
400,60,1.5,389,52.4,55035.0,1.24,-24622.0,141.5,13.9,31.4,54.8
400,60,1.75,389,51.9,60421.0,1.26,-24379.0,155.3,11.1,31.9,57.1
400,60,2.0,389,51.7,60365.0,1.26,-24530.0,155.2,8.0,32.1,59.9
400,60,2.25,389,51.2,59672.0,1.25,-25065.0,153.4,6.7,32.6,60.7
400,60,2.5,389,51.2,59435.0,1.25,-25065.0,152.8,4.4,32.6,63.0
400,60,2.75,389,51.2,64574.0,1.27,-25065.0,166.0,4.1,32.6,63.2
400,60,3.0,389,50.9,66070.0,1.28,-25065.0,169.8,3.6,32.9,63.5
400,60,3.25,389,50.9,68271.0,1.29,-25065.0,175.5,2.8,32.9,64.3
400,60,3.5,389,50.9,65582.0,1.28,-25065.0,168.6,1.8,32.9,65.3
400,60,3.75,389,50.9,68065.0,1.29,-25065.0,175.0,1.5,32.9,65.6
400,60,4.0,389,50.9,57305.0,1.24,-25065.0,147.3,0.8,32.9,66.3
400,70,1.0,242,55.0,25425.0,1.18,-20995.0,105.1,23.6,27.7,48.8
400,70,1.25,241,53.1,29230.0,1.2,-21670.0,121.3,17.8,29.0,53.1
400,70,1.5,241,51.5,28495.0,1.19,-28278.0,118.2,13.3,30.7,56.0
400,70,1.75,241,50.6,27856.0,1.18,-30450.0,115.6,10.0,31.5,58.5
400,70,2.0,241,50.2,28270.0,1.19,-30095.0,117.3,7.1,32.0,61.0
400,70,2.25,241,50.2,28429.0,1.19,-28598.0,118.0,5.4,32.0,62.7
400,70,2.5,241,50.2,25350.0,1.17,-27490.0,105.2,2.9,32.0,65.1
400,70,2.75,241,50.2,27045.0,1.18,-26470.0,112.2,2.9,32.0,65.1
400,70,3.0,241,50.2,28740.0,1.19,-25450.0,119.3,2.9,32.0,65.1
400,70,3.25,241,50.2,29574.0,1.19,-25291.0,122.7,2.1,32.0,66.0
400,70,3.5,241,50.2,30030.0,1.2,-24918.0,124.6,1.7,32.0,66.4
400,70,3.75,241,50.2,30586.0,1.2,-24800.0,126.9,1.2,32.0,66.8
400,70,4.0,241,50.2,31215.0,1.21,-24800.0,129.5,1.2,32.0,66.8
400,80,1.0,155,45.8,-19365.0,0.83,-39410.0,-124.9,20.0,31.0,49.0
400,80,1.25,154,44.8,-15862.0,0.86,-37356.0,-103.0,13.6,31.2,55.2
400,80,1.5,154,44.2,-15502.0,0.87,-39080.0,-100.7,9.1,31.8,59.1
400,80,1.75,154,44.2,-15766.0,0.86,-38460.0,-102.4,7.1,31.8,61.0
400,80,2.0,154,43.5,-14450.0,0.88,-37840.0,-93.8,5.8,32.5,61.7
400,80,2.25,154,43.5,-12441.0,0.89,-37220.0,-80.8,5.2,32.5,62.3
400,80,2.5,154,43.5,-14940.0,0.87,-36600.0,-97.0,3.2,32.5,64.3
400,80,2.75,154,43.5,-13645.0,0.88,-35980.0,-88.6,3.2,32.5,64.3
400,80,3.0,154,43.5,-12350.0,0.89,-35360.0,-80.2,3.2,32.5,64.3
400,80,3.25,154,43.5,-11671.0,0.9,-35356.0,-75.8,2.6,32.5,64.9
400,80,3.5,154,43.5,-11405.0,0.9,-35172.0,-74.1,1.9,32.5,65.6
400,80,3.75,154,43.5,-11039.0,0.91,-35245.0,-71.7,1.3,32.5,66.2
400,80,4.0,154,43.5,-10600.0,0.91,-35245.0,-68.8,1.3,32.5,66.2
400,100,1.0,57,43.9,-3210.0,0.92,-10790.0,-56.3,21.1,26.3,52.6
400,100,1.25,57,42.1,-2904.0,0.93,-12375.0,-50.9,14.0,26.3,59.6
400,100,1.5,57,42.1,-2220.0,0.95,-14305.0,-38.9,10.5,26.3,63.2
400,100,1.75,57,42.1,-2162.0,0.95,-14305.0,-37.9,8.8,26.3,64.9
400,100,2.0,57,40.4,-1875.0,0.96,-14305.0,-32.9,7.0,28.1,64.9
400,100,2.25,57,40.4,-1118.0,0.97,-14305.0,-19.6,5.3,28.1,66.7
400,100,2.5,57,40.4,-2758.0,0.93,-14305.0,-48.4,3.5,28.1,68.4
400,100,2.75,57,40.4,-2319.0,0.94,-14305.0,-40.7,3.5,28.1,68.4
400,100,3.0,57,40.4,-1880.0,0.96,-14305.0,-33.0,3.5,28.1,68.4
400,100,3.25,57,40.4,-1441.0,0.97,-14305.0,-25.3,3.5,28.1,68.4
400,100,3.5,57,40.4,-1002.0,0.98,-14305.0,-17.6,3.5,28.1,68.4
400,100,3.75,57,40.4,-564.0,0.99,-14305.0,-9.9,3.5,28.1,68.4
400,100,4.0,57,40.4,-125.0,1.0,-14305.0,-2.2,3.5,28.1,68.4
500,0,1.0,830,55.2,92570.0,1.18,-23385.0,111.5,36.3,33.7,30.0
500,0,1.25,828,51.1,74144.0,1.14,-26085.0,89.5,25.0,37.0,38.0
500,0,1.5,827,49.1,84140.0,1.15,-26710.0,101.7,18.6,38.6,42.8
500,0,1.75,827,47.9,79356.0,1.14,-26234.0,96.0,14.0,39.7,46.3
500,0,2.0,827,47.4,76690.0,1.13,-25980.0,92.7,9.8,40.1,50.1
500,0,2.25,827,47.0,81876.0,1.14,-25826.0,99.0,7.9,40.4,51.8
500,0,2.5,827,46.9,85320.0,1.15,-28082.0,103.2,6.2,40.5,53.3
500,0,2.75,827,46.9,92312.0,1.16,-28055.0,111.6,5.2,40.5,54.3
500,0,3.0,827,46.7,95410.0,1.16,-28055.0,115.4,4.5,40.7,54.8
500,0,3.25,827,46.7,98171.0,1.17,-28055.0,118.7,3.4,40.7,55.9
500,0,3.5,827,46.7,97978.0,1.17,-28055.0,118.5,2.4,40.7,56.8
500,0,3.75,827,46.7,103425.0,1.18,-28055.0,125.1,2.3,40.7,57.0
500,0,4.0,826,46.6,91760.0,1.16,-28055.0,111.1,1.7,40.8,57.5
500,30,1.0,776,55.8,89435.0,1.19,-20520.0,115.3,34.9,32.6,32.5
500,30,1.25,775,51.6,75894.0,1.15,-24741.0,97.9,24.3,35.9,39.9
500,30,1.5,775,50.1,93405.0,1.18,-26880.0,120.5,18.2,37.2,44.6
500,30,1.75,775,48.9,91162.0,1.17,-23849.0,117.6,13.7,38.2,48.1
500,30,2.0,775,48.5,87895.0,1.16,-25230.0,113.4,9.0,38.6,52.4
500,30,2.25,775,48.3,94888.0,1.18,-24342.0,122.4,7.5,38.7,53.8
500,30,2.5,775,48.1,96895.0,1.18,-23825.0,125.0,5.5,38.8,55.6
500,30,2.75,775,48.0,99156.0,1.18,-23435.0,127.9,4.5,39.0,56.5
500,30,3.0,775,47.7,102125.0,1.19,-23045.0,131.8,4.0,39.2,56.8
500,30,3.25,775,47.7,102561.0,1.19,-23815.0,132.3,2.8,39.2,57.9
500,30,3.5,775,47.7,99525.0,1.18,-23725.0,128.4,1.9,39.2,58.8
500,30,3.75,775,47.7,103736.0,1.19,-23709.0,133.9,1.8,39.2,59.0
500,30,4.0,774,47.7,90980.0,1.17,-23620.0,117.5,1.3,39.3,59.4
500,40,1.0,690,56.2,85475.0,1.21,-28915.0,123.9,32.2,30.6,37.2
500,40,1.25,689,52.8,76048.0,1.18,-28999.0,110.4,22.2,33.4,44.4
500,40,1.5,689,51.4,85738.0,1.19,-29545.0,124.4,16.4,34.5,49.1
500,40,1.75,689,50.2,80020.0,1.18,-28064.0,116.1,11.8,35.7,52.5
500,40,2.0,689,49.9,79790.0,1.18,-28740.0,115.8,8.4,36.0,55.6
500,40,2.25,689,49.6,78451.0,1.17,-28248.0,113.9,7.0,36.3,56.7
500,40,2.5,689,49.5,76288.0,1.17,-27755.0,110.7,5.1,36.4,58.5
500,40,2.75,689,49.3,74548.0,1.16,-29002.0,108.2,4.1,36.6,59.4
500,40,3.0,689,49.1,77050.0,1.17,-28835.0,111.8,3.6,36.9,59.5
500,40,3.25,689,49.1,77142.0,1.17,-28668.0,112.0,2.6,36.9,60.5
500,40,3.5,689,49.1,73152.0,1.16,-28850.0,106.2,1.6,36.9,61.5
500,40,3.75,689,49.1,76410.0,1.17,-28850.0,110.9,1.5,36.9,61.7
500,40,4.0,689,49.1,66425.0,1.14,-28850.0,96.4,1.0,36.9,62.1
500,50,1.0,524,57.1,81875.0,1.28,-29115.0,156.2,29.0,29.0,42.0
500,50,1.25,523,54.5,86116.0,1.28,-29632.0,164.7,20.5,31.2,48.4
500,50,1.5,523,53.2,97558.0,1.31,-31900.0,186.5,15.9,32.3,51.8
500,50,1.75,523,51.4,85548.0,1.27,-29875.0,163.6,10.9,34.0,55.1
500,50,2.0,523,51.1,84570.0,1.26,-30905.0,161.7,8.2,34.4,57.4
500,50,2.25,523,50.9,84239.0,1.26,-30580.0,161.1,6.9,34.6,58.5
500,50,2.5,523,50.7,81335.0,1.25,-30255.0,155.5,4.6,34.8,60.6
500,50,2.75,523,50.5,80089.0,1.24,-31670.0,153.1,3.8,35.0,61.2
500,50,3.0,523,50.1,80900.0,1.25,-31670.0,154.7,3.3,35.4,61.4
500,50,3.25,523,50.1,83570.0,1.25,-31670.0,159.8,2.5,35.4,62.1
500,50,3.5,523,50.1,79045.0,1.24,-31670.0,151.1,1.5,35.4,63.1
500,50,3.75,523,50.1,81616.0,1.25,-31670.0,156.1,1.3,35.4,63.3
500,50,4.0,523,50.1,70945.0,1.22,-31670.0,135.7,0.8,35.4,63.9
500,60,1.0,361,56.8,56370.0,1.28,-26765.0,156.1,26.6,28.5,44.9
500,60,1.25,360,54.7,58499.0,1.29,-25658.0,162.5,19.4,30.0,50.6
500,60,1.5,360,53.1,62918.0,1.3,-27652.0,174.8,14.7,31.4,53.9
500,60,1.75,360,52.2,66004.0,1.31,-26832.0,183.3,11.7,32.2,56.1
500,60,2.0,360,51.9,68070.0,1.32,-25825.0,189.1,8.6,32.5,58.9
500,60,2.25,360,51.4,67378.0,1.31,-25976.0,187.2,7.2,33.1,59.7
500,60,2.5,360,51.4,67140.0,1.31,-26070.0,186.5,4.7,33.1,62.2
500,60,2.75,360,51.4,72279.0,1.34,-25730.0,200.8,4.4,33.1,62.5
500,60,3.0,360,51.1,73775.0,1.34,-26720.0,204.9,3.9,33.3,62.8
500,60,3.25,360,51.1,75976.0,1.35,-27146.0,211.0,3.1,33.3,63.6
500,60,3.5,360,51.1,73288.0,1.34,-26962.0,203.6,1.9,33.3,64.7
500,60,3.75,360,51.1,75770.0,1.35,-27035.0,210.5,1.7,33.3,65.0
500,60,4.0,360,51.1,65010.0,1.3,-27035.0,180.6,0.8,33.3,65.8
500,70,1.0,223,54.7,27175.0,1.21,-25770.0,121.9,24.7,27.8,47.5
500,70,1.25,222,52.7,30210.0,1.23,-27642.0,136.1,18.5,29.3,52.3
500,70,1.5,222,51.4,30588.0,1.22,-32545.0,137.8,14.4,30.6,55.0
500,70,1.75,222,50.0,28316.0,1.2,-34500.0,127.6,10.8,32.0,57.2
500,70,2.0,222,49.5,28730.0,1.2,-34145.0,129.4,7.7,32.4,59.9
500,70,2.25,222,49.5,28889.0,1.21,-32648.0,130.1,5.9,32.4,61.7
500,70,2.5,222,49.5,25810.0,1.18,-31618.0,116.3,3.2,32.4,64.4
500,70,2.75,222,49.5,27505.0,1.2,-31434.0,123.9,3.2,32.4,64.4
500,70,3.0,222,49.5,29200.0,1.21,-31250.0,131.5,3.2,32.4,64.4
500,70,3.25,222,49.5,30034.0,1.21,-31066.0,135.3,2.3,32.4,65.3
500,70,3.5,222,49.5,30490.0,1.22,-30882.0,137.3,1.8,32.4,65.8
500,70,3.75,222,49.5,31046.0,1.22,-30955.0,139.8,1.4,32.4,66.2
500,70,4.0,222,49.5,31675.0,1.23,-30955.0,142.7,1.4,32.4,66.2
500,80,1.0,146,45.9,-20090.0,0.82,-40045.0,-137.6,20.5,31.5,47.9
500,80,1.25,145,44.8,-16986.0,0.85,-38428.0,-117.1,13.8,31.7,54.5
500,80,1.5,145,44.8,-15142.0,0.87,-40180.0,-104.4,10.3,31.7,57.9
500,80,1.75,145,44.1,-17256.0,0.85,-39560.0,-119.0,7.6,32.4,60.0
500,80,2.0,145,43.4,-15940.0,0.86,-38940.0,-109.9,6.2,33.1,60.7
500,80,2.25,145,43.4,-13931.0,0.88,-38320.0,-96.1,5.5,33.1,61.4
500,80,2.5,145,43.4,-16430.0,0.86,-37700.0,-113.3,3.4,33.1,63.4
500,80,2.75,145,43.4,-15135.0,0.87,-37080.0,-104.4,3.4,33.1,63.4
500,80,3.0,145,43.4,-13840.0,0.88,-36460.0,-95.4,3.4,33.1,63.4
500,80,3.25,145,43.4,-13161.0,0.88,-36456.0,-90.8,2.8,33.1,64.1
500,80,3.5,145,43.4,-12895.0,0.89,-36272.0,-88.9,2.1,33.1,64.8
500,80,3.75,145,43.4,-12529.0,0.89,-36345.0,-86.4,1.4,33.1,65.5
500,80,4.0,145,43.4,-12090.0,0.89,-36345.0,-83.4,1.4,33.1,65.5
500,100,1.0,54,44.4,-3915.0,0.9,-11495.0,-72.5,22.2,27.8,50.0
500,100,1.25,54,42.6,-3609.0,0.91,-13080.0,-66.8,14.8,27.8,57.4
500,100,1.5,54,42.6,-2925.0,0.93,-15010.0,-54.2,11.1,27.8,61.1
500,100,1.75,54,42.6,-2868.0,0.93,-15010.0,-53.1,9.3,27.8,63.0
500,100,2.0,54,40.7,-2580.0,0.94,-15010.0,-47.8,7.4,29.6,63.0
500,100,2.25,54,40.7,-1822.0,0.96,-15010.0,-33.8,5.6,29.6,64.8
500,100,2.5,54,40.7,-3462.0,0.92,-15010.0,-64.1,3.7,29.6,66.7
500,100,2.75,54,40.7,-3024.0,0.93,-15010.0,-56.0,3.7,29.6,66.7
500,100,3.0,54,40.7,-2585.0,0.94,-15010.0,-47.9,3.7,29.6,66.7
500,100,3.25,54,40.7,-2146.0,0.95,-15010.0,-39.7,3.7,29.6,66.7
500,100,3.5,54,40.7,-1708.0,0.96,-15010.0,-31.6,3.7,29.6,66.7
500,100,3.75,54,40.7,-1269.0,0.97,-15010.0,-23.5,3.7,29.6,66.7
500,100,4.0,54,40.7,-830.0,0.98,-15010.0,-15.4,3.7,29.6,66.7
600,0,1.0,782,55.8,115445.0,1.25,-18585.0,147.6,35.3,32.1,32.6
600,0,1.25,780,52.1,109392.0,1.22,-19006.0,140.2,24.4,35.0,40.6
600,0,1.5,780,50.0,115828.0,1.23,-22252.0,148.5,18.1,36.7,45.3
600,0,1.75,780,48.8,110301.0,1.21,-25569.0,141.4,13.5,37.7,48.8
600,0,2.0,780,48.3,104200.0,1.2,-24410.0,133.6,9.1,38.2,52.7
600,0,2.25,780,47.9,109899.0,1.21,-23594.0,140.9,7.3,38.5,54.2
600,0,2.5,780,47.9,115875.0,1.22,-24490.0,148.6,5.8,38.5,55.8
600,0,2.75,780,47.9,124435.0,1.24,-24262.0,159.5,5.0,38.5,56.5
600,0,3.0,780,47.7,128335.0,1.24,-24035.0,164.5,4.4,38.7,56.9
600,0,3.25,780,47.7,131816.0,1.25,-24355.0,169.0,3.5,38.7,57.8
600,0,3.5,780,47.7,129232.0,1.25,-23950.0,165.7,2.3,38.7,59.0
600,0,3.75,780,47.7,134471.0,1.25,-23362.0,172.4,2.3,38.7,59.0
600,0,4.0,779,47.6,122525.0,1.23,-23270.0,157.3,1.7,38.8,59.6
600,30,1.0,735,55.8,102145.0,1.23,-23415.0,139.0,34.1,31.0,34.8
600,30,1.25,734,51.9,95365.0,1.2,-19415.0,129.9,23.4,34.1,42.5
600,30,1.5,734,50.1,106675.0,1.22,-23768.0,145.3,17.4,35.6,47.0
600,30,1.75,734,49.0,103309.0,1.21,-25716.0,140.7,12.9,36.5,50.5
600,30,2.0,734,48.6,97500.0,1.2,-25395.0,132.8,8.3,36.9,54.8
600,30,2.25,734,48.4,104486.0,1.21,-25400.0,142.4,6.8,37.1,56.1
600,30,2.5,734,48.4,108870.0,1.22,-25315.0,148.3,5.2,37.1,57.8
600,30,2.75,734,48.2,109789.0,1.22,-28470.0,149.6,4.1,37.2,58.7
600,30,3.0,734,48.0,112840.0,1.23,-27960.0,153.7,3.7,37.5,58.9
600,30,3.25,734,48.0,113276.0,1.23,-30582.0,154.3,2.7,37.5,59.8
600,30,3.5,734,48.0,109775.0,1.22,-30765.0,149.6,1.8,37.5,60.8
600,30,3.75,734,48.0,113778.0,1.23,-30765.0,155.0,1.8,37.5,60.8
600,30,4.0,733,47.9,100740.0,1.2,-30765.0,137.4,1.2,37.5,61.3
600,40,1.0,646,55.7,86260.0,1.22,-27345.0,133.5,31.6,29.7,38.7
600,40,1.25,645,52.6,80419.0,1.2,-28012.0,124.7,21.7,32.4,45.9
600,40,1.5,645,50.9,85788.0,1.21,-29790.0,133.0,16.1,33.8,50.1
600,40,1.75,645,49.8,80190.0,1.19,-29940.0,124.3,11.5,34.9,53.6
600,40,2.0,645,49.5,78080.0,1.18,-30000.0,121.1,8.1,35.2,56.7
600,40,2.25,645,49.1,77721.0,1.18,-30018.0,120.5,6.7,35.5,57.8
600,40,2.5,645,49.1,78622.0,1.18,-29920.0,121.9,5.0,35.5,59.5
600,40,2.75,645,49.0,76092.0,1.18,-33075.0,118.0,3.9,35.7,60.5
600,40,3.0,645,48.7,77805.0,1.18,-32565.0,120.6,3.4,36.0,60.6
600,40,3.25,645,48.7,77772.0,1.18,-35188.0,120.6,2.5,36.0,61.6
600,40,3.5,645,48.7,73318.0,1.17,-35370.0,113.7,1.4,36.0,62.6
600,40,3.75,645,48.7,76366.0,1.18,-35370.0,118.4,1.4,36.0,62.6
600,40,4.0,645,48.7,66100.0,1.15,-35370.0,102.5,0.9,36.0,63.1
600,50,1.0,480,57.1,85140.0,1.32,-25575.0,177.4,28.7,27.5,43.8
600,50,1.25,479,54.7,90000.0,1.32,-24916.0,187.9,20.3,29.6,50.1
600,50,1.5,479,53.2,99925.0,1.35,-27985.0,208.6,15.9,30.9,53.2
600,50,1.75,479,51.6,87375.0,1.3,-26718.0,182.4,10.6,32.6,56.8
600,50,2.0,479,51.1,84455.0,1.28,-27595.0,176.3,7.7,33.0,59.3
600,50,2.25,479,50.9,87945.0,1.29,-29100.0,183.6,6.7,33.2,60.1
600,50,2.5,479,50.9,88388.0,1.3,-28775.0,184.5,4.6,33.2,62.2
600,50,2.75,479,50.7,86632.0,1.29,-30190.0,180.9,3.8,33.4,62.8
600,50,3.0,479,50.3,86935.0,1.29,-30190.0,181.5,3.1,33.8,63.0
600,50,3.25,479,50.3,89761.0,1.3,-30190.0,187.4,2.5,33.8,63.7
600,50,3.5,479,50.3,85052.0,1.28,-30190.0,177.6,1.5,33.8,64.7
600,50,3.75,479,50.3,87696.0,1.29,-30190.0,183.1,1.5,33.8,64.7
600,50,4.0,479,50.3,77025.0,1.26,-30190.0,160.8,0.8,33.8,65.3
600,60,1.0,322,55.6,49420.0,1.28,-23045.0,153.5,26.1,27.6,46.3
600,60,1.25,321,53.9,52589.0,1.29,-21561.0,163.8,19.0,29.0,52.0
600,60,1.5,321,52.0,55888.0,1.3,-23620.0,174.1,14.6,30.5,54.8
600,60,1.75,321,51.1,57705.0,1.3,-22984.0,179.8,11.5,31.5,57.0
600,60,2.0,321,50.8,59595.0,1.31,-22160.0,185.7,8.4,31.8,59.8
600,60,2.25,321,50.5,62529.0,1.32,-22712.0,194.8,7.5,32.1,60.4
600,60,2.5,321,50.5,63232.0,1.33,-23215.0,197.0,5.0,32.1,62.9
600,60,2.75,321,50.5,68188.0,1.35,-23215.0,212.4,4.7,32.1,63.2
600,60,3.0,321,50.2,69500.0,1.36,-24090.0,216.5,4.0,32.4,63.6
600,60,3.25,321,50.2,71518.0,1.37,-24400.0,222.8,3.1,32.4,64.5
600,60,3.5,321,50.2,68645.0,1.35,-24400.0,213.8,1.9,32.4,65.7
600,60,3.75,321,50.2,71200.0,1.37,-24400.0,221.8,1.9,32.4,65.7
600,60,4.0,321,50.2,60440.0,1.31,-24400.0,188.3,0.9,32.4,66.7
600,70,1.0,196,55.1,31450.0,1.28,-22050.0,160.5,25.0,26.5,48.5
600,70,1.25,195,53.3,35290.0,1.3,-23426.0,181.0,19.0,27.7,53.3
600,70,1.5,195,51.8,34678.0,1.29,-28668.0,177.8,14.4,29.2,56.4
600,70,1.75,195,50.3,31560.0,1.26,-30806.0,161.8,10.8,30.8,58.5
600,70,2.0,195,49.7,31130.0,1.25,-30635.0,159.6,7.2,31.3,61.5
600,70,2.25,195,49.7,31570.0,1.26,-29321.0,161.9,5.6,31.3,63.1
600,70,2.5,195,49.7,29432.0,1.24,-28398.0,150.9,3.1,31.3,65.6
600,70,2.75,195,49.7,30944.0,1.25,-28320.0,158.7,3.1,31.3,65.6
600,70,3.0,195,49.7,32455.0,1.26,-28320.0,166.4,3.1,31.3,65.6
600,70,3.25,195,49.7,33105.0,1.27,-28320.0,169.8,2.1,31.3,66.7
600,70,3.5,195,49.7,33378.0,1.27,-28320.0,171.2,1.5,31.3,67.2
600,70,3.75,195,49.7,34006.0,1.28,-28320.0,174.4,1.5,31.3,67.2
600,70,4.0,195,49.7,34635.0,1.28,-28320.0,177.6,1.5,31.3,67.2
600,80,1.0,127,48.0,-9105.0,0.9,-33165.0,-71.7,19.7,29.1,51.2
600,80,1.25,126,46.8,-6751.0,0.93,-33631.0,-53.6,12.7,29.4,57.9
600,80,1.5,126,46.8,-5898.0,0.94,-35568.0,-46.8,8.7,29.4,61.9
600,80,1.75,126,46.0,-8858.0,0.91,-35131.0,-70.3,6.3,30.2,63.5
600,80,2.0,126,45.2,-8385.0,0.91,-34695.0,-66.5,4.8,31.0,64.3
600,80,2.25,126,45.2,-6095.0,0.94,-34259.0,-48.4,4.8,31.0,64.3
600,80,2.5,126,45.2,-7652.0,0.92,-33822.0,-60.7,3.2,31.0,65.9
600,80,2.75,126,45.2,-6541.0,0.93,-33445.0,-51.9,3.2,31.0,65.9
600,80,3.0,126,45.2,-5430.0,0.94,-33445.0,-43.1,3.2,31.0,65.9
600,80,3.25,126,45.2,-4935.0,0.95,-33445.0,-39.2,2.4,31.0,66.7
600,80,3.5,126,45.2,-4852.0,0.95,-33445.0,-38.5,1.6,31.0,67.5
600,80,3.75,126,45.2,-4414.0,0.95,-33445.0,-35.0,1.6,31.0,67.5
600,80,4.0,126,45.2,-3975.0,0.96,-33445.0,-31.5,1.6,31.0,67.5
600,100,1.0,50,44.0,-4140.0,0.89,-11955.0,-82.8,22.0,28.0,50.0
600,100,1.25,50,42.0,-4244.0,0.89,-13540.0,-84.9,14.0,28.0,58.0
600,100,1.5,50,42.0,-3970.0,0.9,-15470.0,-79.4,10.0,28.0,62.0
600,100,1.75,50,42.0,-4322.0,0.89,-15470.0,-86.4,8.0,28.0,64.0
600,100,2.0,50,40.0,-4445.0,0.89,-15470.0,-88.9,6.0,30.0,64.0
600,100,2.25,50,40.0,-2972.0,0.92,-15470.0,-59.4,6.0,30.0,64.0
600,100,2.5,50,40.0,-4612.0,0.88,-15470.0,-92.2,4.0,30.0,66.0
600,100,2.75,50,40.0,-4174.0,0.89,-15470.0,-83.5,4.0,30.0,66.0
600,100,3.0,50,40.0,-3735.0,0.9,-15470.0,-74.7,4.0,30.0,66.0
600,100,3.25,50,40.0,-3296.0,0.92,-15470.0,-65.9,4.0,30.0,66.0
600,100,3.5,50,40.0,-2858.0,0.93,-15470.0,-57.2,4.0,30.0,66.0
600,100,3.75,50,40.0,-2419.0,0.94,-15470.0,-48.4,4.0,30.0,66.0
600,100,4.0,50,40.0,-1980.0,0.95,-15470.0,-39.6,4.0,30.0,66.0
800,0,1.0,695,55.7,106110.0,1.25,-22150.0,152.7,32.8,30.8,36.4
800,0,1.25,695,52.5,102615.0,1.23,-20345.0,147.6,22.3,33.5,44.2
800,0,1.5,695,51.4,119022.0,1.26,-19835.0,171.3,17.0,34.5,48.5
800,0,1.75,695,50.5,117769.0,1.25,-19405.0,169.5,13.1,35.3,51.7
800,0,2.0,695,49.9,106890.0,1.23,-20700.0,153.8,8.1,35.8,56.1
800,0,2.25,695,49.6,108101.0,1.23,-19946.0,155.5,6.3,36.1,57.6
800,0,2.5,695,49.4,104730.0,1.22,-20670.0,150.7,4.6,36.3,59.1
800,0,2.75,695,49.4,110762.0,1.24,-20328.0,159.4,4.0,36.3,59.7
800,0,3.0,695,49.2,116550.0,1.25,-19985.0,167.7,3.7,36.4,59.9
800,0,3.25,695,49.2,118739.0,1.25,-22775.0,170.8,2.9,36.4,60.7
800,0,3.5,695,49.2,114228.0,1.24,-22775.0,164.4,1.4,36.4,62.2
800,0,3.75,695,49.2,117544.0,1.25,-22775.0,169.1,1.4,36.4,62.2
800,0,4.0,694,49.1,104105.0,1.22,-22775.0,150.0,1.0,36.5,62.5
800,30,1.0,643,55.5,85420.0,1.21,-25655.0,132.8,32.2,30.5,37.3
800,30,1.25,643,52.3,80724.0,1.19,-19671.0,125.5,21.6,33.3,45.1
800,30,1.5,643,51.3,98882.0,1.23,-20918.0,153.8,16.3,34.2,49.5
800,30,1.75,643,50.5,99142.0,1.23,-19091.0,154.2,12.6,34.8,52.6
800,30,2.0,643,50.1,90110.0,1.21,-19420.0,140.1,7.5,35.3,57.2
800,30,2.25,643,49.9,92520.0,1.21,-18578.0,143.9,5.9,35.5,58.6
800,30,2.5,643,49.8,88700.0,1.2,-19808.0,137.9,4.2,35.5,60.3
800,30,2.75,643,49.8,93422.0,1.21,-19274.0,145.3,3.6,35.5,61.0
800,30,3.0,643,49.6,98165.0,1.22,-18740.0,152.7,3.4,35.6,61.0
800,30,3.25,643,49.6,99596.0,1.23,-21080.0,154.9,2.6,35.6,61.7
800,30,3.5,643,49.6,95160.0,1.22,-21080.0,148.0,1.4,35.6,63.0
800,30,3.75,643,49.6,98232.0,1.22,-21080.0,152.8,1.4,35.6,63.0
800,30,4.0,642,49.5,84550.0,1.19,-21080.0,131.7,0.9,35.7,63.4
800,40,1.0,536,55.0,69315.0,1.21,-32200.0,129.3,30.8,29.5,39.7
800,40,1.25,536,52.4,69952.0,1.2,-29965.0,130.5,21.1,31.9,47.0
800,40,1.5,536,51.5,84950.0,1.25,-26815.0,158.5,16.0,32.8,51.1
800,40,1.75,536,50.7,86890.0,1.25,-28450.0,162.1,11.9,33.6,54.5
800,40,2.0,536,50.4,83795.0,1.24,-28050.0,156.3,8.0,34.0,58.0
800,40,2.25,536,50.0,80978.0,1.23,-26359.0,151.1,6.3,34.3,59.3
800,40,2.5,536,49.8,76922.0,1.22,-26740.0,143.5,4.5,34.3,61.2
800,40,2.75,536,49.8,80879.0,1.23,-25541.0,150.9,3.7,34.3,61.9
800,40,3.0,536,49.6,84855.0,1.24,-26590.0,158.3,3.5,34.5,61.9
800,40,3.25,536,49.6,85520.0,1.24,-25820.0,159.6,2.6,34.5,62.9
800,40,3.5,536,49.6,80318.0,1.23,-25755.0,149.8,1.1,34.5,64.4
800,40,3.75,536,49.6,82624.0,1.23,-25365.0,154.1,1.1,34.5,64.4
800,40,4.0,536,49.6,71900.0,1.2,-24975.0,134.1,0.7,34.5,64.7
800,50,1.0,379,55.4,53855.0,1.24,-23830.0,142.1,28.0,28.2,43.8
800,50,1.25,379,53.6,64072.0,1.28,-20874.0,169.1,19.5,30.1,50.4
800,50,1.5,379,52.8,77112.0,1.33,-21650.0,203.5,15.3,30.9,53.8
800,50,1.75,379,51.7,74972.0,1.31,-19199.0,197.8,11.1,31.9,57.0
800,50,2.0,379,51.2,71365.0,1.29,-19785.0,188.3,7.7,32.5,59.9
800,50,2.25,379,50.9,72694.0,1.3,-21185.0,191.8,6.3,32.7,60.9
800,50,2.5,379,50.9,72100.0,1.3,-20878.0,190.2,4.2,32.7,63.1
800,50,2.75,379,50.9,74562.0,1.31,-22275.0,196.7,3.4,32.7,63.9
800,50,3.0,379,50.7,77180.0,1.32,-22275.0,203.6,3.2,33.0,63.9
800,50,3.25,379,50.7,80755.0,1.33,-22275.0,213.1,2.6,33.0,64.4
800,50,3.5,379,50.7,75500.0,1.31,-22275.0,199.2,1.3,33.0,65.7
800,50,3.75,379,50.7,77598.0,1.32,-22275.0,204.7,1.3,33.0,65.7
800,50,4.0,379,50.7,66665.0,1.27,-22275.0,175.9,0.8,33.0,66.2
800,60,1.0,243,53.5,29960.0,1.21,-22010.0,123.3,24.7,27.6,47.7
800,60,1.25,243,52.7,41876.0,1.29,-21012.0,172.3,19.8,28.4,51.9
800,60,1.5,243,51.4,50545.0,1.34,-20808.0,208.0,15.6,29.6,54.7
800,60,1.75,243,50.6,53018.0,1.35,-19418.0,218.2,12.3,30.5,57.2
800,60,2.0,243,50.2,53130.0,1.35,-20120.0,218.6,8.2,30.9,60.9
800,60,2.25,243,49.8,54286.0,1.36,-21450.0,223.4,7.0,31.3,61.7
800,60,2.5,243,49.8,54338.0,1.36,-22155.0,223.6,4.5,31.3,64.2
800,60,2.75,243,49.8,58138.0,1.38,-22155.0,239.2,4.1,31.3,64.6
800,60,3.0,243,49.8,61765.0,1.41,-22155.0,254.2,4.1,31.3,64.6
800,60,3.25,243,49.8,64531.0,1.42,-22155.0,265.6,3.3,31.3,65.4
800,60,3.5,243,49.8,61112.0,1.4,-22155.0,251.5,1.6,31.3,67.1
800,60,3.75,243,49.8,63121.0,1.42,-22155.0,259.8,1.6,31.3,67.1
800,60,4.0,243,49.8,52100.0,1.34,-22155.0,214.4,0.8,31.3,67.9
800,70,1.0,154,56.5,30400.0,1.34,-19415.0,197.4,26.6,24.7,48.7
800,70,1.25,154,55.2,37072.0,1.4,-20671.0,240.7,20.8,26.0,53.2
800,70,1.5,154,53.9,39422.0,1.42,-25565.0,256.0,15.6,27.3,57.1
800,70,1.75,154,52.6,37275.0,1.39,-25565.0,242.0,11.7,28.6,59.7
800,70,2.0,154,51.9,35965.0,1.37,-25565.0,233.5,7.1,29.2,63.6
800,70,2.25,154,51.9,35525.0,1.37,-25565.0,230.7,5.2,29.2,65.6
800,70,2.5,154,51.9,33632.0,1.35,-25565.0,218.4,3.2,29.2,67.5
800,70,2.75,154,51.9,34886.0,1.36,-25565.0,226.5,3.2,29.2,67.5
800,70,3.0,154,51.9,36140.0,1.37,-25565.0,234.7,3.2,29.2,67.5
800,70,3.25,154,51.9,36532.0,1.38,-25565.0,237.2,1.9,29.2,68.8
800,70,3.5,154,51.9,36548.0,1.38,-25565.0,237.3,1.3,29.2,69.5
800,70,3.75,154,51.9,36919.0,1.38,-25565.0,239.7,1.3,29.2,69.5
800,70,4.0,154,51.9,37290.0,1.38,-25565.0,242.1,1.3,29.2,69.5
800,80,1.0,97,47.4,-6060.0,0.92,-27060.0,-62.5,19.6,27.8,52.6
800,80,1.25,97,47.4,51.0,1.0,-24749.0,0.5,13.4,27.8,58.8
800,80,1.5,97,47.4,318.0,1.0,-26268.0,3.3,8.2,27.8,63.9
800,80,1.75,97,47.4,-1195.0,0.98,-25746.0,-12.3,6.2,27.8,66.0
800,80,2.0,97,46.4,-1125.0,0.99,-25310.0,-11.6,4.1,28.9,67.0
800,80,2.25,97,46.4,762.0,1.01,-24874.0,7.9,4.1,28.9,67.0
800,80,2.5,97,46.4,-462.0,0.99,-24438.0,-4.8,3.1,28.9,68.0
800,80,2.75,97,46.4,391.0,1.01,-24050.0,4.0,3.1,28.9,68.0
800,80,3.0,97,46.4,1245.0,1.02,-24050.0,12.8,3.1,28.9,68.0
800,80,3.25,97,46.4,1482.0,1.02,-24050.0,15.3,2.1,28.9,69.1
800,80,3.5,97,46.4,1308.0,1.02,-24050.0,13.5,1.0,28.9,70.1
800,80,3.75,97,46.4,1489.0,1.02,-24050.0,15.3,1.0,28.9,70.1
800,80,4.0,97,46.4,1670.0,1.02,-24050.0,17.2,1.0,28.9,70.1
800,100,1.0,36,44.4,-1195.0,0.95,-9040.0,-33.2,22.2,25.0,52.8
800,100,1.25,36,44.4,1539.0,1.06,-8195.0,42.7,16.7,25.0,58.3
800,100,1.5,36,44.4,1555.0,1.06,-10125.0,43.2,11.1,25.0,63.9
800,100,1.75,36,44.4,945.0,1.04,-10125.0,26.2,8.3,25.0,66.7
800,100,2.0,36,41.7,565.0,1.02,-10125.0,15.7,5.6,27.8,66.7
800,100,2.25,36,41.7,1780.0,1.07,-10125.0,49.4,5.6,27.8,66.7
800,100,2.5,36,41.7,-118.0,1.0,-10125.0,-3.3,2.8,27.8,69.4
800,100,2.75,36,41.7,64.0,1.0,-10125.0,1.8,2.8,27.8,69.4
800,100,3.0,36,41.7,245.0,1.01,-10125.0,6.8,2.8,27.8,69.4
800,100,3.25,36,41.7,426.0,1.02,-10125.0,11.8,2.8,27.8,69.4
800,100,3.5,36,41.7,608.0,1.02,-10125.0,16.9,2.8,27.8,69.4
800,100,3.75,36,41.7,789.0,1.03,-10125.0,21.9,2.8,27.8,69.4
800,100,4.0,36,41.7,970.0,1.04,-10125.0,26.9,2.8,27.8,69.4
