giveback,scale_body,max_gb_atr,min_gap_atr,IS_PF,IS_gross,IS_td,OOS_PF,OOS_gross,OOS_td,FULL_PF,FULL_gross,FULL_td,robust_PF
0.0,True,0.25,0.0,1.100507989286044,27205.0,765,1.3499196642292683,106715.0,620,1.2326433826403427,133920.0,1385,1.100507989286044
0.1,True,0.25,0.0,1.0728819895679418,20470.0,765,1.3392307814915763,106415.0,620,1.2134099165769645,126885.0,1385,1.0728819895679418
0.1,True,0.25,0.1,1.0670086096354643,18290.0,765,1.3635711425520556,108955.0,620,1.2222115502156716,127245.0,1385,1.0670086096354643
0.1,True,0.25,0.2,1.0581014888385512,15005.0,765,1.358272832810632,103385.0,620,1.2165063457810614,118390.0,1385,1.0581014888385512
0.1,True,0.25,0.3,1.0045108598453987,1135.0,765,1.3793946639134924,104730.0,620,1.2006310882007354,105865.0,1385,1.0045108598453987
0.1,True,0.25,0.5,1.0023581232898044,530.0,765,1.3484195110044344,85645.0,620,1.1831309170890312,86175.0,1385,1.0023581232898044
0.1,True,0.5,0.0,1.0728819895679418,20470.0,765,1.3392307814915763,106415.0,620,1.2134099165769645,126885.0,1385,1.0728819895679418
0.1,True,0.5,0.1,1.0670086096354643,18290.0,765,1.3635711425520556,108955.0,620,1.2222115502156716,127245.0,1385,1.0670086096354643
0.1,True,0.5,0.2,1.0581014888385512,15005.0,765,1.358272832810632,103385.0,620,1.2165063457810614,118390.0,1385,1.0581014888385512
0.1,True,0.5,0.3,1.0045108598453987,1135.0,765,1.3793946639134924,104730.0,620,1.2006310882007354,105865.0,1385,1.0045108598453987
0.1,True,0.5,0.5,1.0023581232898044,530.0,765,1.3484195110044344,85645.0,620,1.1831309170890312,86175.0,1385,1.0023581232898044
0.1,True,0.75,0.0,1.0728819895679418,20470.0,765,1.3392307814915763,106415.0,620,1.2134099165769645,126885.0,1385,1.0728819895679418
0.1,True,0.75,0.1,1.0670086096354643,18290.0,765,1.3635711425520556,108955.0,620,1.2222115502156716,127245.0,1385,1.0670086096354643
0.1,True,0.75,0.2,1.0581014888385512,15005.0,765,1.358272832810632,103385.0,620,1.2165063457810614,118390.0,1385,1.0581014888385512
0.1,True,0.75,0.3,1.0045108598453987,1135.0,765,1.3793946639134924,104730.0,620,1.2006310882007354,105865.0,1385,1.0045108598453987
0.1,True,0.75,0.5,1.0023581232898044,530.0,765,1.3484195110044344,85645.0,620,1.1831309170890312,86175.0,1385,1.0023581232898044
0.1,True,1.0,0.0,1.0728819895679418,20470.0,765,1.3392307814915763,106415.0,620,1.2134099165769645,126885.0,1385,1.0728819895679418
0.1,True,1.0,0.1,1.0670086096354643,18290.0,765,1.3635711425520556,108955.0,620,1.2222115502156716,127245.0,1385,1.0670086096354643
0.1,True,1.0,0.2,1.0581014888385512,15005.0,765,1.358272832810632,103385.0,620,1.2165063457810614,118390.0,1385,1.0581014888385512
0.1,True,1.0,0.3,1.0045108598453987,1135.0,765,1.3793946639134924,104730.0,620,1.2006310882007354,105865.0,1385,1.0045108598453987
0.1,True,1.0,0.5,1.0023581232898044,530.0,765,1.3484195110044344,85645.0,620,1.1831309170890312,86175.0,1385,1.0023581232898044
0.1,True,1.5,0.0,1.0728819895679418,20470.0,765,1.3392307814915763,106415.0,620,1.2134099165769645,126885.0,1385,1.0728819895679418
0.1,True,1.5,0.1,1.0670086096354643,18290.0,765,1.3635711425520556,108955.0,620,1.2222115502156716,127245.0,1385,1.0670086096354643
0.1,True,1.5,0.2,1.0581014888385512,15005.0,765,1.358272832810632,103385.0,620,1.2165063457810614,118390.0,1385,1.0581014888385512
0.1,True,1.5,0.3,1.0045108598453987,1135.0,765,1.3793946639134924,104730.0,620,1.2006310882007354,105865.0,1385,1.0045108598453987
0.1,True,1.5,0.5,1.0023581232898044,530.0,765,1.3484195110044344,85645.0,620,1.1831309170890312,86175.0,1385,1.0023581232898044
0.1,False,0.25,0.0,1.0659916773157705,20140.0,765,1.2966332218506131,99780.0,620,1.1869179272560069,119920.0,1385,1.0659916773157705
0.1,False,0.25,0.1,1.0671255269723823,19505.0,765,1.332558937258326,106645.0,620,1.2063786799289986,126150.0,1385,1.0671255269723823
0.1,False,0.25,0.2,1.0784549202366016,21885.0,765,1.3888888888888888,118335.0,620,1.2404156093546397,140220.0,1385,1.0784549202366016
0.1,False,0.25,0.3,1.0620234331411569,16675.0,765,1.3733534186961251,111530.0,620,1.2258820420208782,128205.0,1385,1.0620234331411569
0.1,False,0.25,0.5,1.0623094314575512,15020.0,765,1.3360735189948925,90145.0,620,1.2064953807789351,105165.0,1385,1.0623094314575512
0.1,False,0.5,0.0,1.0659916773157705,20140.0,765,1.2966332218506131,99780.0,620,1.1869179272560069,119920.0,1385,1.0659916773157705
0.1,False,0.5,0.1,1.0671255269723823,19505.0,765,1.332558937258326,106645.0,620,1.2063786799289986,126150.0,1385,1.0671255269723823
0.1,False,0.5,0.2,1.0784549202366016,21885.0,765,1.3888888888888888,118335.0,620,1.2404156093546397,140220.0,1385,1.0784549202366016
0.1,False,0.5,0.3,1.0620234331411569,16675.0,765,1.3733534186961251,111530.0,620,1.2258820420208782,128205.0,1385,1.0620234331411569
0.1,False,0.5,0.5,1.0623094314575512,15020.0,765,1.3360735189948925,90145.0,620,1.2064953807789351,105165.0,1385,1.0623094314575512
0.1,False,0.75,0.0,1.0659916773157705,20140.0,765,1.2966332218506131,99780.0,620,1.1869179272560069,119920.0,1385,1.0659916773157705
0.1,False,0.75,0.1,1.0671255269723823,19505.0,765,1.332558937258326,106645.0,620,1.2063786799289986,126150.0,1385,1.0671255269723823
0.1,False,0.75,0.2,1.0784549202366016,21885.0,765,1.3888888888888888,118335.0,620,1.2404156093546397,140220.0,1385,1.0784549202366016
0.1,False,0.75,0.3,1.0620234331411569,16675.0,765,1.3733534186961251,111530.0,620,1.2258820420208782,128205.0,1385,1.0620234331411569
0.1,False,0.75,0.5,1.0623094314575512,15020.0,765,1.3360735189948925,90145.0,620,1.2064953807789351,105165.0,1385,1.0623094314575512
0.1,False,1.0,0.0,1.0659916773157705,20140.0,765,1.2966332218506131,99780.0,620,1.1869179272560069,119920.0,1385,1.0659916773157705
0.1,False,1.0,0.1,1.0671255269723823,19505.0,765,1.332558937258326,106645.0,620,1.2063786799289986,126150.0,1385,1.0671255269723823
0.1,False,1.0,0.2,1.0784549202366016,21885.0,765,1.3888888888888888,118335.0,620,1.2404156093546397,140220.0,1385,1.0784549202366016
0.1,False,1.0,0.3,1.0620234331411569,16675.0,765,1.3733534186961251,111530.0,620,1.2258820420208782,128205.0,1385,1.0620234331411569
0.1,False,1.0,0.5,1.0623094314575512,15020.0,765,1.3360735189948925,90145.0,620,1.2064953807789351,105165.0,1385,1.0623094314575512
0.1,False,1.5,0.0,1.0659916773157705,20140.0,765,1.2966332218506131,99780.0,620,1.1869179272560069,119920.0,1385,1.0659916773157705
0.1,False,1.5,0.1,1.0671255269723823,19505.0,765,1.332558937258326,106645.0,620,1.2063786799289986,126150.0,1385,1.0671255269723823
0.1,False,1.5,0.2,1.0784549202366016,21885.0,765,1.3888888888888888,118335.0,620,1.2404156093546397,140220.0,1385,1.0784549202366016
0.1,False,1.5,0.3,1.0620234331411569,16675.0,765,1.3733534186961251,111530.0,620,1.2258820420208782,128205.0,1385,1.0620234331411569
0.1,False,1.5,0.5,1.0623094314575512,15020.0,765,1.3360735189948925,90145.0,620,1.2064953807789351,105165.0,1385,1.0623094314575512
0.15,True,0.25,0.0,1.0752915124044151,21760.0,765,1.3778227219161066,118625.0,620,1.2328186672858137,140385.0,1385,1.0752915124044151
0.15,True,0.25,0.1,1.081413238248656,22490.0,765,1.3635071554597138,111255.0,620,1.229682039481028,133745.0,1385,1.081413238248656
0.15,True,0.25,0.2,1.0872706422018348,22830.0,765,1.366015829353494,108445.0,620,1.2353083520797297,131275.0,1385,1.0872706422018348
0.15,True,0.25,0.3,1.0471210410600749,11895.0,765,1.3640390510108258,102730.0,620,1.2144006135084078,114625.0,1385,1.0471210410600749
0.15,True,0.25,0.5,1.02601130345779,5845.0,765,1.3361544407666541,84800.0,620,1.1900414067823262,90645.0,1385,1.02601130345779
0.15,True,0.5,0.0,1.0752915124044151,21760.0,765,1.3778227219161066,118625.0,620,1.2328186672858137,140385.0,1385,1.0752915124044151
0.15,True,0.5,0.1,1.081413238248656,22490.0,765,1.3635071554597138,111255.0,620,1.229682039481028,133745.0,1385,1.081413238248656
0.15,True,0.5,0.2,1.0872706422018348,22830.0,765,1.366015829353494,108445.0,620,1.2353083520797297,131275.0,1385,1.0872706422018348
0.15,True,0.5,0.3,1.0471210410600749,11895.0,765,1.3640390510108258,102730.0,620,1.2144006135084078,114625.0,1385,1.0471210410600749
0.15,True,0.5,0.5,1.02601130345779,5845.0,765,1.3361544407666541,84800.0,620,1.1900414067823262,90645.0,1385,1.02601130345779
0.15,True,0.75,0.0,1.0752915124044151,21760.0,765,1.3778227219161066,118625.0,620,1.2328186672858137,140385.0,1385,1.0752915124044151
0.15,True,0.75,0.1,1.081413238248656,22490.0,765,1.3635071554597138,111255.0,620,1.229682039481028,133745.0,1385,1.081413238248656
0.15,True,0.75,0.2,1.0872706422018348,22830.0,765,1.366015829353494,108445.0,620,1.2353083520797297,131275.0,1385,1.0872706422018348
0.15,True,0.75,0.3,1.0471210410600749,11895.0,765,1.3640390510108258,102730.0,620,1.2144006135084078,114625.0,1385,1.0471210410600749
0.15,True,0.75,0.5,1.02601130345779,5845.0,765,1.3361544407666541,84800.0,620,1.1900414067823262,90645.0,1385,1.02601130345779
0.15,True,1.0,0.0,1.0752915124044151,21760.0,765,1.3778227219161066,118625.0,620,1.2328186672858137,140385.0,1385,1.0752915124044151
0.15,True,1.0,0.1,1.081413238248656,22490.0,765,1.3635071554597138,111255.0,620,1.229682039481028,133745.0,1385,1.081413238248656
0.15,True,1.0,0.2,1.0872706422018348,22830.0,765,1.366015829353494,108445.0,620,1.2353083520797297,131275.0,1385,1.0872706422018348
0.15,True,1.0,0.3,1.0471210410600749,11895.0,765,1.3640390510108258,102730.0,620,1.2144006135084078,114625.0,1385,1.0471210410600749
0.15,True,1.0,0.5,1.02601130345779,5845.0,765,1.3361544407666541,84800.0,620,1.1900414067823262,90645.0,1385,1.02601130345779
0.15,True,1.5,0.0,1.0752915124044151,21760.0,765,1.3778227219161066,118625.0,620,1.2328186672858137,140385.0,1385,1.0752915124044151
0.15,True,1.5,0.1,1.081413238248656,22490.0,765,1.3635071554597138,111255.0,620,1.229682039481028,133745.0,1385,1.081413238248656
0.15,True,1.5,0.2,1.0872706422018348,22830.0,765,1.366015829353494,108445.0,620,1.2353083520797297,131275.0,1385,1.0872706422018348
0.15,True,1.5,0.3,1.0471210410600749,11895.0,765,1.3640390510108258,102730.0,620,1.2144006135084078,114625.0,1385,1.0471210410600749
0.15,True,1.5,0.5,1.02601130345779,5845.0,765,1.3361544407666541,84800.0,620,1.1900414067823262,90645.0,1385,1.02601130345779
0.15,False,0.25,0.0,1.039978226684408,13220.0,765,1.2359382092796127,85760.0,620,1.1425885776436437,98980.0,1385,1.039978226684408
0.15,False,0.25,0.1,1.0776599984059934,24360.0,765,1.2789990985489545,95945.0,620,1.1829552971949542,120305.0,1385,1.0776599984059934
0.15,False,0.25,0.2,1.0662952646239554,19635.0,765,1.2874079768205067,97210.0,620,1.1841804525500272,116845.0,1385,1.0662952646239554
0.15,False,0.25,0.3,1.063496197520575,18285.0,765,1.300779204779944,97660.0,620,1.1892485228348513,115945.0,1385,1.063496197520575
0.15,False,0.25,0.5,1.0441683259304642,11535.0,765,1.3312270902426253,94880.0,620,1.1943262540859372,106415.0,1385,1.0441683259304642
0.15,False,0.5,0.0,1.039978226684408,13220.0,765,1.2359382092796127,85760.0,620,1.1425885776436437,98980.0,1385,1.039978226684408
0.15,False,0.5,0.1,1.0776599984059934,24360.0,765,1.2789990985489545,95945.0,620,1.1829552971949542,120305.0,1385,1.0776599984059934
0.15,False,0.5,0.2,1.0662952646239554,19635.0,765,1.2874079768205067,97210.0,620,1.1841804525500272,116845.0,1385,1.0662952646239554
0.15,False,0.5,0.3,1.063496197520575,18285.0,765,1.300779204779944,97660.0,620,1.1892485228348513,115945.0,1385,1.063496197520575
0.15,False,0.5,0.5,1.0441683259304642,11535.0,765,1.3312270902426253,94880.0,620,1.1943262540859372,106415.0,1385,1.0441683259304642
0.15,False,0.75,0.0,1.039978226684408,13220.0,765,1.2359382092796127,85760.0,620,1.1425885776436437,98980.0,1385,1.039978226684408
0.15,False,0.75,0.1,1.0776599984059934,24360.0,765,1.2789990985489545,95945.0,620,1.1829552971949542,120305.0,1385,1.0776599984059934
0.15,False,0.75,0.2,1.0662952646239554,19635.0,765,1.2874079768205067,97210.0,620,1.1841804525500272,116845.0,1385,1.0662952646239554
0.15,False,0.75,0.3,1.063496197520575,18285.0,765,1.300779204779944,97660.0,620,1.1892485228348513,115945.0,1385,1.063496197520575
0.15,False,0.75,0.5,1.0441683259304642,11535.0,765,1.3312270902426253,94880.0,620,1.1943262540859372,106415.0,1385,1.0441683259304642
0.15,False,1.0,0.0,1.039978226684408,13220.0,765,1.2359382092796127,85760.0,620,1.1425885776436437,98980.0,1385,1.039978226684408
0.15,False,1.0,0.1,1.0776599984059934,24360.0,765,1.2789990985489545,95945.0,620,1.1829552971949542,120305.0,1385,1.0776599984059934
0.15,False,1.0,0.2,1.0662952646239554,19635.0,765,1.2874079768205067,97210.0,620,1.1841804525500272,116845.0,1385,1.0662952646239554
0.15,False,1.0,0.3,1.063496197520575,18285.0,765,1.300779204779944,97660.0,620,1.1892485228348513,115945.0,1385,1.063496197520575
0.15,False,1.0,0.5,1.0441683259304642,11535.0,765,1.3312270902426253,94880.0,620,1.1943262540859372,106415.0,1385,1.0441683259304642
0.15,False,1.5,0.0,1.039978226684408,13220.0,765,1.2359382092796127,85760.0,620,1.1425885776436437,98980.0,1385,1.039978226684408
0.15,False,1.5,0.1,1.0776599984059934,24360.0,765,1.2789990985489545,95945.0,620,1.1829552971949542,120305.0,1385,1.0776599984059934
0.15,False,1.5,0.2,1.0662952646239554,19635.0,765,1.2874079768205067,97210.0,620,1.1841804525500272,116845.0,1385,1.0662952646239554
0.15,False,1.5,0.3,1.063496197520575,18285.0,765,1.300779204779944,97660.0,620,1.1892485228348513,115945.0,1385,1.063496197520575
0.15,False,1.5,0.5,1.0441683259304642,11535.0,765,1.3312270902426253,94880.0,620,1.1943262540859372,106415.0,1385,1.0441683259304642
0.2,True,0.25,0.0,1.0442890442890442,13300.0,765,1.3430766609352975,110740.0,620,1.1990739626214721,124040.0,1385,1.0442890442890442
0.2,True,0.25,0.1,1.081498151422601,22815.0,765,1.3677692604998712,114185.0,620,1.2320362450776983,137000.0,1385,1.081498151422601
0.2,True,0.25,0.2,1.0833673355836642,22475.0,765,1.3691455011484306,110895.0,620,1.233982456140351,133370.0,1385,1.0833673355836642
0.2,True,0.25,0.3,1.0474545170609824,12155.0,765,1.343905077528032,100140.0,620,1.2051706024756772,112295.0,1385,1.0474545170609824
0.2,True,0.25,0.5,1.0324278103005986,7395.0,765,1.3474842460541974,89055.0,620,1.1991410814940227,96450.0,1385,1.0324278103005986
0.2,True,0.5,0.0,1.0458049509885363,13785.0,765,1.3490567495326236,112960.0,620,1.2029332415361091,126745.0,1385,1.0458049509885363
0.2,True,0.5,0.1,1.0846946244621785,23720.0,765,1.3888961017884385,119815.0,620,1.2440428118438167,143535.0,1385,1.0846946244621785
0.2,True,0.5,0.2,1.076741265972376,20780.0,765,1.3676651689132968,110465.0,620,1.229758591110411,131245.0,1385,1.076741265972376
0.2,True,0.5,0.3,1.0493795798729848,12635.0,765,1.3424455243230249,99715.0,620,1.2053705260848901,112350.0,1385,1.0493795798729848
0.2,True,0.5,0.5,1.0324278103005986,7395.0,765,1.3456727584460118,88710.0,620,1.198287512250477,96105.0,1385,1.0324278103005986
0.2,True,0.75,0.0,1.0458049509885363,13785.0,765,1.3490567495326236,112960.0,620,1.2029332415361091,126745.0,1385,1.0458049509885363
0.2,True,0.75,0.1,1.0846946244621785,23720.0,765,1.3888961017884385,119815.0,620,1.2440428118438167,143535.0,1385,1.0846946244621785
0.2,True,0.75,0.2,1.076741265972376,20780.0,765,1.3676651689132968,110465.0,620,1.229758591110411,131245.0,1385,1.076741265972376
0.2,True,0.75,0.3,1.0493795798729848,12635.0,765,1.3424455243230249,99715.0,620,1.2053705260848901,112350.0,1385,1.0493795798729848
0.2,True,0.75,0.5,1.0324278103005986,7395.0,765,1.3456727584460118,88710.0,620,1.198287512250477,96105.0,1385,1.0324278103005986
0.2,True,1.0,0.0,1.0458049509885363,13785.0,765,1.3490567495326236,112960.0,620,1.2029332415361091,126745.0,1385,1.0458049509885363
0.2,True,1.0,0.1,1.0846946244621785,23720.0,765,1.3888961017884385,119815.0,620,1.2440428118438167,143535.0,1385,1.0846946244621785
0.2,True,1.0,0.2,1.076741265972376,20780.0,765,1.3676651689132968,110465.0,620,1.229758591110411,131245.0,1385,1.076741265972376
0.2,True,1.0,0.3,1.0493795798729848,12635.0,765,1.3424455243230249,99715.0,620,1.2053705260848901,112350.0,1385,1.0493795798729848
0.2,True,1.0,0.5,1.0324278103005986,7395.0,765,1.3456727584460118,88710.0,620,1.198287512250477,96105.0,1385,1.0324278103005986
0.2,True,1.5,0.0,1.0458049509885363,13785.0,765,1.3490567495326236,112960.0,620,1.2029332415361091,126745.0,1385,1.0458049509885363
0.2,True,1.5,0.1,1.0846946244621785,23720.0,765,1.3888961017884385,119815.0,620,1.2440428118438167,143535.0,1385,1.0846946244621785
0.2,True,1.5,0.2,1.076741265972376,20780.0,765,1.3676651689132968,110465.0,620,1.229758591110411,131245.0,1385,1.076741265972376
0.2,True,1.5,0.3,1.0493795798729848,12635.0,765,1.3424455243230249,99715.0,620,1.2053705260848901,112350.0,1385,1.0493795798729848
0.2,True,1.5,0.5,1.0324278103005986,7395.0,765,1.3456727584460118,88710.0,620,1.198287512250477,96105.0,1385,1.0324278103005986
0.2,False,0.25,0.0,1.0293947543448714,10165.0,765,1.284671833207599,103770.0,620,1.1603961511117993,113935.0,1385,1.0293947543448714
0.2,False,0.25,0.1,1.054324353299741,17735.0,765,1.3188698867575688,110380.0,620,1.1904701728303289,128115.0,1385,1.054324353299741
0.2,False,0.25,0.2,1.069588128798655,21525.0,765,1.3022342685517545,103145.0,620,1.1916245897985691,124670.0,1385,1.069588128798655
0.2,False,0.25,0.3,1.0630993768999513,18785.0,765,1.290590586078935,96710.0,620,1.183177110593012,115495.0,1385,1.0630993768999513
0.2,False,0.25,0.5,1.0463424117309437,12515.0,765,1.3466565244450592,100260.0,620,1.201644986813285,112775.0,1385,1.0463424117309437
0.2,False,0.5,0.0,1.0286364742772869,10000.0,765,1.2957913296275858,109885.0,620,1.1663452199250728,119885.0,1385,1.0286364742772869
0.2,False,0.5,0.1,1.020603772480501,7040.0,765,1.2939095832872776,106360.0,620,1.1611791376774,113400.0,1385,1.020603772480501
0.2,False,0.5,0.2,1.0351986396661,11385.0,765,1.3403357638480535,115755.0,620,1.191599981916,127140.0,1385,1.0351986396661
0.2,False,0.5,0.3,1.0587153873686266,18045.0,765,1.310713641013298,103275.0,620,1.1896484344468587,121320.0,1385,1.0587153873686266
0.2,False,0.5,0.5,1.062773171214274,17450.0,765,1.2979715857764638,90710.0,620,1.185711096993527,108160.0,1385,1.062773171214274
0.2,False,0.75,0.0,1.0286364742772869,10000.0,765,1.2957913296275858,109885.0,620,1.1663452199250728,119885.0,1385,1.0286364742772869
0.2,False,0.75,0.1,1.020603772480501,7040.0,765,1.2939095832872776,106360.0,620,1.1611791376774,113400.0,1385,1.020603772480501
0.2,False,0.75,0.2,1.0351986396661,11385.0,765,1.3403357638480535,115755.0,620,1.191599981916,127140.0,1385,1.0351986396661
0.2,False,0.75,0.3,1.0587153873686266,18045.0,765,1.310713641013298,103275.0,620,1.1896484344468587,121320.0,1385,1.0587153873686266
0.2,False,0.75,0.5,1.062773171214274,17450.0,765,1.2979715857764638,90710.0,620,1.185711096993527,108160.0,1385,1.062773171214274
0.2,False,1.0,0.0,1.0286364742772869,10000.0,765,1.2957913296275858,109885.0,620,1.1663452199250728,119885.0,1385,1.0286364742772869
0.2,False,1.0,0.1,1.020603772480501,7040.0,765,1.2939095832872776,106360.0,620,1.1611791376774,113400.0,1385,1.020603772480501
0.2,False,1.0,0.2,1.0351986396661,11385.0,765,1.3403357638480535,115755.0,620,1.191599981916,127140.0,1385,1.0351986396661
0.2,False,1.0,0.3,1.0587153873686266,18045.0,765,1.310713641013298,103275.0,620,1.1896484344468587,121320.0,1385,1.0587153873686266
0.2,False,1.0,0.5,1.062773171214274,17450.0,765,1.2979715857764638,90710.0,620,1.185711096993527,108160.0,1385,1.062773171214274
0.2,False,1.5,0.0,1.0286364742772869,10000.0,765,1.2957913296275858,109885.0,620,1.1663452199250728,119885.0,1385,1.0286364742772869
0.2,False,1.5,0.1,1.020603772480501,7040.0,765,1.2939095832872776,106360.0,620,1.1611791376774,113400.0,1385,1.020603772480501
0.2,False,1.5,0.2,1.0351986396661,11385.0,765,1.3403357638480535,115755.0,620,1.191599981916,127140.0,1385,1.0351986396661
0.2,False,1.5,0.3,1.0587153873686266,18045.0,765,1.310713641013298,103275.0,620,1.1896484344468587,121320.0,1385,1.0587153873686266
0.2,False,1.5,0.5,1.062773171214274,17450.0,765,1.2979715857764638,90710.0,620,1.185711096993527,108160.0,1385,1.062773171214274
0.25,True,0.25,0.0,1.057345392324615,17595.0,765,1.3018644525044214,100705.0,620,1.18471819934888,118300.0,1385,1.057345392324615
0.25,True,0.25,0.1,1.0614352002465626,17940.0,765,1.3217982340435437,103685.0,620,1.1980153690859952,121625.0,1385,1.0614352002465626
0.25,True,0.25,0.2,1.0748571009819727,20430.0,765,1.3869964430473984,116960.0,620,1.2388788914099922,137390.0,1385,1.0748571009819727
0.25,True,0.25,0.3,1.0870899673892194,22700.0,765,1.3288847159814903,98080.0,620,1.216114659938805,120780.0,1385,1.0870899673892194
0.25,True,0.25,0.5,1.019795003203075,4635.0,765,1.3599341276760633,92890.0,620,1.1981309360556656,97525.0,1385,1.019795003203075
0.25,True,0.5,0.0,1.0517872175095513,15995.0,765,1.3025561626297062,101615.0,620,1.1824216902041988,117610.0,1385,1.0517872175095513
0.25,True,0.5,0.1,1.062269818910066,18345.0,765,1.33902729083973,109755.0,620,1.207167577708057,128100.0,1385,1.062269818910066
0.25,True,0.5,0.2,1.0643822147773205,17680.0,765,1.3753019472516639,114195.0,620,1.227808632111732,131875.0,1385,1.0643822147773205
0.25,True,0.5,0.3,1.0814783704325914,21340.0,765,1.3311691579848004,98700.0,620,1.2143781978587183,120040.0,1385,1.0814783704325914
0.25,True,0.5,0.5,1.0344462681409814,7975.0,765,1.3397948855063884,88960.0,620,1.1964931840064865,96935.0,1385,1.0344462681409814
0.25,True,0.75,0.0,1.0517872175095513,15995.0,765,1.3025561626297062,101615.0,620,1.1824216902041988,117610.0,1385,1.0517872175095513
0.25,True,0.75,0.1,1.062269818910066,18345.0,765,1.33902729083973,109755.0,620,1.207167577708057,128100.0,1385,1.062269818910066
0.25,True,0.75,0.2,1.0643822147773205,17680.0,765,1.3753019472516639,114195.0,620,1.227808632111732,131875.0,1385,1.0643822147773205
0.25,True,0.75,0.3,1.0814783704325914,21340.0,765,1.3311691579848004,98700.0,620,1.2143781978587183,120040.0,1385,1.0814783704325914
0.25,True,0.75,0.5,1.0344462681409814,7975.0,765,1.3397948855063884,88960.0,620,1.1964931840064865,96935.0,1385,1.0344462681409814
0.25,True,1.0,0.0,1.0517872175095513,15995.0,765,1.3025561626297062,101615.0,620,1.1824216902041988,117610.0,1385,1.0517872175095513
0.25,True,1.0,0.1,1.062269818910066,18345.0,765,1.33902729083973,109755.0,620,1.207167577708057,128100.0,1385,1.062269818910066
0.25,True,1.0,0.2,1.0643822147773205,17680.0,765,1.3753019472516639,114195.0,620,1.227808632111732,131875.0,1385,1.0643822147773205
0.25,True,1.0,0.3,1.0814783704325914,21340.0,765,1.3311691579848004,98700.0,620,1.2143781978587183,120040.0,1385,1.0814783704325914
0.25,True,1.0,0.5,1.0344462681409814,7975.0,765,1.3397948855063884,88960.0,620,1.1964931840064865,96935.0,1385,1.0344462681409814
0.25,True,1.5,0.0,1.0517872175095513,15995.0,765,1.3025561626297062,101615.0,620,1.1824216902041988,117610.0,1385,1.0517872175095513
0.25,True,1.5,0.1,1.062269818910066,18345.0,765,1.33902729083973,109755.0,620,1.207167577708057,128100.0,1385,1.062269818910066
0.25,True,1.5,0.2,1.0643822147773205,17680.0,765,1.3753019472516639,114195.0,620,1.227808632111732,131875.0,1385,1.0643822147773205
0.25,True,1.5,0.3,1.0814783704325914,21340.0,765,1.3311691579848004,98700.0,620,1.2143781978587183,120040.0,1385,1.0814783704325914
0.25,True,1.5,0.5,1.0344462681409814,7975.0,765,1.3397948855063884,88960.0,620,1.1964931840064865,96935.0,1385,1.0344462681409814
0.25,False,0.25,0.0,1.0473929520407719,16320.0,765,1.2827020695041,104980.0,620,1.1694844208467234,121300.0,1385,1.0473929520407719
0.25,False,0.25,0.1,1.0595263205472023,19755.0,765,1.29556338918304,105225.0,620,1.1816873459953334,124980.0,1385,1.0595263205472023
0.25,False,0.25,0.2,1.0409065262365995,13050.0,765,1.3597385776600022,120820.0,620,1.2044206909715593,133870.0,1385,1.0409065262365995
0.25,False,0.25,0.3,1.0483709314361764,14720.0,765,1.3536265836441541,114720.0,620,1.2058769732394927,129440.0,1385,1.0483709314361764
0.25,False,0.25,0.5,1.0509832751332475,13870.0,765,1.3576681676721665,102860.0,620,1.208582379586695,116730.0,1385,1.0509832751332475
0.25,False,0.5,0.0,1.0249380969225328,9165.0,765,1.2831774363511,108835.0,620,1.1569472431152699,118000.0,1385,1.0249380969225328
0.25,False,0.5,0.1,1.01418902955932,5105.0,765,1.2953042328042328,111625.0,620,1.1582168246846982,116730.0,1385,1.01418902955932
0.25,False,0.5,0.2,0.9981015458840659,-665.0,765,1.282298720080012,104435.0,620,1.1440789747719478,103770.0,1385,0.9981015458840659
0.25,False,0.5,0.3,1.038452152161313,12605.0,765,1.301801994606857,105765.0,620,1.174521382076063,118370.0,1385,1.038452152161313
0.25,False,0.5,0.5,1.0635197835875836,18550.0,765,1.2714226193231795,87945.0,620,1.1728674620566513,106495.0,1385,1.0635197835875836
0.25,False,0.75,0.0,1.0249380969225328,9165.0,765,1.2831774363511,108835.0,620,1.1569472431152699,118000.0,1385,1.0249380969225328
0.25,False,0.75,0.1,1.01418902955932,5105.0,765,1.2953042328042328,111625.0,620,1.1582168246846982,116730.0,1385,1.01418902955932
0.25,False,0.75,0.2,0.9981015458840659,-665.0,765,1.282298720080012,104435.0,620,1.1440789747719478,103770.0,1385,0.9981015458840659
0.25,False,0.75,0.3,1.038452152161313,12605.0,765,1.301801994606857,105765.0,620,1.174521382076063,118370.0,1385,1.038452152161313
0.25,False,0.75,0.5,1.0635197835875836,18550.0,765,1.2714226193231795,87945.0,620,1.1728674620566513,106495.0,1385,1.0635197835875836
0.25,False,1.0,0.0,1.0249380969225328,9165.0,765,1.2831774363511,108835.0,620,1.1569472431152699,118000.0,1385,1.0249380969225328
0.25,False,1.0,0.1,1.01418902955932,5105.0,765,1.2953042328042328,111625.0,620,1.1582168246846982,116730.0,1385,1.01418902955932
0.25,False,1.0,0.2,0.9981015458840659,-665.0,765,1.282298720080012,104435.0,620,1.1440789747719478,103770.0,1385,0.9981015458840659
0.25,False,1.0,0.3,1.038452152161313,12605.0,765,1.301801994606857,105765.0,620,1.174521382076063,118370.0,1385,1.038452152161313
0.25,False,1.0,0.5,1.0635197835875836,18550.0,765,1.2714226193231795,87945.0,620,1.1728674620566513,106495.0,1385,1.0635197835875836
0.25,False,1.5,0.0,1.0249380969225328,9165.0,765,1.2831774363511,108835.0,620,1.1569472431152699,118000.0,1385,1.0249380969225328
0.25,False,1.5,0.1,1.01418902955932,5105.0,765,1.2953042328042328,111625.0,620,1.1582168246846982,116730.0,1385,1.01418902955932
0.25,False,1.5,0.2,0.9981015458840659,-665.0,765,1.282298720080012,104435.0,620,1.1440789747719478,103770.0,1385,0.9981015458840659
0.25,False,1.5,0.3,1.038452152161313,12605.0,765,1.301801994606857,105765.0,620,1.174521382076063,118370.0,1385,1.038452152161313
0.25,False,1.5,0.5,1.0635197835875836,18550.0,765,1.2714226193231795,87945.0,620,1.1728674620566513,106495.0,1385,1.0635197835875836
0.3,True,0.25,0.0,1.081078469269424,25170.0,765,1.2692660617271363,92435.0,620,1.179899804963861,117605.0,1385,1.081078469269424
0.3,True,0.25,0.1,1.0511364582466072,15355.0,765,1.3051235757309099,100555.0,620,1.1840337868948765,115910.0,1385,1.0511364582466072
0.3,True,0.25,0.2,1.0808440864047908,22680.0,765,1.356614534242855,111615.0,620,1.226266795838423,134295.0,1385,1.0808440864047908
0.3,True,0.25,0.3,1.0807113543091655,21535.0,765,1.3409113455242883,103095.0,620,1.2189468136501382,124630.0,1385,1.0807113543091655
0.3,True,0.25,0.5,1.0179614757313624,4350.0,765,1.3776679613890706,98205.0,620,1.2042053702099698,102555.0,1385,1.0179614757313624
0.3,True,0.5,0.0,1.0603094162640267,19160.0,765,1.2814759231734945,97530.0,620,1.1756876797301976,116690.0,1385,1.0603094162640267
0.3,True,0.5,0.1,1.0377766138536075,11540.0,765,1.2984672217836235,100185.0,620,1.1742585530574208,111725.0,1385,1.0377766138536075
0.3,True,0.5,0.2,1.0634119852155481,18100.0,765,1.3317583002159152,106020.0,620,1.2051553292947992,124120.0,1385,1.0634119852155481
0.3,True,0.5,0.3,1.0605222171323867,16515.0,765,1.3579050758294628,107495.0,620,1.2163392763685845,124010.0,1385,1.0605222171323867
0.3,True,0.5,0.5,1.0431469424498085,10305.0,765,1.3783067269363545,99175.0,620,1.2185273159144894,109480.0,1385,1.0431469424498085
0.3,True,0.75,0.0,1.0603094162640267,19160.0,765,1.2843266214712132,98350.0,620,1.1770795660036166,117510.0,1385,1.0603094162640267
0.3,True,0.75,0.1,1.0426107485982228,12995.0,765,1.2984672217836235,100185.0,620,1.176668461760597,113180.0,1385,1.0426107485982228
0.3,True,0.75,0.2,1.0630966770017691,18010.0,765,1.3382096994214214,107850.0,620,1.208267143235372,125860.0,1385,1.0630966770017691
0.3,True,0.75,0.3,1.0605222171323867,16515.0,765,1.3579050758294628,107495.0,620,1.2163392763685845,124010.0,1385,1.0605222171323867
0.3,True,0.75,0.5,1.0431469424498085,10305.0,765,1.3783067269363545,99175.0,620,1.2185273159144894,109480.0,1385,1.0431469424498085
0.3,True,1.0,0.0,1.0603094162640267,19160.0,765,1.2843266214712132,98350.0,620,1.1770795660036166,117510.0,1385,1.0603094162640267
0.3,True,1.0,0.1,1.0426107485982228,12995.0,765,1.2984672217836235,100185.0,620,1.176668461760597,113180.0,1385,1.0426107485982228
0.3,True,1.0,0.2,1.0630966770017691,18010.0,765,1.3382096994214214,107850.0,620,1.208267143235372,125860.0,1385,1.0630966770017691
0.3,True,1.0,0.3,1.0605222171323867,16515.0,765,1.3579050758294628,107495.0,620,1.2163392763685845,124010.0,1385,1.0605222171323867
0.3,True,1.0,0.5,1.0431469424498085,10305.0,765,1.3783067269363545,99175.0,620,1.2185273159144894,109480.0,1385,1.0431469424498085
0.3,True,1.5,0.0,1.0603094162640267,19160.0,765,1.2843266214712132,98350.0,620,1.1770795660036166,117510.0,1385,1.0603094162640267
0.3,True,1.5,0.1,1.0426107485982228,12995.0,765,1.2984672217836235,100185.0,620,1.176668461760597,113180.0,1385,1.0426107485982228
0.3,True,1.5,0.2,1.0630966770017691,18010.0,765,1.3382096994214214,107850.0,620,1.208267143235372,125860.0,1385,1.0630966770017691
0.3,True,1.5,0.3,1.0605222171323867,16515.0,765,1.3579050758294628,107495.0,620,1.2163392763685845,124010.0,1385,1.0605222171323867
0.3,True,1.5,0.5,1.0431469424498085,10305.0,765,1.3783067269363545,99175.0,620,1.2185273159144894,109480.0,1385,1.0431469424498085
0.3,False,0.25,0.0,1.0561942173825134,19455.0,765,1.2718534014776368,102660.0,620,1.1687044098143236,122115.0,1385,1.0561942173825134
0.3,False,0.25,0.1,1.0700226702899094,23320.0,765,1.289845820785745,104430.0,620,1.1842556935369881,127750.0,1385,1.0700226702899094
0.3,False,0.25,0.2,1.0500475085281702,16065.0,765,1.34888221065748,118995.0,620,1.203996556255381,135060.0,1385,1.0500475085281702
0.3,False,0.25,0.3,1.0538824412777696,16505.0,765,1.367571329157968,118845.0,620,1.2149641064735404,135350.0,1385,1.0538824412777696
0.3,False,0.25,0.5,1.0640909844979816,17385.0,765,1.354599765177153,102685.0,620,1.2140914885839864,120070.0,1385,1.0640909844979816
0.3,False,0.5,0.0,1.0264147433597746,9940.0,765,1.30761632440863,118340.0,620,1.1685665665797202,128280.0,1385,1.0264147433597746
0.3,False,0.5,0.1,1.0484324620978254,17650.0,765,1.3270868595685232,121745.0,620,1.1892321163126922,139395.0,1385,1.0484324620978254
0.3,False,0.5,0.2,1.0205024141067804,7325.0,765,1.3109405248440524,115645.0,620,1.16863801863699,122970.0,1385,1.0205024141067804
0.3,False,0.5,0.3,1.0261289240773952,8960.0,765,1.3222280062467464,114515.0,620,1.1768222826865244,123475.0,1385,1.0261289240773952
0.3,False,0.5,0.5,1.0788516714485887,23635.0,765,1.2780241812989854,91520.0,620,1.1830995993131082,115155.0,1385,1.0788516714485887
0.3,False,0.75,0.0,1.004597880299252,1770.0,765,1.2586343984495354,104090.0,620,1.1344390541261336,105860.0,1385,1.004597880299252
0.3,False,0.75,0.1,1.0325716280443598,12130.0,765,1.304335229667088,115550.0,620,1.1697669161935407,127680.0,1385,1.0325716280443598
0.3,False,0.75,0.2,1.0307489231624287,11065.0,765,1.341820956117764,125450.0,620,1.187816001816043,136515.0,1385,1.0307489231624287
0.3,False,0.75,0.3,1.0219460033586427,7645.0,765,1.3104562527618207,112410.0,620,1.1689880143855524,120055.0,1385,1.0219460033586427
0.3,False,0.75,0.5,1.046944327492956,14495.0,765,1.2904968585910706,95710.0,620,1.1726701554274255,110205.0,1385,1.046944327492956
0.3,False,1.0,0.0,1.004597880299252,1770.0,765,1.2586343984495354,104090.0,620,1.1344390541261336,105860.0,1385,1.004597880299252
0.3,False,1.0,0.1,1.0325716280443598,12130.0,765,1.304335229667088,115550.0,620,1.1697669161935407,127680.0,1385,1.0325716280443598
0.3,False,1.0,0.2,1.0307489231624287,11065.0,765,1.341820956117764,125450.0,620,1.187816001816043,136515.0,1385,1.0307489231624287
0.3,False,1.0,0.3,1.0219460033586427,7645.0,765,1.3104562527618207,112410.0,620,1.1689880143855524,120055.0,1385,1.0219460033586427
0.3,False,1.0,0.5,1.046944327492956,14495.0,765,1.2904968585910706,95710.0,620,1.1726701554274255,110205.0,1385,1.046944327492956
0.3,False,1.5,0.0,1.004597880299252,1770.0,765,1.2586343984495354,104090.0,620,1.1344390541261336,105860.0,1385,1.004597880299252
0.3,False,1.5,0.1,1.0325716280443598,12130.0,765,1.304335229667088,115550.0,620,1.1697669161935407,127680.0,1385,1.0325716280443598
0.3,False,1.5,0.2,1.0307489231624287,11065.0,765,1.341820956117764,125450.0,620,1.187816001816043,136515.0,1385,1.0307489231624287
0.3,False,1.5,0.3,1.0219460033586427,7645.0,765,1.3104562527618207,112410.0,620,1.1689880143855524,120055.0,1385,1.0219460033586427
0.3,False,1.5,0.5,1.046944327492956,14495.0,765,1.2904968585910706,95710.0,620,1.1726701554274255,110205.0,1385,1.046944327492956
0.35,True,0.25,0.0,1.0635864449325385,20265.0,765,1.2693704254345837,94215.0,620,1.1712593124495108,114480.0,1385,1.0635864449325385
0.35,True,0.25,0.1,1.0717631815010464,21600.0,765,1.271006813020439,91290.0,620,1.1769865719728148,112890.0,1385,1.0717631815010464
0.35,True,0.25,0.2,1.0727617457252692,20915.0,765,1.3371564664222368,107590.0,620,1.2118604248584217,128505.0,1385,1.0727617457252692
0.35,True,0.25,0.3,1.0550540856599913,15065.0,765,1.3264680105170903,100575.0,620,1.1987932131130632,115640.0,1385,1.0550540856599913
0.35,True,0.25,0.5,1.0403556493849215,9940.0,765,1.3432438012650862,91435.0,620,1.19772964433045,101375.0,1385,1.0403556493849215
0.35,True,0.5,0.0,1.069374904008601,22585.0,765,1.2929994516541765,104195.0,620,1.1861223051683514,126780.0,1385,1.069374904008601
0.35,True,0.5,0.1,1.0705773175735078,21675.0,765,1.2906611933734056,99130.0,620,1.186381449024932,120805.0,1385,1.0705773175735078
0.35,True,0.5,0.2,1.031577200696922,9515.0,765,1.2941540038591413,97565.0,620,1.1691613810317454,107080.0,1385,1.031577200696922
0.35,True,0.5,0.3,1.04355986129482,12185.0,765,1.304406865299291,96395.0,620,1.1820605471206165,108580.0,1385,1.04355986129482
0.35,True,0.5,0.5,1.0629950191883726,15430.0,765,1.3264326268324296,89405.0,620,1.202062352430974,104835.0,1385,1.0629950191883726
0.35,True,0.75,0.0,1.066336361134049,21690.0,765,1.2943590896951125,104705.0,620,1.1851466656901162,126395.0,1385,1.066336361134049
0.35,True,0.75,0.1,1.064436443482894,19955.0,765,1.2950579478688957,100690.0,620,1.185339662641718,120645.0,1385,1.064436443482894
0.35,True,0.75,0.2,1.0324975859887457,9760.0,765,1.297332328560663,98640.0,620,1.1714972788254652,108400.0,1385,1.0324975859887457
0.35,True,0.75,0.3,1.0430057555499945,12030.0,765,1.314172667563504,99255.0,620,1.186827945706827,111285.0,1385,1.0430057555499945
0.35,True,0.75,0.5,1.0629950191883726,15430.0,765,1.3264326268324296,89405.0,620,1.202062352430974,104835.0,1385,1.0629950191883726
0.35,True,1.0,0.0,1.066336361134049,21690.0,765,1.2943590896951125,104705.0,620,1.1851466656901162,126395.0,1385,1.066336361134049
0.35,True,1.0,0.1,1.064436443482894,19955.0,765,1.2950579478688957,100690.0,620,1.185339662641718,120645.0,1385,1.064436443482894
0.35,True,1.0,0.2,1.0324975859887457,9760.0,765,1.297332328560663,98640.0,620,1.1714972788254652,108400.0,1385,1.0324975859887457
0.35,True,1.0,0.3,1.0430057555499945,12030.0,765,1.314172667563504,99255.0,620,1.186827945706827,111285.0,1385,1.0430057555499945
0.35,True,1.0,0.5,1.0629950191883726,15430.0,765,1.3264326268324296,89405.0,620,1.202062352430974,104835.0,1385,1.0629950191883726
0.35,True,1.5,0.0,1.066336361134049,21690.0,765,1.2943590896951125,104705.0,620,1.1851466656901162,126395.0,1385,1.066336361134049
0.35,True,1.5,0.1,1.064436443482894,19955.0,765,1.2950579478688957,100690.0,620,1.185339662641718,120645.0,1385,1.064436443482894
0.35,True,1.5,0.2,1.0324975859887457,9760.0,765,1.297332328560663,98640.0,620,1.1714972788254652,108400.0,1385,1.0324975859887457
0.35,True,1.5,0.3,1.0430057555499945,12030.0,765,1.314172667563504,99255.0,620,1.186827945706827,111285.0,1385,1.0430057555499945
0.35,True,1.5,0.5,1.0629950191883726,15430.0,765,1.3264326268324296,89405.0,620,1.202062352430974,104835.0,1385,1.0629950191883726
0.35,False,0.25,0.0,1.0521740377856519,18185.0,765,1.2895649495855706,108125.0,620,1.1749567144539095,126310.0,1385,1.0521740377856519
0.35,False,0.25,0.1,1.0699428093595544,23420.0,765,1.3030544043981191,108595.0,620,1.190448368389163,132015.0,1385,1.0699428093595544
0.35,False,0.25,0.2,1.0588189223057645,18775.0,765,1.340638843553276,116880.0,620,1.2048179127913998,135655.0,1385,1.0588189223057645
0.35,False,0.25,0.3,1.051606716187442,15875.0,765,1.362523020257827,118110.0,620,1.2115279871806004,133985.0,1385,1.051606716187442
0.35,False,0.25,0.5,1.0623286284757365,16935.0,765,1.354599765177153,102685.0,620,1.2131181129016453,119620.0,1385,1.0623286284757365
0.35,False,0.5,0.0,0.998735304365781,-490.0,765,1.244401264250489,99365.0,620,1.1245261394692763,98875.0,1385,0.998735304365781
0.35,False,0.5,0.1,1.0214775486246366,8050.0,765,1.2647660183504996,103595.0,620,1.145735432330827,111645.0,1385,1.0214775486246366
0.35,False,0.5,0.2,1.0057143642082995,2080.0,765,1.3205161046770302,118865.0,620,1.1645846091038987,120945.0,1385,1.0057143642082995
0.35,False,0.5,0.3,1.0328820394642086,11415.0,765,1.2974520627142208,108045.0,620,1.1681623345087524,119460.0,1385,1.0328820394642086
0.35,False,0.5,0.5,1.0655751206575632,19905.0,765,1.2793254911399259,92845.0,620,1.1772979942918695,112750.0,1385,1.0655751206575632
0.35,False,0.75,0.0,1.0214526238791288,8505.0,765,1.2979706156945605,121280.0,620,1.1615296057749152,129785.0,1385,1.0214526238791288
0.35,False,0.75,0.1,0.9974623775376225,-1005.0,765,1.2734935304990758,110970.0,620,1.1371493782661295,109965.0,1385,0.9974623775376225
0.35,False,0.75,0.2,0.998116140591242,-715.0,765,1.3247991902728935,125150.0,620,1.1626909675690162,124435.0,1385,0.998116140591242
0.35,False,0.75,0.3,1.016205431669811,5970.0,765,1.265580070058033,101595.0,620,1.1432414256893073,107565.0,1385,1.016205431669811
0.35,False,0.75,0.5,1.010062893081761,3320.0,765,1.271204675641883,93270.0,620,1.1433436968990924,96590.0,1385,1.010062893081761
0.35,False,1.0,0.0,1.0214526238791288,8505.0,765,1.2979706156945605,121280.0,620,1.1615296057749152,129785.0,1385,1.0214526238791288
0.35,False,1.0,0.1,0.9974623775376225,-1005.0,765,1.2734935304990758,110970.0,620,1.1371493782661295,109965.0,1385,0.9974623775376225
0.35,False,1.0,0.2,0.998116140591242,-715.0,765,1.3247991902728935,125150.0,620,1.1626909675690162,124435.0,1385,0.998116140591242
0.35,False,1.0,0.3,1.016205431669811,5970.0,765,1.265580070058033,101595.0,620,1.1432414256893073,107565.0,1385,1.016205431669811
0.35,False,1.0,0.5,1.010062893081761,3320.0,765,1.271204675641883,93270.0,620,1.1433436968990924,96590.0,1385,1.010062893081761
0.35,False,1.5,0.0,1.0214526238791288,8505.0,765,1.2979706156945605,121280.0,620,1.1615296057749152,129785.0,1385,1.0214526238791288
0.35,False,1.5,0.1,0.9974623775376225,-1005.0,765,1.2734935304990758,110970.0,620,1.1371493782661295,109965.0,1385,0.9974623775376225
0.35,False,1.5,0.2,0.998116140591242,-715.0,765,1.3247991902728935,125150.0,620,1.1626909675690162,124435.0,1385,0.998116140591242
0.35,False,1.5,0.3,1.016205431669811,5970.0,765,1.265580070058033,101595.0,620,1.1432414256893073,107565.0,1385,1.016205431669811
0.35,False,1.5,0.5,1.010062893081761,3320.0,765,1.271204675641883,93270.0,620,1.1433436968990924,96590.0,1385,1.010062893081761
0.4,True,0.25,0.0,1.0516079514928236,16810.0,765,1.2842794138568787,99910.0,620,1.1723631262229113,116720.0,1385,1.0516079514928236
0.4,True,0.25,0.1,1.078079059131003,23900.0,765,1.2576767854009476,88110.0,620,1.1728442688722918,112010.0,1385,1.078079059131003
0.4,True,0.25,0.2,1.0934555155210643,26975.0,765,1.3306657585561041,106810.0,620,1.218726242734875,133785.0,1385,1.0934555155210643
0.4,True,0.25,0.3,1.0619947062318815,17215.0,765,1.377353547922329,115240.0,620,1.227166316511598,132455.0,1385,1.0619947062318815
0.4,True,0.25,0.5,1.0181810987793538,4595.0,765,1.321121556864323,87785.0,620,1.1755923247260527,92380.0,1385,1.0181810987793538
0.4,True,0.5,0.0,1.0646211835657746,21430.0,765,1.290857504889403,105590.0,620,1.1828533588615933,127020.0,1385,1.0646211835657746
0.4,True,0.5,0.1,1.0898212180120463,28185.0,765,1.284480793343212,99830.0,620,1.192587745031668,128015.0,1385,1.0898212180120463
0.4,True,0.5,0.2,1.054595566998399,16540.0,765,1.2982850173283158,100270.0,620,1.1827697892381592,116810.0,1385,1.054595566998399
0.4,True,0.5,0.3,1.0612975547020282,17635.0,765,1.3214140910083274,103055.0,620,1.1983972383183332,120690.0,1385,1.0612975547020282
0.4,True,0.5,0.5,1.0602266187764173,15175.0,765,1.2639900790575105,76635.0,620,1.1693099251281673,91810.0,1385,1.0602266187764173
0.4,True,0.75,0.0,1.0741238062189769,24565.0,765,1.2954373720581973,107520.0,620,1.189957430897115,132085.0,1385,1.0741238062189769
0.4,True,0.75,0.1,1.0812739214667109,25800.0,765,1.2759861199631755,97430.0,620,1.18379644130237,123230.0,1385,1.0812739214667109
0.4,True,0.75,0.2,1.068446053680574,20605.0,765,1.2915295749295483,98795.0,620,1.186584365355315,119400.0,1385,1.068446053680574
0.4,True,0.75,0.3,1.0570546079230942,16440.0,765,1.3272551435835842,104900.0,620,1.1993461367855558,121340.0,1385,1.0570546079230942
0.4,True,0.75,0.5,1.0602266187764173,15175.0,765,1.261437908496732,76000.0,620,1.1680134152746169,91175.0,1385,1.0602266187764173
0.4,True,1.0,0.0,1.0771031566228666,25525.0,765,1.3001961618129192,109420.0,620,1.1940133276782954,134945.0,1385,1.0771031566228666
0.4,True,1.0,0.1,1.0797263290342876,25345.0,765,1.2759861199631755,97430.0,620,1.1829936281998734,122775.0,1385,1.0797263290342876
0.4,True,1.0,0.2,1.0668336124977198,20150.0,765,1.2915295749295483,98795.0,620,1.185741278615822,118945.0,1385,1.0668336124977198
0.4,True,1.0,0.3,1.0570546079230942,16440.0,765,1.3272551435835842,104900.0,620,1.1993461367855558,121340.0,1385,1.0570546079230942
0.4,True,1.0,0.5,1.0602266187764173,15175.0,765,1.261437908496732,76000.0,620,1.1680134152746169,91175.0,1385,1.0602266187764173
0.4,True,1.5,0.0,1.0771031566228666,25525.0,765,1.3001961618129192,109420.0,620,1.1940133276782954,134945.0,1385,1.0771031566228666
0.4,True,1.5,0.1,1.0797263290342876,25345.0,765,1.2759861199631755,97430.0,620,1.1829936281998734,122775.0,1385,1.0797263290342876
0.4,True,1.5,0.2,1.0668336124977198,20150.0,765,1.2915295749295483,98795.0,620,1.185741278615822,118945.0,1385,1.0668336124977198
0.4,True,1.5,0.3,1.0570546079230942,16440.0,765,1.3272551435835842,104900.0,620,1.1993461367855558,121340.0,1385,1.0570546079230942
0.4,True,1.5,0.5,1.0602266187764173,15175.0,765,1.261437908496732,76000.0,620,1.1680134152746169,91175.0,1385,1.0602266187764173
0.4,False,0.25,0.0,1.0513746738912302,17920.0,765,1.2924480282897557,109165.0,620,1.1759960669722611,127085.0,1385,1.0513746738912302
0.4,False,0.25,0.1,1.0689275129201852,23140.0,765,1.3055136162836214,109270.0,620,1.1909644853073733,132410.0,1385,1.0689275129201852
0.4,False,0.25,0.2,1.060776589758019,19440.0,765,1.3354050796509012,115485.0,620,1.2031467610193096,134925.0,1385,1.060776589758019
0.4,False,0.25,0.3,1.0493674991891015,15220.0,765,1.360870098414937,117705.0,620,1.2095055715794285,132925.0,1385,1.0493674991891015
0.4,False,0.25,0.5,1.0623286284757365,16935.0,765,1.354599765177153,102685.0,620,1.2131181129016453,119620.0,1385,1.0623286284757365
0.4,False,0.5,0.0,0.9954891421746147,-1775.0,765,1.2851377369668247,115515.0,620,1.1424215673384548,113740.0,1385,0.9954891421746147
0.4,False,0.5,0.1,1.0069528691999634,2665.0,765,1.3010408531667286,117570.0,620,1.155374496019849,120235.0,1385,1.0069528691999634
0.4,False,0.5,0.2,1.0027791334526328,1025.0,765,1.3186689227298365,121475.0,620,1.1633300667319988,122500.0,1385,1.0027791334526328
0.4,False,0.5,0.3,1.018243949278432,6460.0,765,1.3091162392926603,112050.0,620,1.165383944458012,118510.0,1385,1.018243949278432
0.4,False,0.5,0.5,1.0634566117059712,19320.0,765,1.273189630671194,91315.0,620,1.173214970683325,110635.0,1385,1.0634566117059712
0.4,False,0.75,0.0,1.011962193561091,4860.0,765,1.2810168220682316,116185.0,620,1.1476653755832749,121045.0,1385,1.011962193561091
0.4,False,0.75,0.1,1.0053754683173155,2145.0,765,1.311685871743487,124425.0,620,1.158562328136451,126570.0,1385,1.0053754683173155
0.4,False,0.75,0.2,1.0239522532470946,9110.0,765,1.338932128103187,130860.0,620,1.1826247496526123,139970.0,1385,1.0239522532470946
0.4,False,0.75,0.3,1.032996915417501,12195.0,765,1.3006468236575421,113180.0,620,1.1680551180574639,125375.0,1385,1.032996915417501
0.4,False,0.75,0.5,1.0271399374849723,9030.0,765,1.307713777856125,104735.0,620,1.169020257471196,113765.0,1385,1.0271399374849723
0.4,False,1.0,0.0,1.007351343521402,3045.0,765,1.2631086585827964,111095.0,620,1.1364576483950026,114140.0,1385,1.007351343521402
0.4,False,1.0,0.1,1.0171162081015899,6955.0,765,1.2783761998974132,113970.0,620,1.1482378179589334,120925.0,1385,1.0171162081015899
0.4,False,1.0,0.2,1.022316136679895,8660.0,765,1.3222436597192253,126935.0,620,1.1734017929076563,135595.0,1385,1.022316136679895
0.4,False,1.0,0.3,1.0248186026768542,9355.0,765,1.255422545065961,100390.0,620,1.1425315272023586,109745.0,1385,1.0248186026768542
0.4,False,1.0,0.5,1.0081473506561527,2800.0,765,1.2929380741255905,101090.0,620,1.1508362854985772,103890.0,1385,1.0081473506561527
0.4,False,1.5,0.0,1.007351343521402,3045.0,765,1.2631086585827964,111095.0,620,1.1364576483950026,114140.0,1385,1.007351343521402
0.4,False,1.5,0.1,1.0171162081015899,6955.0,765,1.2783761998974132,113970.0,620,1.1482378179589334,120925.0,1385,1.0171162081015899
0.4,False,1.5,0.2,1.022316136679895,8660.0,765,1.3222436597192253,126935.0,620,1.1734017929076563,135595.0,1385,1.022316136679895
0.4,False,1.5,0.3,1.0248186026768542,9355.0,765,1.255422545065961,100390.0,620,1.1425315272023586,109745.0,1385,1.0248186026768542
0.4,False,1.5,0.5,1.0081473506561527,2800.0,765,1.2929380741255905,101090.0,620,1.1508362854985772,103890.0,1385,1.0081473506561527
0.45,True,0.25,0.0,1.0485530105609655,15930.0,765,1.2716234594731013,96865.0,620,1.1647339749675045,112795.0,1385,1.0485530105609655
0.45,True,0.25,0.1,1.068159626066495,21290.0,765,1.2638094685205075,90885.0,620,1.1707732943603328,112175.0,1385,1.068159626066495
0.45,True,0.25,0.2,1.0826685757141883,24250.0,765,1.3026754332808144,99895.0,620,1.1991481921139593,124145.0,1385,1.0826685757141883
0.45,True,0.25,0.3,1.0636291530801092,18050.0,765,1.3508168805924594,109190.0,620,1.213877496133934,127240.0,1385,1.0636291530801092
0.45,True,0.25,0.5,1.0325979909395313,8275.0,765,1.3238779695468321,89230.0,620,1.1841958610006518,97505.0,1385,1.0325979909395313
0.45,True,0.5,0.0,1.0534647020533758,18070.0,765,1.2971891376846116,109165.0,620,1.18039713315516,127235.0,1385,1.0534647020533758
0.45,True,0.5,0.1,1.0721758931593686,23455.0,765,1.2798398683237784,100310.0,620,1.1810952189340453,123765.0,1385,1.0721758931593686
0.45,True,0.5,0.2,1.071763098838911,22065.0,765,1.2794196357534464,96580.0,620,1.1816601976680983,118645.0,1385,1.071763098838911
0.45,True,0.5,0.3,1.0793640054127198,23460.0,765,1.2813102409638555,93395.0,620,1.1861934353091141,116855.0,1385,1.0793640054127198
0.45,True,0.5,0.5,1.0809437598551657,20790.0,765,1.284146738107058,82995.0,620,1.1890678228553733,103785.0,1385,1.0809437598551657
0.45,True,0.75,0.0,1.0706719016223425,23850.0,765,1.326716532412735,119245.0,620,1.2037069990248486,143095.0,1385,1.0706719016223425
0.45,True,0.75,0.1,1.0822285209228613,26980.0,765,1.2887212794189538,103355.0,620,1.1899691729158923,130335.0,1385,1.0822285209228613
0.45,True,0.75,0.2,1.0847869322813082,26005.0,765,1.265667826457431,93535.0,620,1.1814552547492734,119540.0,1385,1.0847869322813082
0.45,True,0.75,0.3,1.092660628121561,27365.0,765,1.2994519557951159,99445.0,620,1.20211502753361,126810.0,1385,1.092660628121561
0.45,True,0.75,0.5,1.0809437598551657,20790.0,765,1.2845032388179596,83230.0,620,1.1893372649665994,104020.0,1385,1.0809437598551657
0.45,True,1.0,0.0,1.073546786389414,24900.0,765,1.325890121859895,119675.0,620,1.2048428345742683,144575.0,1385,1.073546786389414
0.45,True,1.0,0.1,1.0821309655937847,27010.0,765,1.3088698341298848,109865.0,620,1.1999444902967578,136875.0,1385,1.0821309655937847
0.45,True,1.0,0.2,1.087534933891186,26780.0,765,1.2820826203862137,98090.0,620,1.1910291125491457,124870.0,1385,1.087534933891186
0.45,True,1.0,0.3,1.0972304867474796,28595.0,765,1.314993981686042,103370.0,620,1.2120737312377463,131965.0,1385,1.0972304867474796
0.45,True,1.0,0.5,1.0809437598551657,20790.0,765,1.2845032388179596,83230.0,620,1.1893372649665994,104020.0,1385,1.0809437598551657
0.45,True,1.5,0.0,1.073546786389414,24900.0,765,1.3294393798788144,120700.0,620,1.206542400771697,145600.0,1385,1.073546786389414
0.45,True,1.5,0.1,1.0848898503915414,27860.0,765,1.3088698341298848,109865.0,620,1.2013847256137682,137725.0,1385,1.0848898503915414
0.45,True,1.5,0.2,1.0907781922900714,27740.0,765,1.2914596027253216,101170.0,620,1.197504194148875,128910.0,1385,1.0907781922900714
0.45,True,1.5,0.3,1.0972304867474796,28595.0,765,1.314993981686042,103370.0,620,1.2120737312377463,131965.0,1385,1.0972304867474796
0.45,True,1.5,0.5,1.0809437598551657,20790.0,765,1.2845032388179596,83230.0,620,1.1893372649665994,104020.0,1385,1.0809437598551657
0.45,False,0.25,0.0,1.0425753151484938,14945.0,765,1.2905204908172268,108675.0,620,1.170488005020032,123620.0,1385,1.0425753151484938
0.45,False,0.25,0.1,1.0589250674967912,19970.0,765,1.298396868949956,107120.0,620,1.1821060625600024,127090.0,1385,1.0589250674967912
0.45,False,0.25,0.2,1.063512607400708,20365.0,765,1.3272320784653109,113435.0,620,1.2005110183651908,133800.0,1385,1.063512607400708
0.45,False,0.25,0.3,1.049399935128122,15230.0,765,1.360870098414937,117705.0,620,1.2095213327659307,132935.0,1385,1.049399935128122
0.45,False,0.25,0.5,1.0623286284757365,16935.0,765,1.354599765177153,102685.0,620,1.2131181129016453,119620.0,1385,1.0623286284757365
0.45,False,0.5,0.0,0.994538407329105,-2170.0,765,1.282807380582859,114800.0,620,1.1402178649237473,112630.0,1385,0.994538407329105
0.45,False,0.5,0.1,1.0081811806872192,3150.0,765,1.298389152265892,117070.0,620,1.154649652031851,120220.0,1385,1.0081811806872192
0.45,False,0.5,0.2,0.9934221984057874,-2455.0,765,1.3169195384273598,121255.0,620,1.1571782014474155,118800.0,1385,0.9934221984057874
0.45,False,0.5,0.3,1.0119916872612895,4270.0,765,1.281402418428697,104140.0,620,1.1492931949790335,108410.0,1385,1.0119916872612895
0.45,False,0.5,0.5,1.070241418952209,21385.0,765,1.2819820630492815,94010.0,620,1.1809152765583846,115395.0,1385,1.070241418952209
0.45,False,0.75,0.0,1.0149917928141527,6165.0,765,1.2393778141629144,102340.0,620,1.129365126676602,108505.0,1385,1.0149917928141527
0.45,False,0.75,0.1,0.9958864004150659,-1665.0,765,1.282840410673593,115430.0,620,1.1399555891814754,113765.0,1385,0.9958864004150659
0.45,False,0.75,0.2,1.0204004533434077,7830.0,765,1.3143294042688753,123335.0,620,1.1689856864942862,131165.0,1385,1.0204004533434077
0.45,False,0.75,0.3,1.0404295555855734,14965.0,765,1.3149055565251244,117285.0,620,1.178091691972071,132250.0,1385,1.0404295555855734
0.45,False,0.75,0.5,1.0282842763914402,9470.0,765,1.2947409790250506,101245.0,620,1.1632194244604317,110715.0,1385,1.0282842763914402
0.45,False,1.0,0.0,1.03577445128995,14865.0,765,1.2500983272794577,108100.0,620,1.1450486582129165,122965.0,1385,1.03577445128995
0.45,False,1.0,0.1,1.0247897730034512,10200.0,765,1.2485079634142036,105555.0,620,1.1384273183332039,115755.0,1385,1.0247897730034512
0.45,False,1.0,0.2,1.0619982216265673,24055.0,765,1.3072673289653358,122635.0,620,1.186365311074691,146690.0,1385,1.0619982216265673
0.45,False,1.0,0.3,1.046278038774565,17485.0,765,1.2834538472405954,110350.0,620,1.1666405954662182,127835.0,1385,1.046278038774565
0.45,False,1.0,0.5,1.0266766860792786,9230.0,765,1.260248070328926,92215.0,620,1.1448531406622593,101445.0,1385,1.0266766860792786
0.45,False,1.5,0.0,1.0385798759675016,16050.0,765,1.2439912933898498,106490.0,620,1.1437469940291154,122540.0,1385,1.0385798759675016
0.45,False,1.5,0.1,1.041710012606019,17040.0,765,1.257898221717745,109060.0,620,1.151669142365726,126100.0,1385,1.041710012606019
0.45,False,1.5,0.2,1.0589469375223866,23040.0,765,1.2886915349042602,117675.0,620,1.1762296878424496,140715.0,1385,1.0589469375223866
0.45,False,1.5,0.3,1.0535857913265911,20320.0,765,1.27089777370451,106410.0,620,1.1641559047162602,126730.0,1385,1.0535857913265911
0.45,False,1.5,0.5,1.0287370409355039,9965.0,765,1.2735543845273583,96815.0,620,1.1523948164640063,106780.0,1385,1.0287370409355039
0.5,True,0.25,0.0,1.0439586981462472,14560.0,765,1.2579920011032961,93535.0,620,1.1558081208469666,108095.0,1385,1.0439586981462472
0.5,True,0.25,0.1,1.062793529309445,19855.0,765,1.2616335921771642,90970.0,620,1.166931517785192,110825.0,1385,1.062793529309445
0.5,True,0.25,0.2,1.0681503247241098,20410.0,765,1.311959187973093,103650.0,620,1.1963782568778294,124060.0,1385,1.0681503247241098
0.5,True,0.25,0.3,1.0588020071085094,16875.0,765,1.3119085235182781,99700.0,620,1.1921697918813106,116575.0,1385,1.0588020071085094
0.5,True,0.25,0.5,1.0431216357434392,10935.0,765,1.3117198024247867,86775.0,620,1.1836792240018046,97710.0,1385,1.0431216357434392
0.5,True,0.5,0.0,1.0589396998156764,20145.0,765,1.239902271663981,92300.0,620,1.154769933794888,112445.0,1385,1.0589396998156764
0.5,True,0.5,0.1,1.0779993591601946,25560.0,765,1.290506467879851,106000.0,620,1.189957766306898,131560.0,1385,1.0779993591601946
0.5,True,0.5,0.2,1.054257949695242,17225.0,765,1.3254063599125765,112410.0,620,1.195554449321929,129635.0,1385,1.054257949695242
0.5,True,0.5,0.3,1.078273323785098,23500.0,765,1.275057928821817,92590.0,620,1.1822878228782288,116090.0,1385,1.078273323785098
0.5,True,0.5,0.5,1.0925009516558812,24300.0,765,1.272018510135305,81120.0,620,1.187942914701871,105420.0,1385,1.0925009516558812
0.5,True,0.75,0.0,1.059972307159753,20790.0,765,1.2602561123589704,100805.0,620,1.1656630199321516,121595.0,1385,1.059972307159753
0.5,True,0.75,0.1,1.0857500112987541,28460.0,765,1.317640268788391,115575.0,620,1.2070212001437297,144035.0,1385,1.0857500112987541
0.5,True,0.75,0.2,1.0879831052113436,27705.0,765,1.308594691972708,108775.0,620,1.2045027158643942,136480.0,1385,1.0879831052113436
0.5,True,0.75,0.3,1.1065987303708653,31905.0,765,1.2911758201253225,98745.0,620,1.2046442416885303,130650.0,1385,1.1065987303708653
0.5,True,0.75,0.5,1.0884198949504142,23315.0,765,1.2944714981380694,87380.0,620,1.1975215017308447,110695.0,1385,1.0884198949504142
0.5,True,1.0,0.0,1.0582268701984292,20350.0,765,1.2625500006430952,102065.0,620,1.1658200585175553,122415.0,1385,1.0582268701984292
0.5,True,1.0,0.1,1.085558370687975,28535.0,765,1.3266693267656406,118710.0,620,1.211282662036705,147245.0,1385,1.085558370687975
0.5,True,1.0,0.2,1.098696107357,31110.0,765,1.3482285118340624,120205.0,620,1.229126287098728,151315.0,1385,1.098696107357
0.5,True,1.0,0.3,1.1180081512168123,35180.0,765,1.3078288100208768,103215.0,620,1.2184902473102153,138395.0,1385,1.1180081512168123
0.5,True,1.0,0.5,1.0884198949504142,23315.0,765,1.2944714981380694,87380.0,620,1.1975215017308447,110695.0,1385,1.0884198949504142
0.5,True,1.5,0.0,1.0549066586802436,19250.0,765,1.2743842364532019,105830.0,620,1.1698775626617048,125080.0,1385,1.0549066586802436
0.5,True,1.5,0.1,1.0864414150957544,28820.0,765,1.330257895462695,119735.0,620,1.213454892916927,148555.0,1385,1.0864414150957544
0.5,True,1.5,0.2,1.101856410093535,32070.0,765,1.3535825319933483,122260.0,620,1.2336103416435826,154330.0,1385,1.101856410093535
0.5,True,1.5,0.3,1.1180081512168123,35180.0,765,1.3078288100208768,103215.0,620,1.2184902473102153,138395.0,1385,1.1180081512168123
0.5,True,1.5,0.5,1.0942479225432644,24725.0,765,1.3091184840584156,90700.0,620,1.2076904391323515,115425.0,1385,1.0942479225432644
0.5,False,0.25,0.0,1.0442228423304107,15610.0,765,1.2905418916216758,108975.0,620,1.1711191385325386,124585.0,1385,1.0442228423304107
0.5,False,0.25,0.1,1.0579451913590245,19675.0,765,1.2909886579235275,105060.0,620,1.1780427925034613,124735.0,1385,1.0579451913590245
0.5,False,0.25,0.2,1.0577561338751202,18620.0,765,1.3268110508709194,113325.0,620,1.1971829933497722,131945.0,1385,1.0577561338751202
0.5,False,0.25,0.3,1.049399935128122,15230.0,765,1.360870098414937,117705.0,620,1.2095213327659307,132935.0,1385,1.049399935128122
0.5,False,0.25,0.5,1.0623286284757365,16935.0,765,1.354599765177153,102685.0,620,1.2131181129016453,119620.0,1385,1.0623286284757365
0.5,False,0.5,0.0,0.9932242873603527,-2705.0,765,1.299349672349262,120370.0,620,1.146838049480548,117665.0,1385,0.9932242873603527
0.5,False,0.5,0.1,1.0114972326277722,4435.0,765,1.2982371161616806,116985.0,620,1.1560668380462724,121420.0,1385,1.0114972326277722
0.5,False,0.5,0.2,0.9939077226614054,-2285.0,765,1.3084277482211846,118555.0,620,1.153097636447429,116270.0,1385,0.9939077226614054
0.5,False,0.5,0.3,1.0158904109589042,5655.0,765,1.2778060882392384,103580.0,620,1.1498987958420528,109235.0,1385,1.0158904109589042
0.5,False,0.5,0.5,1.070241418952209,21385.0,765,1.2819820630492815,94010.0,620,1.1809152765583846,115395.0,1385,1.070241418952209
0.5,False,0.75,0.0,1.0224205432483038,9220.0,765,1.2329968673860077,100410.0,620,1.1301740720511055,109630.0,1385,1.0224205432483038
0.5,False,0.75,0.1,1.0169558652441892,6850.0,765,1.2530445414009685,105555.0,620,1.136890626332006,112405.0,1385,1.0169558652441892
0.5,False,0.75,0.2,1.0430447629088733,16535.0,765,1.2918809099801851,116370.0,620,1.1697761313192603,132905.0,1385,1.0430447629088733
0.5,False,0.75,0.3,1.0537608059356067,19745.0,765,1.2906089866030852,110305.0,620,1.174133683252102,130050.0,1385,1.0537608059356067
0.5,False,0.75,0.5,1.032079397631843,10715.0,765,1.316490542580588,106920.0,620,1.1750924692451383,117635.0,1385,1.032079397631843
0.5,False,1.0,0.0,1.0479686085119226,19865.0,765,1.2415242108155764,105470.0,620,1.1473125609713097,125335.0,1385,1.0479686085119226
0.5,False,1.0,0.1,1.0433450945800256,17690.0,765,1.2540704724455798,107905.0,620,1.1508059916549096,125595.0,1385,1.0433450945800256
0.5,False,1.0,0.2,1.0539176322129173,21150.0,765,1.2608753459925301,107915.0,620,1.1601441812564366,129065.0,1385,1.0539176322129173
0.5,False,1.0,0.3,1.054484050552756,20650.0,765,1.2505819046427231,100120.0,620,1.1551197081792026,120770.0,1385,1.054484050552756
0.5,False,1.0,0.5,1.0346747879051554,11955.0,765,1.2954338361850763,102130.0,620,1.1652280330789173,114085.0,1385,1.0346747879051554
0.5,False,1.5,0.0,1.0406218477422418,17115.0,765,1.266247163193728,116145.0,620,1.1553952807691634,133260.0,1385,1.0406218477422418
0.5,False,1.5,0.1,1.0500749371494875,20715.0,765,1.2834102202246125,119490.0,620,1.1678508790307616,140205.0,1385,1.0500749371494875
0.5,False,1.5,0.2,1.0518934081346423,20720.0,765,1.2939903203054697,120880.0,620,1.1747177493984824,141600.0,1385,1.0518934081346423
0.5,False,1.5,0.3,1.0562139009669673,21655.0,765,1.2393987400066315,97470.0,620,1.1503401188838547,119125.0,1385,1.0562139009669673
0.5,False,1.5,0.5,1.0263675885410029,9310.0,765,1.2561039897896897,92305.0,620,1.1424166614109221,101615.0,1385,1.0263675885410029
0.6,True,0.25,0.0,1.0587198183122162,19650.0,765,1.2520338542734868,92165.0,620,1.159661585692357,111815.0,1385,1.0587198183122162
0.6,True,0.25,0.1,1.0594858555854496,19125.0,765,1.2688402076558845,94250.0,620,1.1686914601575693,113375.0,1385,1.0594858555854496
0.6,True,0.25,0.2,1.051028766135902,15575.0,765,1.2964833826085664,99780.0,620,1.1797464804094957,115355.0,1385,1.051028766135902
0.6,True,0.25,0.3,1.0570347437220502,16580.0,765,1.3240019851732374,104455.0,620,1.1974179973576473,121035.0,1385,1.0570347437220502
0.6,True,0.25,0.5,1.0356818401469026,9230.0,765,1.3068883864190717,86185.0,620,1.176854923912439,95415.0,1385,1.0356818401469026
0.6,True,0.5,0.0,1.0480649541699671,16990.0,765,1.260496567119625,100355.0,620,1.1588480151612577,117345.0,1385,1.0480649541699671
0.6,True,0.5,0.1,1.0655611261087543,22100.0,765,1.284447623417636,105385.0,620,1.1801704400915798,127485.0,1385,1.0655611261087543
0.6,True,0.5,0.2,1.0614586052797272,20010.0,765,1.3225193545642742,113730.0,620,1.19719410511416,133740.0,1385,1.0614586052797272
0.6,True,0.5,0.3,1.0627756119383907,19645.0,765,1.336034254620062,113010.0,620,1.2043219431801555,132655.0,1385,1.0627756119383907
0.6,True,0.5,0.5,1.1297335861667575,34550.0,765,1.2757883484767505,85140.0,620,1.2081456619654627,119690.0,1385,1.1297335861667575
0.6,True,0.75,0.0,1.0238179156273723,8785.0,765,1.2337195167332358,94210.0,620,1.1334253105851566,102995.0,1385,1.0238179156273723
0.6,True,0.75,0.1,1.0425838537398626,15070.0,765,1.261743669050841,101550.0,620,1.15719841211002,116620.0,1385,1.0425838537398626
0.6,True,0.75,0.2,1.0567418336350984,18960.0,765,1.2912701640233157,107435.0,620,1.179795019879231,126395.0,1385,1.0567418336350984
0.6,True,0.75,0.3,1.0780259559602283,24680.0,765,1.3287538503810612,113665.0,620,1.208964579714523,138345.0,1385,1.0780259559602283
0.6,True,0.75,0.5,1.1257962079147246,33870.0,765,1.267102265536008,84415.0,620,1.2020981231365915,118285.0,1385,1.1257962079147246
0.6,True,1.0,0.0,1.0332781612907567,12365.0,765,1.2673884885753448,106315.0,620,1.1542961893989625,118680.0,1385,1.0332781612907567
0.6,True,1.0,0.1,1.0392557358701735,14030.0,765,1.2729956554809267,105880.0,620,1.1609001066763278,119910.0,1385,1.0392557358701735
0.6,True,1.0,0.2,1.0437501835158705,14900.0,765,1.3132373470560863,114435.0,620,1.1832200028332625,129335.0,1385,1.0437501835158705
0.6,True,1.0,0.3,1.076693584917449,24550.0,765,1.3498269694942857,120295.0,620,1.2181482736548817,144845.0,1385,1.076693584917449
0.6,True,1.0,0.5,1.1189472906039772,32180.0,765,1.2675864687826335,84560.0,620,1.199028215838377,116740.0,1385,1.1189472906039772
0.6,True,1.5,0.0,1.0345443077046959,12870.0,765,1.3022416243134947,118045.0,620,1.1715500635540472,130915.0,1385,1.0345443077046959
0.6,True,1.5,0.1,1.0429512957998213,15380.0,765,1.3065174854561452,116705.0,620,1.1787771123067032,132085.0,1385,1.0429512957998213
0.6,True,1.5,0.2,1.0388767323121808,13325.0,765,1.335543602371683,121955.0,620,1.1915591081909644,135280.0,1385,1.0388767323121808
0.6,True,1.5,0.3,1.077013218336927,24645.0,765,1.346772087625127,119515.0,620,1.2168928474708873,144160.0,1385,1.077013218336927
0.6,True,1.5,0.5,1.1235779901642386,33295.0,765,1.281045124564265,87880.0,620,1.208163335423413,121175.0,1385,1.1235779901642386
0.6,False,0.25,0.0,1.0476738568221218,16775.0,765,1.2828803519605634,106735.0,620,1.1693808841377702,123510.0,1385,1.0476738568221218
0.6,False,0.25,0.1,1.0558421895900398,18995.0,765,1.28998823773611,104780.0,620,1.1764483663112277,123775.0,1385,1.0558421895900398
0.6,False,0.25,0.2,1.0577561338751202,18620.0,765,1.3241155702860437,112460.0,620,1.1958273886444615,131080.0,1385,1.0577561338751202
0.6,False,0.25,0.3,1.049399935128122,15230.0,765,1.360870098414937,117705.0,620,1.2095213327659307,132935.0,1385,1.049399935128122
0.6,False,0.25,0.5,1.0623286284757365,16935.0,765,1.354599765177153,102685.0,620,1.2131181129016453,119620.0,1385,1.0623286284757365
0.6,False,0.5,0.0,0.9952507055561772,-1910.0,765,1.3041914080491965,122180.0,620,1.149623049936553,120270.0,1385,0.9952507055561772
0.6,False,0.5,0.1,0.9998211411196566,-70.0,765,1.2906608977278478,114875.0,620,1.1459527835339884,114805.0,1385,0.9998211411196566
0.6,False,0.5,0.2,0.9987118364961952,-485.0,765,1.2991301650489202,115720.0,620,1.1509576084678264,115235.0,1385,0.9987118364961952
0.6,False,0.5,0.3,1.0127225400537299,4570.0,765,1.2692302558695159,100855.0,620,1.1436679794497213,105425.0,1385,1.0127225400537299
0.6,False,0.5,0.5,1.070241418952209,21385.0,765,1.2819820630492815,94010.0,620,1.1809152765583846,115395.0,1385,1.070241418952209
0.6,False,0.75,0.0,1.0450984232690237,18420.0,765,1.2373154767431065,102245.0,620,1.1437720427032694,120665.0,1385,1.0450984232690237
0.6,False,0.75,0.1,1.0309417262096077,12515.0,765,1.2568015211489936,107370.0,620,1.1457435492204358,119885.0,1385,1.0309417262096077
0.6,False,0.75,0.2,1.050508867720455,19380.0,765,1.2919163369135105,116190.0,620,1.1734252673591568,135570.0,1385,1.050508867720455
0.6,False,0.75,0.3,1.059176253527241,21810.0,765,1.273038341941947,104930.0,620,1.168343594137063,126740.0,1385,1.059176253527241
0.6,False,0.75,0.5,1.042348209730184,14110.0,765,1.317557364914878,107255.0,620,1.180888007869556,121365.0,1385,1.042348209730184
0.6,False,1.0,0.0,1.044045110621588,18395.0,765,1.2610235810286747,112740.0,620,1.154357281164845,131135.0,1385,1.044045110621588
0.6,False,1.0,0.1,1.0419534578826615,17280.0,765,1.2714092815009594,114570.0,620,1.1580906818222694,131850.0,1385,1.0419534578826615
0.6,False,1.0,0.2,1.047707747281989,18825.0,765,1.2678865729520117,110530.0,620,1.160253471921109,129355.0,1385,1.047707747281989
0.6,False,1.0,0.3,1.0486644472987496,18565.0,765,1.240043030430428,97065.0,620,1.1471391032696872,115630.0,1385,1.0486644472987496
0.6,False,1.0,0.5,1.0416207756072111,14360.0,765,1.2940887340436298,101715.0,620,1.1680091476873864,116075.0,1385,1.0416207756072111
0.6,False,1.5,0.0,1.0341015442208703,14575.0,765,1.2781052825496246,120770.0,620,1.1570747162453867,135345.0,1385,1.0341015442208703
0.6,False,1.5,0.1,1.0451289655254883,18870.0,765,1.304407516176014,127495.0,620,1.174875890867599,146365.0,1385,1.0451289655254883
0.6,False,1.5,0.2,1.0278904417513683,11415.0,765,1.2832454283424826,118415.0,620,1.1569236533731393,129830.0,1385,1.0278904417513683
0.6,False,1.5,0.3,1.0391172498152443,15350.0,765,1.2303208413280549,94830.0,620,1.137015942497575,110180.0,1385,1.0391172498152443
0.6,False,1.5,0.5,1.0358723601568098,12765.0,765,1.2445313572114725,89095.0,620,1.1414339172029797,101860.0,1385,1.0358723601568098
0.7,True,0.25,0.0,1.0726145704814711,24425.0,765,1.2817424938620434,102705.0,620,1.1813810814666856,127130.0,1385,1.0726145704814711
0.7,True,0.25,0.1,1.06190869844769,20220.0,765,1.2720511149519735,96015.0,620,1.1710495335079614,116235.0,1385,1.06190869844769
0.7,True,0.25,0.2,1.048468638898855,14860.0,765,1.2816046566046566,96275.0,620,1.1713803259981186,111135.0,1385,1.048468638898855
0.7,True,0.25,0.3,1.0689227589770085,20010.0,765,1.309665296894334,101355.0,620,1.1965011414600975,121365.0,1385,1.0689227589770085
0.7,True,0.25,0.5,1.034238443567845,8940.0,765,1.383037503837056,106065.0,620,1.2137579807254444,115005.0,1385,1.034238443567845
0.7,True,0.5,0.0,1.0371614644288094,13495.0,765,1.2456598221710484,96010.0,620,1.1452378741859757,109505.0,1385,1.0371614644288094
0.7,True,0.5,0.1,1.0478406365346777,16655.0,765,1.2526815289973185,96115.0,620,1.1547943419147169,112770.0,1385,1.0478406365346777
0.7,True,0.5,0.2,1.0315812983919,10605.0,765,1.2807842065714872,102760.0,620,1.1615403797513448,113365.0,1385,1.0315812983919
0.7,True,0.5,0.3,1.0801352440238257,25360.0,765,1.3241955400595626,111580.0,620,1.2072838459675466,136940.0,1385,1.0801352440238257
0.7,True,0.5,0.5,1.127174254607294,34400.0,765,1.3179994477202215,97885.0,620,1.2287440991855578,132285.0,1385,1.127174254607294
0.7,True,0.75,0.0,1.0151338154803313,5765.0,765,1.2824855944543316,113490.0,620,1.1523655598001763,119255.0,1385,1.0151338154803313
0.7,True,0.75,0.1,1.0235592507697107,8685.0,765,1.3006597307064134,116895.0,620,1.165795310519645,125580.0,1385,1.0235592507697107
0.7,True,0.75,0.2,1.0502936964844092,17210.0,765,1.2517723129658003,96955.0,620,1.1569753052469476,114165.0,1385,1.0502936964844092
0.7,True,0.75,0.3,1.0726267252868458,23705.0,765,1.3158221332167488,111970.0,620,1.1992495557546297,135675.0,1385,1.0726267252868458
0.7,True,0.75,0.5,1.1211805680226923,33750.0,765,1.3562058526740666,109430.0,620,1.2444512736461109,143180.0,1385,1.1211805680226923
0.7,True,1.0,0.0,1.0155633494081544,6035.0,765,1.3175913208926073,126025.0,620,1.1683182829138972,132060.0,1385,1.0155633494081544
0.7,True,1.0,0.1,1.0329115284382473,12250.0,765,1.3311953049936378,127540.0,620,1.1845899907566355,139790.0,1385,1.0329115284382473
0.7,True,1.0,0.2,1.030759457933371,10895.0,765,1.2742892394928202,104485.0,620,1.156951831648824,115380.0,1385,1.030759457933371
0.7,True,1.0,0.3,1.0737732045611819,24520.0,765,1.3166864732610974,113255.0,620,1.1996753599663765,137775.0,1385,1.0737732045611819
0.7,True,1.0,0.5,1.1055799749333617,29905.0,765,1.3309965986937706,103640.0,620,1.2239335300825005,133545.0,1385,1.1055799749333617
0.7,True,1.5,0.0,1.0379222268557131,14550.0,765,1.3349439846588615,132745.0,620,1.1888397435897435,147295.0,1385,1.0379222268557131
0.7,True,1.5,0.1,1.045982281314473,17050.0,765,1.3454803658441254,132585.0,620,1.1983063089329613,149635.0,1385,1.045982281314473
0.7,True,1.5,0.2,1.0427950945324476,15075.0,765,1.3035827436899357,114985.0,620,1.1779157888977045,130060.0,1385,1.0427950945324476
0.7,True,1.5,0.3,1.0779860013547076,25905.0,765,1.344150890081944,121795.0,620,1.2152825857231353,147700.0,1385,1.0779860013547076
0.7,True,1.5,0.5,1.106129708218141,30135.0,765,1.3452605755418907,106960.0,620,1.2309007309596793,137095.0,1385,1.106129708218141
0.7,False,0.25,0.0,1.042017638080163,14865.0,765,1.284041538624563,107220.0,620,1.166951563055548,122085.0,1385,1.042017638080163
0.7,False,0.25,0.1,1.0572669070571785,19455.0,765,1.28998823773611,104780.0,620,1.1772127523001212,124235.0,1385,1.0572669070571785
0.7,False,0.25,0.2,1.0577561338751202,18620.0,765,1.3241155702860437,112460.0,620,1.1958273886444615,131080.0,1385,1.0577561338751202
0.7,False,0.25,0.3,1.049399935128122,15230.0,765,1.360870098414937,117705.0,620,1.2095213327659307,132935.0,1385,1.049399935128122
0.7,False,0.25,0.5,1.0623286284757365,16935.0,765,1.354599765177153,102685.0,620,1.2131181129016453,119620.0,1385,1.0623286284757365
0.7,False,0.5,0.0,0.9917113783533765,-3360.0,765,1.2983658146766939,120410.0,620,1.1446955274804065,117050.0,1385,0.9917113783533765
0.7,False,0.5,0.1,0.9965461400268212,-1365.0,765,1.3186158901991107,123615.0,620,1.1560933878968571,122250.0,1385,0.9965461400268212
0.7,False,0.5,0.2,1.0034166754952856,1290.0,765,1.3037529420893361,117440.0,620,1.1553671207422238,118730.0,1385,1.0034166754952856
0.7,False,0.5,0.3,1.0127225400537299,4570.0,765,1.2692302558695159,100855.0,620,1.1436679794497213,105425.0,1385,1.0127225400537299
0.7,False,0.5,0.5,1.070241418952209,21385.0,765,1.2819820630492815,94010.0,620,1.1809152765583846,115395.0,1385,1.070241418952209
0.7,False,0.75,0.0,1.0307647935393933,12800.0,765,1.2156867209289088,94735.0,620,1.1257300198179554,107535.0,1385,1.0307647935393933
0.7,False,0.75,0.1,1.0211390231725583,8680.0,765,1.2646705146705146,110050.0,620,1.143668737861728,118730.0,1385,1.0211390231725583
0.7,False,0.75,0.2,1.046923474663909,18150.0,765,1.28800309694177,115315.0,620,1.169545030138657,133465.0,1385,1.046923474663909
0.7,False,0.75,0.3,1.064781232595732,23845.0,765,1.2644998707676403,102335.0,620,1.1671291482612238,126180.0,1385,1.064781232595732
0.7,False,0.75,0.5,1.042348209730184,14110.0,765,1.317557364914878,107255.0,620,1.180888007869556,121365.0,1385,1.042348209730184
0.7,False,1.0,0.0,1.0267660790516624,11380.0,765,1.2522990023305742,109880.0,620,1.1408885997118556,121260.0,1385,1.0267660790516624
0.7,False,1.0,0.1,1.0379949645227742,15770.0,765,1.2739717916227515,115675.0,620,1.156992368053316,131445.0,1385,1.0379949645227742
0.7,False,1.0,0.2,1.044066816656402,17530.0,765,1.2689783536180037,111275.0,620,1.158724584103512,128805.0,1385,1.044066816656402
0.7,False,1.0,0.3,1.0550782891971417,20965.0,765,1.2380793762414104,96490.0,620,1.149448102554315,117455.0,1385,1.0550782891971417
0.7,False,1.0,0.5,1.041817048600542,14425.0,765,1.3112247139990332,106235.0,620,1.1758123269707126,120660.0,1385,1.041817048600542
0.7,False,1.5,0.0,1.0214280768964483,9285.0,765,1.276633645160549,120355.0,620,1.149289481563371,129640.0,1385,1.0214280768964483
0.7,False,1.5,0.1,1.043964303610203,18425.0,765,1.3052640376326754,127840.0,620,1.174566611964792,146265.0,1385,1.043964303610203
0.7,False,1.5,0.2,1.038948118305984,15855.0,765,1.2901388522506534,120985.0,620,1.1660538546482702,136840.0,1385,1.038948118305984
0.7,False,1.5,0.3,1.0531823265500264,20685.0,765,1.2295742511772416,94580.0,620,1.1439148484564723,115265.0,1385,1.0531823265500264
0.7,False,1.5,0.5,1.0381333258230772,13540.0,765,1.2399032019906484,87735.0,620,1.1405075057576515,101275.0,1385,1.0381333258230772
