green_base,green_decay,green_atr_mult,n_all,all_net,all_PF,all_mdd,all_worst,is_net,is_PF,is_mdd,oos_net,oos_PF,oos_mdd,oos_worst
82.5,1.0,1.0,1368,198330.0,1.266,-35990.0,-10870.0,50740.0,1.132,-35990.0,147590.0,1.409,-23125.0,-10870.0
82.5,1.0,1.25,1368,208510.0,1.279,-41370.0,-10870.0,46690.0,1.121,-41370.0,161820.0,1.447,-22280.0,-10870.0
82.5,1.0,1.5,1368,195005.0,1.261,-41250.0,-10870.0,47825.0,1.124,-41250.0,147180.0,1.407,-22315.0,-10870.0
82.5,1.0,1.75,1368,202145.0,1.271,-40985.0,-10870.0,44445.0,1.115,-40985.0,157700.0,1.436,-22990.0,-10870.0
82.5,1.5,1.0,1368,208825.0,1.281,-28155.0,-10870.0,56480.0,1.147,-28155.0,152345.0,1.426,-22890.0,-10870.0
82.5,1.5,1.25,1368,207295.0,1.278,-33425.0,-10870.0,52350.0,1.136,-33425.0,154945.0,1.427,-22695.0,-10870.0
82.5,1.5,1.5,1368,208360.0,1.279,-37700.0,-10870.0,52280.0,1.136,-37700.0,156080.0,1.43,-22280.0,-10870.0
82.5,1.5,1.75,1368,204815.0,1.274,-40250.0,-10870.0,46715.0,1.122,-40250.0,158100.0,1.436,-22155.0,-10870.0
82.5,2.0,1.0,1368,204340.0,1.275,-41700.0,-10870.0,45425.0,1.118,-41700.0,158915.0,1.444,-22850.0,-10870.0
82.5,2.0,1.25,1368,197655.0,1.266,-38140.0,-10870.0,43245.0,1.113,-38140.0,154410.0,1.43,-22235.0,-10870.0
82.5,2.0,1.5,1368,200145.0,1.268,-38325.0,-10870.0,47725.0,1.124,-38325.0,152420.0,1.42,-22020.0,-10870.0
82.5,2.0,1.75,1368,209530.0,1.281,-34660.0,-10870.0,50480.0,1.132,-34660.0,159050.0,1.439,-22280.0,-10870.0
82.5,2.5,1.0,1368,206705.0,1.28,-49645.0,-10870.0,44110.0,1.115,-49645.0,162595.0,1.458,-21700.0,-10870.0
82.5,2.5,1.25,1368,206865.0,1.279,-41430.0,-10870.0,44760.0,1.117,-41430.0,162105.0,1.453,-22950.0,-10870.0
82.5,2.5,1.5,1368,202775.0,1.273,-39745.0,-10870.0,45760.0,1.119,-39745.0,157015.0,1.438,-21895.0,-10870.0
82.5,2.5,1.75,1368,206115.0,1.276,-38880.0,-10870.0,45390.0,1.118,-38880.0,160725.0,1.443,-22020.0,-10870.0
100.0,1.0,1.0,1368,201800.0,1.27,-41900.0,-10870.0,44900.0,1.117,-41900.0,156900.0,1.434,-21565.0,-10870.0
100.0,1.0,1.25,1368,206980.0,1.277,-38380.0,-10870.0,48850.0,1.127,-38380.0,158130.0,1.437,-22990.0,-10870.0
100.0,1.0,1.5,1368,204740.0,1.274,-40340.0,-10870.0,47380.0,1.123,-40340.0,157360.0,1.435,-22265.0,-10870.0
100.0,1.0,1.75,1368,218920.0,1.293,-40750.0,-10870.0,46575.0,1.121,-40750.0,172345.0,1.475,-22620.0,-10870.0
100.0,1.5,1.0,1368,208245.0,1.279,-41020.0,-10870.0,45580.0,1.118,-41020.0,162665.0,1.45,-22020.0,-10870.0
100.0,1.5,1.25,1368,204340.0,1.274,-41620.0,-10870.0,47375.0,1.123,-41620.0,156965.0,1.434,-21465.0,-10870.0
100.0,1.5,1.5,1368,197460.0,1.264,-38485.0,-10870.0,48245.0,1.126,-38485.0,149215.0,1.411,-22990.0,-10870.0
100.0,1.5,1.75,1368,209515.0,1.281,-38490.0,-10870.0,46340.0,1.12,-38490.0,163175.0,1.451,-22265.0,-10870.0
100.0,2.0,1.0,1368,202085.0,1.271,-33860.0,-10870.0,52985.0,1.138,-33860.0,149100.0,1.413,-22695.0,-10870.0
100.0,2.0,1.25,1368,215415.0,1.289,-36725.0,-10870.0,51460.0,1.134,-36725.0,163955.0,1.454,-22290.0,-10870.0
100.0,2.0,1.5,1368,205480.0,1.275,-40165.0,-10870.0,46060.0,1.12,-40165.0,159420.0,1.441,-21465.0,-10870.0
100.0,2.0,1.75,1368,207960.0,1.279,-37395.0,-10870.0,52675.0,1.137,-37395.0,155285.0,1.428,-22990.0,-10870.0
100.0,2.5,1.0,1368,207695.0,1.28,-37970.0,-10870.0,47600.0,1.124,-37970.0,160095.0,1.446,-21465.0,-10870.0
100.0,2.5,1.25,1368,203985.0,1.273,-35990.0,-10870.0,48105.0,1.125,-35990.0,155880.0,1.431,-22020.0,-10870.0
100.0,2.5,1.5,1368,205045.0,1.275,-34020.0,-10870.0,50250.0,1.131,-34020.0,154795.0,1.428,-22290.0,-10870.0
100.0,2.5,1.75,1368,216875.0,1.291,-35995.0,-10870.0,50400.0,1.131,-35995.0,166475.0,1.461,-21465.0,-10870.0
120.0,1.0,1.0,1368,212630.0,1.285,-42200.0,-10870.0,43000.0,1.112,-42200.0,169630.0,1.467,-22650.0,-10870.0
120.0,1.0,1.25,1368,216310.0,1.29,-42170.0,-10870.0,46485.0,1.121,-42170.0,169825.0,1.468,-21950.0,-10870.0
120.0,1.0,1.5,1368,219630.0,1.294,-39970.0,-10870.0,48930.0,1.128,-39970.0,170700.0,1.47,-21710.0,-10870.0
120.0,1.0,1.75,1368,225810.0,1.302,-38285.0,-10870.0,49145.0,1.128,-38285.0,176665.0,1.487,-21710.0,-10870.0
120.0,1.5,1.0,1368,203790.0,1.273,-38335.0,-10870.0,47775.0,1.124,-38335.0,156015.0,1.431,-22990.0,-10870.0
120.0,1.5,1.25,1368,201715.0,1.27,-43140.0,-10870.0,47880.0,1.125,-43140.0,153835.0,1.424,-22165.0,-10870.0
120.0,1.5,1.5,1368,221570.0,1.297,-42180.0,-10870.0,45950.0,1.12,-42180.0,175620.0,1.484,-21950.0,-10870.0
120.0,1.5,1.75,1368,226755.0,1.304,-40670.0,-10870.0,47410.0,1.124,-40670.0,179345.0,1.494,-21950.0,-10870.0
120.0,2.0,1.0,1368,210190.0,1.282,-37995.0,-10870.0,48715.0,1.127,-37995.0,161475.0,1.446,-21465.0,-10870.0
120.0,2.0,1.25,1368,207565.0,1.278,-38485.0,-10870.0,49465.0,1.129,-38485.0,158100.0,1.436,-22990.0,-10870.0
120.0,2.0,1.5,1368,207090.0,1.277,-39615.0,-10870.0,46715.0,1.122,-39615.0,160375.0,1.442,-22135.0,-10870.0
120.0,2.0,1.75,1368,221165.0,1.296,-41540.0,-10870.0,48795.0,1.127,-41540.0,172370.0,1.475,-22650.0,-10870.0
120.0,2.5,1.0,1368,214895.0,1.288,-36445.0,-10870.0,52320.0,1.136,-36445.0,162575.0,1.45,-21600.0,-10870.0
120.0,2.5,1.25,1368,217090.0,1.291,-37425.0,-10870.0,49175.0,1.128,-37425.0,167915.0,1.464,-21465.0,-10870.0
120.0,2.5,1.5,1368,203065.0,1.272,-35755.0,-10870.0,50880.0,1.133,-35755.0,152185.0,1.419,-22990.0,-10870.0
120.0,2.5,1.75,1368,213880.0,1.286,-36510.0,-10870.0,51680.0,1.135,-36510.0,162200.0,1.447,-22135.0,-10870.0
140.0,1.0,1.0,1368,222205.0,1.298,-39355.0,-10870.0,47980.0,1.125,-39355.0,174225.0,1.48,-21710.0,-10870.0
140.0,1.0,1.25,1368,210460.0,1.282,-38615.0,-10870.0,47660.0,1.124,-38615.0,162800.0,1.449,-21450.0,-10870.0
140.0,1.0,1.5,1368,226300.0,1.303,-42550.0,-10870.0,47290.0,1.123,-42550.0,179010.0,1.493,-20870.0,-10870.0
140.0,1.0,1.75,1368,228105.0,1.306,-43505.0,-10870.0,47685.0,1.124,-43505.0,180420.0,1.497,-20870.0,-10870.0
140.0,1.5,1.0,1368,220760.0,1.296,-42170.0,-10870.0,48740.0,1.127,-42170.0,172020.0,1.474,-21710.0,-10870.0
140.0,1.5,1.25,1368,214860.0,1.288,-39970.0,-10870.0,47705.0,1.124,-39970.0,167155.0,1.461,-21710.0,-10870.0
140.0,1.5,1.5,1368,226650.0,1.304,-38285.0,-10870.0,49500.0,1.129,-38285.0,177150.0,1.488,-21710.0,-10870.0
140.0,1.5,1.75,1368,225590.0,1.302,-39850.0,-10870.0,48160.0,1.126,-39850.0,177430.0,1.489,-21450.0,-10870.0
140.0,2.0,1.0,1368,207605.0,1.278,-41760.0,-10870.0,46160.0,1.12,-41760.0,161445.0,1.445,-21465.0,-10870.0
140.0,2.0,1.25,1368,210075.0,1.281,-44070.0,-10870.0,44540.0,1.116,-44070.0,165535.0,1.456,-21950.0,-10870.0
140.0,2.0,1.5,1368,227575.0,1.305,-39970.0,-10870.0,52865.0,1.138,-39970.0,174710.0,1.481,-21710.0,-10870.0
140.0,2.0,1.75,1368,230855.0,1.309,-38285.0,-10870.0,50865.0,1.133,-38285.0,179990.0,1.496,-21710.0,-10870.0
140.0,2.5,1.0,1368,208060.0,1.279,-37160.0,-10870.0,50370.0,1.131,-37160.0,157690.0,1.434,-22860.0,-10870.0
140.0,2.5,1.25,1368,208920.0,1.28,-35770.0,-10870.0,52715.0,1.137,-35770.0,156205.0,1.43,-22165.0,-10870.0
140.0,2.5,1.5,1368,217305.0,1.291,-41940.0,-10870.0,45695.0,1.119,-41940.0,171610.0,1.473,-21950.0,-10870.0
140.0,2.5,1.75,1368,222455.0,1.298,-41740.0,-10870.0,47605.0,1.124,-41740.0,174850.0,1.482,-21950.0,-10870.0
160.0,1.0,1.0,1368,213410.0,1.286,-43670.0,-10870.0,47605.0,1.124,-43670.0,165805.0,1.457,-20870.0,-10870.0
160.0,1.0,1.25,1367,231035.0,1.31,-45195.0,-10870.0,45935.0,1.12,-45195.0,185100.0,1.51,-20540.0,-10870.0
160.0,1.0,1.5,1366,238970.0,1.322,-43190.0,-10870.0,48755.0,1.127,-43190.0,190215.0,1.529,-20540.0,-10870.0
160.0,1.0,1.75,1366,229710.0,1.309,-42215.0,-10870.0,50380.0,1.132,-42215.0,179330.0,1.498,-20540.0,-10870.0
160.0,1.5,1.0,1368,212990.0,1.285,-39480.0,-10870.0,48040.0,1.125,-39480.0,164950.0,1.454,-20870.0,-10870.0
160.0,1.5,1.25,1368,217915.0,1.292,-42550.0,-10870.0,47380.0,1.123,-42550.0,170535.0,1.47,-20870.0,-10870.0
160.0,1.5,1.5,1367,228610.0,1.307,-44660.0,-10870.0,45700.0,1.119,-44660.0,182910.0,1.504,-20870.0,-10870.0
160.0,1.5,1.75,1367,226110.0,1.303,-43635.0,-10870.0,48175.0,1.126,-43635.0,177935.0,1.49,-20540.0,-10870.0
160.0,2.0,1.0,1368,218305.0,1.292,-39355.0,-10870.0,49050.0,1.128,-39355.0,169255.0,1.466,-21710.0,-10870.0
160.0,2.0,1.25,1368,222200.0,1.298,-39355.0,-10870.0,48990.0,1.128,-39355.0,173210.0,1.477,-21450.0,-10870.0
160.0,2.0,1.5,1368,227830.0,1.305,-39850.0,-10870.0,48185.0,1.126,-39850.0,179645.0,1.495,-20870.0,-10870.0
160.0,2.0,1.75,1367,221915.0,1.298,-42735.0,-10870.0,47775.0,1.125,-42735.0,174140.0,1.48,-20870.0,-10870.0
160.0,2.5,1.0,1368,216325.0,1.29,-44425.0,-10870.0,44675.0,1.116,-44425.0,171650.0,1.473,-21710.0,-10870.0
160.0,2.5,1.25,1368,219375.0,1.294,-39970.0,-10870.0,50895.0,1.133,-39970.0,168480.0,1.464,-21710.0,-10870.0
160.0,2.5,1.5,1368,230355.0,1.309,-39355.0,-10870.0,50370.0,1.131,-39355.0,179985.0,1.496,-21450.0,-10870.0
160.0,2.5,1.75,1368,229860.0,1.308,-38380.0,-10870.0,48860.0,1.127,-38380.0,181000.0,1.499,-21450.0,-10870.0
180.0,1.0,1.0,1366,235155.0,1.317,-41310.0,-10870.0,51450.0,1.134,-41310.0,183705.0,1.511,-20540.0,-10870.0
180.0,1.0,1.25,1366,243640.0,1.328,-42015.0,-10870.0,50185.0,1.131,-42015.0,193455.0,1.538,-20540.0,-10870.0
180.0,1.0,1.5,1366,239255.0,1.322,-42255.0,-10870.0,50790.0,1.133,-42255.0,188465.0,1.524,-21860.0,-10870.0
180.0,1.0,1.75,1366,222465.0,1.3,-43025.0,-10870.0,51480.0,1.134,-43025.0,170985.0,1.475,-21860.0,-10870.0
180.0,1.5,1.0,1367,223580.0,1.3,-45195.0,-10870.0,46080.0,1.12,-45195.0,177500.0,1.489,-20540.0,-10870.0
180.0,1.5,1.25,1366,237145.0,1.319,-43190.0,-10870.0,48680.0,1.127,-43190.0,188465.0,1.524,-20540.0,-10870.0
180.0,1.5,1.5,1366,235685.0,1.317,-42215.0,-10870.0,48950.0,1.128,-42215.0,186735.0,1.519,-20540.0,-10870.0
180.0,1.5,1.75,1366,231725.0,1.312,-42015.0,-10870.0,51175.0,1.134,-42015.0,180550.0,1.502,-20540.0,-10870.0
180.0,2.0,1.0,1368,216790.0,1.29,-42800.0,-10870.0,47360.0,1.123,-42800.0,169430.0,1.467,-20870.0,-10870.0
180.0,2.0,1.25,1367,229580.0,1.308,-43650.0,-10870.0,46760.0,1.122,-43650.0,182820.0,1.504,-20540.0,-10870.0
180.0,2.0,1.5,1367,233430.0,1.313,-43395.0,-10870.0,48580.0,1.127,-43395.0,184850.0,1.509,-20540.0,-10870.0
180.0,2.0,1.75,1366,225720.0,1.304,-43190.0,-10870.0,48330.0,1.126,-43190.0,177390.0,1.493,-20540.0,-10870.0
180.0,2.5,1.0,1368,223920.0,1.3,-39355.0,-10870.0,48340.0,1.126,-39355.0,175580.0,1.484,-20870.0,-10870.0
180.0,2.5,1.25,1368,225110.0,1.302,-41500.0,-10870.0,46515.0,1.121,-41500.0,178595.0,1.492,-20870.0,-10870.0
180.0,2.5,1.5,1367,230420.0,1.309,-42735.0,-10870.0,47650.0,1.124,-42735.0,182770.0,1.504,-20870.0,-10870.0
180.0,2.5,1.75,1367,223825.0,1.3,-42890.0,-10870.0,47035.0,1.123,-42890.0,176790.0,1.487,-20540.0,-10870.0
200.0,1.0,1.0,1366,239390.0,1.322,-43025.0,-10870.0,51455.0,1.134,-43025.0,187935.0,1.522,-21860.0,-10870.0
200.0,1.0,1.25,1366,234205.0,1.315,-43025.0,-10870.0,52495.0,1.137,-43025.0,181710.0,1.505,-21860.0,-10870.0
200.0,1.0,1.5,1366,221875.0,1.299,-41825.0,-10870.0,54480.0,1.142,-41825.0,167395.0,1.465,-21860.0,-10870.0
200.0,1.0,1.75,1366,226615.0,1.305,-41560.0,-10870.0,54745.0,1.143,-41560.0,171870.0,1.478,-21860.0,-10870.0
200.0,1.5,1.0,1366,234260.0,1.315,-42015.0,-10870.0,50345.0,1.132,-42015.0,183915.0,1.511,-21860.0,-10870.0
200.0,1.5,1.25,1366,242885.0,1.327,-42255.0,-10870.0,51040.0,1.133,-42255.0,191845.0,1.533,-21860.0,-10870.0
200.0,1.5,1.5,1366,223210.0,1.301,-42225.0,-10870.0,51290.0,1.134,-42225.0,171920.0,1.478,-21860.0,-10870.0
200.0,1.5,1.75,1366,219875.0,1.296,-42105.0,-10870.0,52415.0,1.137,-42105.0,167460.0,1.465,-21860.0,-10870.0
200.0,2.0,1.0,1367,227170.0,1.305,-45325.0,-10870.0,46475.0,1.121,-45325.0,180695.0,1.498,-20540.0,-10870.0
200.0,2.0,1.25,1366,236780.0,1.319,-41310.0,-10870.0,50015.0,1.131,-41310.0,186765.0,1.519,-20540.0,-10870.0
200.0,2.0,1.5,1366,228535.0,1.308,-42015.0,-10870.0,50825.0,1.133,-42015.0,177710.0,1.494,-21860.0,-10870.0
200.0,2.0,1.75,1366,224660.0,1.303,-42015.0,-10870.0,52120.0,1.136,-42015.0,172540.0,1.479,-21860.0,-10870.0
200.0,2.5,1.0,1367,222005.0,1.298,-43900.0,-10870.0,46485.0,1.121,-43900.0,175520.0,1.484,-20540.0,-10870.0
200.0,2.5,1.25,1367,231255.0,1.31,-44570.0,-10870.0,45520.0,1.119,-44570.0,185735.0,1.512,-20540.0,-10870.0
200.0,2.5,1.5,1366,233050.0,1.314,-43170.0,-10870.0,47820.0,1.125,-43170.0,185230.0,1.515,-20540.0,-10870.0
200.0,2.5,1.75,1366,224600.0,1.302,-41310.0,-10870.0,49845.0,1.13,-41310.0,174755.0,1.486,-20540.0,-10870.0
225.0,1.0,1.0,1366,234750.0,1.316,-41560.0,-10870.0,53860.0,1.141,-41560.0,180890.0,1.503,-21860.0,-10870.0
225.0,1.0,1.25,1366,232680.0,1.313,-41270.0,-10870.0,52390.0,1.137,-41270.0,180290.0,1.501,-21860.0,-10870.0
225.0,1.0,1.5,1366,227170.0,1.306,-41270.0,-10870.0,52340.0,1.137,-41270.0,174830.0,1.486,-21860.0,-10870.0
225.0,1.0,1.75,1366,226240.0,1.305,-39585.0,-10870.0,53650.0,1.14,-39585.0,172590.0,1.48,-21860.0,-10870.0
225.0,1.5,1.0,1366,238130.0,1.321,-43025.0,-10870.0,52260.0,1.137,-43025.0,185870.0,1.517,-21860.0,-10870.0
225.0,1.5,1.25,1366,232565.0,1.313,-41825.0,-10870.0,54480.0,1.142,-41825.0,178085.0,1.495,-21860.0,-10870.0
225.0,1.5,1.5,1366,227710.0,1.307,-41560.0,-10870.0,54970.0,1.144,-41560.0,172740.0,1.48,-21860.0,-10870.0
225.0,1.5,1.75,1366,227500.0,1.306,-41270.0,-10870.0,54625.0,1.143,-41270.0,172875.0,1.48,-21860.0,-10870.0
225.0,2.0,1.0,1366,241655.0,1.325,-43025.0,-10870.0,50000.0,1.131,-43025.0,191655.0,1.533,-21860.0,-10870.0
225.0,2.0,1.25,1366,232820.0,1.313,-42225.0,-10870.0,51735.0,1.135,-42225.0,181085.0,1.503,-21860.0,-10870.0
225.0,2.0,1.5,1366,221005.0,1.298,-42105.0,-10870.0,52445.0,1.137,-42105.0,168560.0,1.468,-21860.0,-10870.0
225.0,2.0,1.75,1366,226900.0,1.306,-41560.0,-10870.0,54720.0,1.143,-41560.0,172180.0,1.478,-21860.0,-10870.0
225.0,2.5,1.0,1366,238535.0,1.321,-41310.0,-10870.0,50940.0,1.133,-41310.0,187595.0,1.521,-21860.0,-10870.0
225.0,2.5,1.25,1366,238440.0,1.321,-42015.0,-10870.0,51465.0,1.134,-42015.0,186975.0,1.52,-21860.0,-10870.0
225.0,2.5,1.5,1366,229960.0,1.31,-41455.0,-10870.0,52845.0,1.138,-41455.0,177115.0,1.492,-21860.0,-10870.0
225.0,2.5,1.75,1366,222830.0,1.3,-42225.0,-10870.0,51345.0,1.134,-42225.0,171485.0,1.477,-21860.0,-10870.0
250.0,1.0,1.0,1366,236005.0,1.318,-39795.0,-10870.0,53710.0,1.14,-39795.0,182295.0,1.507,-21860.0,-10870.0
250.0,1.0,1.25,1366,224765.0,1.303,-39585.0,-10870.0,54585.0,1.143,-39585.0,170180.0,1.473,-21860.0,-10870.0
250.0,1.0,1.5,1366,227165.0,1.306,-41050.0,-10870.0,53485.0,1.14,-41050.0,173680.0,1.483,-21860.0,-10870.0
250.0,1.0,1.75,1366,225465.0,1.304,-40280.0,-10870.0,54280.0,1.142,-40280.0,171185.0,1.476,-21860.0,-10870.0
250.0,1.5,1.0,1366,234260.0,1.315,-41270.0,-10870.0,52505.0,1.137,-41270.0,181755.0,1.505,-21860.0,-10870.0
250.0,1.5,1.25,1366,224775.0,1.303,-41270.0,-10870.0,52555.0,1.137,-41270.0,172220.0,1.479,-21860.0,-10870.0
250.0,1.5,1.5,1366,226320.0,1.305,-39585.0,-10870.0,53925.0,1.141,-39585.0,172395.0,1.479,-21860.0,-10870.0
250.0,1.5,1.75,1366,225305.0,1.303,-39195.0,-10870.0,55000.0,1.144,-39195.0,170305.0,1.473,-21860.0,-10870.0
250.0,2.0,1.0,1366,232495.0,1.313,-42480.0,-10870.0,52940.0,1.138,-42480.0,179555.0,1.499,-21860.0,-10870.0
250.0,2.0,1.25,1366,224705.0,1.303,-41560.0,-10870.0,53905.0,1.141,-41560.0,170800.0,1.475,-21860.0,-10870.0
250.0,2.0,1.5,1366,225900.0,1.304,-41270.0,-10870.0,53030.0,1.139,-41270.0,172870.0,1.48,-21860.0,-10870.0
250.0,2.0,1.75,1366,226750.0,1.305,-41060.0,-10870.0,52790.0,1.138,-41060.0,173960.0,1.483,-21860.0,-10870.0
250.0,2.5,1.0,1366,239470.0,1.322,-42225.0,-10870.0,52845.0,1.138,-42225.0,186625.0,1.519,-21860.0,-10870.0
250.0,2.5,1.25,1366,222150.0,1.299,-42745.0,-10870.0,52425.0,1.137,-42745.0,169725.0,1.472,-21860.0,-10870.0
250.0,2.5,1.5,1366,222160.0,1.299,-41560.0,-10870.0,54050.0,1.141,-41560.0,168110.0,1.467,-21860.0,-10870.0
250.0,2.5,1.75,1366,227040.0,1.306,-41270.0,-10870.0,54650.0,1.143,-41270.0,172390.0,1.479,-21860.0,-10870.0
