k,mode,drift,giveback,scale_body,max_gb,min_gap,IS_pf,OOS_pf,FULL_pf,FULL_net,FULL_dd,n,robust_pf
1.0,pure_ratchet,0.0,0.0,True,0.5,0.0,1.220130315500686,1.154164158137668,1.189736477115118,51300.0,-16290.0,709,1.154164158137668
1.0,pure_ratchet,0.0,0.3,True,0.5,0.0,1.2910243902439025,1.1785444947209653,1.2389383621442291,68420.0,-15535.0,709,1.1785444947209653
1.0,pure_ratchet,0.0,0.3,True,0.5,0.3,1.1925096125406685,1.0249056603773585,1.1139730441274707,29005.0,-18895.0,709,1.0249056603773585
1.0,pure_ratchet,0.0,0.3,True,1.0,0.0,1.2910243902439025,1.1785444947209653,1.2389383621442291,68420.0,-15535.0,709,1.1785444947209653
1.0,pure_ratchet,0.0,0.3,True,1.0,0.3,1.1925096125406685,1.0249056603773585,1.1139730441274707,29005.0,-18895.0,709,1.0249056603773585
1.0,pure_ratchet,0.0,0.3,False,0.5,0.0,1.3447671994440584,1.3511670416197976,1.347593250857613,111965.0,-18340.0,709,1.3447671994440584
1.0,pure_ratchet,0.0,0.3,False,0.5,0.3,1.2922080102057945,1.0791123793789659,1.1916164480680609,54055.0,-18475.0,709,1.0791123793789659
1.0,pure_ratchet,0.0,0.3,False,1.0,0.0,1.3447671994440584,1.3511670416197976,1.347593250857613,111965.0,-18340.0,709,1.3447671994440584
1.0,pure_ratchet,0.0,0.3,False,1.0,0.3,1.2922080102057945,1.0791123793789659,1.1916164480680609,54055.0,-18475.0,709,1.0791123793789659
1.0,pure_ratchet,0.0,0.5,True,0.5,0.0,1.3084785623831634,1.2576486166283365,1.2848991335833442,88125.0,-22135.0,709,1.2576486166283365
1.0,pure_ratchet,0.0,0.5,True,0.5,0.3,1.2353887399463808,1.0221947227655583,1.134669784633953,35705.0,-16625.0,709,1.0221947227655583
1.0,pure_ratchet,0.0,0.5,True,1.0,0.0,1.2777023837620958,1.2464693898691344,1.2633119620726412,82755.0,-21735.0,709,1.2464693898691344
1.0,pure_ratchet,0.0,0.5,True,1.0,0.3,1.230813103767868,1.0221947227655583,1.1324005724615849,35155.0,-16625.0,709,1.0221947227655583
1.0,pure_ratchet,0.0,0.5,False,0.5,0.0,1.356549154485526,1.2927955368880053,1.327966881324747,114080.0,-20480.0,709,1.2927955368880053
1.0,pure_ratchet,0.0,0.5,False,0.5,0.3,1.2754608080431948,1.1280984125814888,1.208077201610051,61775.0,-16745.0,709,1.1280984125814888
1.0,pure_ratchet,0.0,0.5,False,1.0,0.0,1.326764670149435,1.2898827460691589,1.3102099850010713,115820.0,-17275.0,709,1.2898827460691589
1.0,pure_ratchet,0.0,0.5,False,1.0,0.3,1.2028008440899998,1.1975653144511493,1.2004972528315787,65320.0,-17935.0,709,1.1975653144511493
1.0,pure_ratchet,0.0,0.7,True,0.5,0.0,1.3265968859636406,1.3766670242053702,1.3490185404591886,108995.0,-21705.0,709,1.3265968859636406
1.0,pure_ratchet,0.0,0.7,True,0.5,0.3,1.2689746539762228,1.0911175238170534,1.1856243052982587,50100.0,-16625.0,709,1.0911175238170534
1.0,pure_ratchet,0.0,0.7,True,1.0,0.0,1.3538931041240865,1.2499673799582462,1.3058924562698688,101515.0,-22375.0,709,1.2499673799582462
1.0,pure_ratchet,0.0,0.7,True,1.0,0.3,1.310044874007594,1.091330730877749,1.20686322775924,56725.0,-20550.0,709,1.091330730877749
1.0,pure_ratchet,0.0,0.7,False,0.5,0.0,1.3742728028256805,1.3386029531601422,1.358455111804923,123995.0,-20480.0,709,1.3386029531601422
1.0,pure_ratchet,0.0,0.7,False,0.5,0.3,1.2743612827119486,1.1230413562805035,1.2050147988699045,60955.0,-16970.0,709,1.1230413562805035
1.0,pure_ratchet,0.0,0.7,False,1.0,0.0,1.3348212143028557,1.3069532161992277,1.3224203838623316,121035.0,-17275.0,709,1.3069532161992277
1.0,pure_ratchet,0.0,0.7,False,1.0,0.3,1.1999126780549036,1.209893471152832,1.2042741477054495,66480.0,-17935.0,709,1.1999126780549036
1.0,drift_floor,0.0,0.0,True,0.5,0.0,1.220130315500686,1.154164158137668,1.189736477115118,51300.0,-16290.0,709,1.154164158137668
1.0,drift_floor,0.0,0.3,True,0.5,0.0,1.2910243902439025,1.1785444947209653,1.2389383621442291,68420.0,-15535.0,709,1.1785444947209653
1.0,drift_floor,0.0,0.3,True,0.5,0.3,1.1925096125406685,1.0249056603773585,1.1139730441274707,29005.0,-18895.0,709,1.0249056603773585
1.0,drift_floor,0.0,0.3,True,1.0,0.0,1.2910243902439025,1.1785444947209653,1.2389383621442291,68420.0,-15535.0,709,1.1785444947209653
1.0,drift_floor,0.0,0.3,True,1.0,0.3,1.1925096125406685,1.0249056603773585,1.1139730441274707,29005.0,-18895.0,709,1.0249056603773585
1.0,drift_floor,0.0,0.3,False,0.5,0.0,1.3447671994440584,1.3511670416197976,1.347593250857613,111965.0,-18340.0,709,1.3447671994440584
1.0,drift_floor,0.0,0.3,False,0.5,0.3,1.2922080102057945,1.0791123793789659,1.1916164480680609,54055.0,-18475.0,709,1.0791123793789659
1.0,drift_floor,0.0,0.3,False,1.0,0.0,1.3447671994440584,1.3511670416197976,1.347593250857613,111965.0,-18340.0,709,1.3447671994440584
1.0,drift_floor,0.0,0.3,False,1.0,0.3,1.2922080102057945,1.0791123793789659,1.1916164480680609,54055.0,-18475.0,709,1.0791123793789659
1.0,drift_floor,0.0,0.5,True,0.5,0.0,1.3084785623831634,1.2576486166283365,1.2848991335833442,88125.0,-22135.0,709,1.2576486166283365
1.0,drift_floor,0.0,0.5,True,0.5,0.3,1.2353887399463808,1.0221947227655583,1.134669784633953,35705.0,-16625.0,709,1.0221947227655583
1.0,drift_floor,0.0,0.5,True,1.0,0.0,1.2777023837620958,1.2464693898691344,1.2633119620726412,82755.0,-21735.0,709,1.2464693898691344
1.0,drift_floor,0.0,0.5,True,1.0,0.3,1.230813103767868,1.0221947227655583,1.1324005724615849,35155.0,-16625.0,709,1.0221947227655583
1.0,drift_floor,0.0,0.5,False,0.5,0.0,1.356549154485526,1.2927955368880053,1.327966881324747,114080.0,-20480.0,709,1.2927955368880053
1.0,drift_floor,0.0,0.5,False,0.5,0.3,1.2754608080431948,1.1280984125814888,1.208077201610051,61775.0,-16745.0,709,1.1280984125814888
1.0,drift_floor,0.0,0.5,False,1.0,0.0,1.326764670149435,1.2898827460691589,1.3102099850010713,115820.0,-17275.0,709,1.2898827460691589
1.0,drift_floor,0.0,0.5,False,1.0,0.3,1.2028008440899998,1.1975653144511493,1.2004972528315787,65320.0,-17935.0,709,1.1975653144511493
1.0,drift_floor,0.0,0.7,True,0.5,0.0,1.3265968859636406,1.3766670242053702,1.3490185404591886,108995.0,-21705.0,709,1.3265968859636406
1.0,drift_floor,0.0,0.7,True,0.5,0.3,1.2689746539762228,1.0911175238170534,1.1856243052982587,50100.0,-16625.0,709,1.0911175238170534
1.0,drift_floor,0.0,0.7,True,1.0,0.0,1.3538931041240865,1.2499673799582462,1.3058924562698688,101515.0,-22375.0,709,1.2499673799582462
1.0,drift_floor,0.0,0.7,True,1.0,0.3,1.310044874007594,1.091330730877749,1.20686322775924,56725.0,-20550.0,709,1.091330730877749
1.0,drift_floor,0.0,0.7,False,0.5,0.0,1.3742728028256805,1.3386029531601422,1.358455111804923,123995.0,-20480.0,709,1.3386029531601422
1.0,drift_floor,0.0,0.7,False,0.5,0.3,1.2743612827119486,1.1230413562805035,1.2050147988699045,60955.0,-16970.0,709,1.1230413562805035
1.0,drift_floor,0.0,0.7,False,1.0,0.0,1.3348212143028557,1.3069532161992277,1.3224203838623316,121035.0,-17275.0,709,1.3069532161992277
1.0,drift_floor,0.0,0.7,False,1.0,0.3,1.1999126780549036,1.209893471152832,1.2042741477054495,66480.0,-17935.0,709,1.1999126780549036
1.0,drift_floor,1.0,0.0,True,0.5,0.0,1.173123400625533,1.0870840291637816,1.1330309184428797,35045.0,-19620.0,709,1.0870840291637816
1.0,drift_floor,1.0,0.3,True,0.5,0.0,1.2800374006545114,1.148589081867159,1.218272584042911,61650.0,-16385.0,709,1.148589081867159
1.0,drift_floor,1.0,0.3,True,0.5,0.3,1.183488327955969,1.024630331955512,1.1086485184292942,27060.0,-19435.0,709,1.024630331955512
1.0,drift_floor,1.0,0.3,True,1.0,0.0,1.2800374006545114,1.148589081867159,1.218272584042911,61650.0,-16385.0,709,1.148589081867159
1.0,drift_floor,1.0,0.3,True,1.0,0.3,1.183488327955969,1.024630331955512,1.1086485184292942,27060.0,-19435.0,709,1.024630331955512
1.0,drift_floor,1.0,0.3,False,0.5,0.0,1.3041341099588009,1.3945047737045404,1.3437265513993326,107650.0,-16525.0,709,1.3041341099588009
1.0,drift_floor,1.0,0.3,False,0.5,0.3,1.3025438294946716,1.0604024283150701,1.1878222173983828,51915.0,-21190.0,709,1.0604024283150701
1.0,drift_floor,1.0,0.3,False,1.0,0.0,1.3041341099588009,1.3945047737045404,1.3437265513993326,107650.0,-16525.0,709,1.3041341099588009
1.0,drift_floor,1.0,0.3,False,1.0,0.3,1.3025438294946716,1.0604024283150701,1.1878222173983828,51915.0,-21190.0,709,1.0604024283150701
1.0,drift_floor,1.0,0.5,True,0.5,0.0,1.3089838909541511,1.2727499554446622,1.2921355763652937,88130.0,-18870.0,709,1.2727499554446622
1.0,drift_floor,1.0,0.5,True,0.5,0.3,1.2096953113444757,1.0057327412192167,1.1121897556644922,29065.0,-17305.0,709,1.0057327412192167
1.0,drift_floor,1.0,0.5,True,1.0,0.0,1.2929782082324455,1.2661270542065244,1.2804499231599253,85770.0,-18790.0,709,1.2661270542065244
1.0,drift_floor,1.0,0.5,True,1.0,0.3,1.2062163557259789,1.0057327412192167,1.1105179989208356,28675.0,-17455.0,709,1.0057327412192167
1.0,drift_floor,1.0,0.5,False,0.5,0.0,1.3259789254585663,1.3517464937814236,1.3373236052252173,115815.0,-19070.0,709,1.3259789254585663
1.0,drift_floor,1.0,0.5,False,0.5,0.3,1.2914668912789944,1.1189605243103184,1.2121970864266705,60595.0,-18920.0,709,1.1189605243103184
1.0,drift_floor,1.0,0.5,False,1.0,0.0,1.2812997539441309,1.3467368354709608,1.3096724828179869,113320.0,-20375.0,709,1.2812997539441309
1.0,drift_floor,1.0,0.5,False,1.0,0.3,1.2101496238271015,1.16688084529164,1.1910618395981292,60665.0,-18590.0,709,1.16688084529164
1.0,drift_floor,1.0,0.7,True,0.5,0.0,1.3098641887062188,1.3923020527859238,1.346818719600368,105530.0,-19405.0,709,1.3098641887062188
1.0,drift_floor,1.0,0.7,True,0.5,0.3,1.2573602972702587,1.0736427817901486,1.171334118630543,45090.0,-15745.0,709,1.0736427817901486
1.0,drift_floor,1.0,0.7,True,1.0,0.0,1.2884465148577877,1.3033117651151465,1.2951964237762017,93440.0,-21065.0,709,1.2884465148577877
1.0,drift_floor,1.0,0.7,True,1.0,0.3,1.2904150302515656,1.0613731202267538,1.1819994409764278,48835.0,-19855.0,709,1.0613731202267538
1.0,drift_floor,1.0,0.7,False,0.5,0.0,1.3476439790575916,1.3901630562158904,1.366300850632465,124665.0,-19070.0,709,1.3476439790575916
1.0,drift_floor,1.0,0.7,False,0.5,0.3,1.2828501323690837,1.0959584640669355,1.1962040660824993,56650.0,-21285.0,709,1.0959584640669355
1.0,drift_floor,1.0,0.7,False,1.0,0.0,1.2939807595422594,1.3245332599993889,1.3074183577476146,114375.0,-19500.0,709,1.2939807595422594
1.0,drift_floor,1.0,0.7,False,1.0,0.3,1.2001678321678322,1.161362347604196,1.1830503705093331,58545.0,-18590.0,709,1.161362347604196
1.5,pure_ratchet,0.0,0.0,True,0.5,0.0,1.3579437640158702,1.2421220712353764,1.3036551650399426,99400.0,-19210.0,709,1.2421220712353764
1.5,pure_ratchet,0.0,0.3,True,0.5,0.0,1.2511874623267027,1.4568186189651857,1.3394569899131679,123340.0,-16930.0,709,1.2511874623267027
1.5,pure_ratchet,0.0,0.3,True,0.5,0.3,1.3286595013366795,1.4997711509347604,1.4033599237638523,131215.0,-15295.0,709,1.3286595013366795
1.5,pure_ratchet,0.0,0.3,True,1.0,0.0,1.2410966107366508,1.4382772988962753,1.3256956480205249,119330.0,-17870.0,709,1.2410966107366508
1.5,pure_ratchet,0.0,0.3,True,1.0,0.3,1.3299839337744737,1.4835893854748603,1.397288986123648,129840.0,-15295.0,709,1.3299839337744737
1.5,pure_ratchet,0.0,0.3,False,0.5,0.0,1.2704467576129825,1.491307634164777,1.3623609643162715,143995.0,-18775.0,709,1.2704467576129825
1.5,pure_ratchet,0.0,0.3,False,0.5,0.3,1.3143785732925295,1.5144392850327588,1.3998505333242748,147135.0,-20705.0,709,1.3143785732925295
1.5,pure_ratchet,0.0,0.3,False,1.0,0.0,1.2273174935368707,1.4266186012977649,1.310167479889226,129360.0,-20085.0,709,1.2273174935368707
1.5,pure_ratchet,0.0,0.3,False,1.0,0.3,1.2659241448144452,1.5147792466949364,1.3707258784600032,141165.0,-19740.0,709,1.2659241448144452
1.5,pure_ratchet,0.0,0.5,True,0.5,0.0,1.2626354998438685,1.4121637920636836,1.3262134926536577,127220.0,-17535.0,709,1.2626354998438685
1.5,pure_ratchet,0.0,0.5,True,0.5,0.3,1.308689980432492,1.4772268044652026,1.3813221795548958,133560.0,-15565.0,709,1.308689980432492
1.5,pure_ratchet,0.0,0.5,True,1.0,0.0,1.2502151462994837,1.3676229390268466,1.3004444006746028,122030.0,-18755.0,709,1.2502151462994837
1.5,pure_ratchet,0.0,0.5,True,1.0,0.3,1.2808690432212781,1.3498635122838945,1.310689284496998,118500.0,-18245.0,709,1.2808690432212781
1.5,pure_ratchet,0.0,0.5,False,0.5,0.0,1.2439284542172628,1.4547700715074705,1.3311566491088822,137685.0,-20250.0,709,1.2439284542172628
1.5,pure_ratchet,0.0,0.5,False,0.5,0.3,1.2945321882576872,1.5119893290318578,1.3863267337104546,147515.0,-16785.0,709,1.2945321882576872
1.5,pure_ratchet,0.0,0.5,False,1.0,0.0,1.2252250454082754,1.4361648159630236,1.312678919878948,133800.0,-17950.0,709,1.2252250454082754
1.5,pure_ratchet,0.0,0.5,False,1.0,0.3,1.2447479430313662,1.4423488573908012,1.3275928980304648,135060.0,-17950.0,709,1.2447479430313662
1.5,pure_ratchet,0.0,0.7,True,0.5,0.0,1.294832627765897,1.4266283411367273,1.350726386165988,139540.0,-17060.0,709,1.294832627765897
1.5,pure_ratchet,0.0,0.7,True,0.5,0.3,1.2804997491698717,1.4706881368725626,1.362599617144331,133540.0,-19450.0,709,1.2804997491698717
1.5,pure_ratchet,0.0,0.7,True,1.0,0.0,1.2170951261049388,1.413919623917904,1.2986343664647904,125740.0,-17945.0,709,1.2170951261049388
1.5,pure_ratchet,0.0,0.7,True,1.0,0.3,1.2884908789386402,1.4212544589774079,1.345121410004438,136090.0,-16750.0,709,1.2884908789386402
1.5,pure_ratchet,0.0,0.7,False,0.5,0.0,1.2584244032930345,1.4591812933698758,1.3418644950982175,141055.0,-20765.0,709,1.2584244032930345
1.5,pure_ratchet,0.0,0.7,False,0.5,0.3,1.2897527298980236,1.5119893290318578,1.3833283264325178,146740.0,-16785.0,709,1.2897527298980236
1.5,pure_ratchet,0.0,0.7,False,1.0,0.0,1.1958643895377272,1.444205826669304,1.2974591357824892,128660.0,-18745.0,709,1.1958643895377272
1.5,pure_ratchet,0.0,0.7,False,1.0,0.3,1.2470330129544505,1.4444122336570517,1.3297067573310668,135765.0,-17950.0,709,1.2470330129544505
1.5,drift_floor,0.0,0.0,True,0.5,0.0,1.3579437640158702,1.2421220712353764,1.3036551650399426,99400.0,-19210.0,709,1.2421220712353764
1.5,drift_floor,0.0,0.3,True,0.5,0.0,1.2511874623267027,1.4568186189651857,1.3394569899131679,123340.0,-16930.0,709,1.2511874623267027
1.5,drift_floor,0.0,0.3,True,0.5,0.3,1.3286595013366795,1.4997711509347604,1.4033599237638523,131215.0,-15295.0,709,1.3286595013366795
1.5,drift_floor,0.0,0.3,True,1.0,0.0,1.2410966107366508,1.4382772988962753,1.3256956480205249,119330.0,-17870.0,709,1.2410966107366508
1.5,drift_floor,0.0,0.3,True,1.0,0.3,1.3299839337744737,1.4835893854748603,1.397288986123648,129840.0,-15295.0,709,1.3299839337744737
1.5,drift_floor,0.0,0.3,False,0.5,0.0,1.2704467576129825,1.491307634164777,1.3623609643162715,143995.0,-18775.0,709,1.2704467576129825
1.5,drift_floor,0.0,0.3,False,0.5,0.3,1.3143785732925295,1.5144392850327588,1.3998505333242748,147135.0,-20705.0,709,1.3143785732925295
1.5,drift_floor,0.0,0.3,False,1.0,0.0,1.2273174935368707,1.4266186012977649,1.310167479889226,129360.0,-20085.0,709,1.2273174935368707
1.5,drift_floor,0.0,0.3,False,1.0,0.3,1.2659241448144452,1.5147792466949364,1.3707258784600032,141165.0,-19740.0,709,1.2659241448144452
1.5,drift_floor,0.0,0.5,True,0.5,0.0,1.2626354998438685,1.4121637920636836,1.3262134926536577,127220.0,-17535.0,709,1.2626354998438685
1.5,drift_floor,0.0,0.5,True,0.5,0.3,1.308689980432492,1.4772268044652026,1.3813221795548958,133560.0,-15565.0,709,1.308689980432492
1.5,drift_floor,0.0,0.5,True,1.0,0.0,1.2502151462994837,1.3676229390268466,1.3004444006746028,122030.0,-18755.0,709,1.2502151462994837
1.5,drift_floor,0.0,0.5,True,1.0,0.3,1.2808690432212781,1.3498635122838945,1.310689284496998,118500.0,-18245.0,709,1.2808690432212781
1.5,drift_floor,0.0,0.5,False,0.5,0.0,1.2439284542172628,1.4547700715074705,1.3311566491088822,137685.0,-20250.0,709,1.2439284542172628
1.5,drift_floor,0.0,0.5,False,0.5,0.3,1.2945321882576872,1.5119893290318578,1.3863267337104546,147515.0,-16785.0,709,1.2945321882576872
1.5,drift_floor,0.0,0.5,False,1.0,0.0,1.2252250454082754,1.4361648159630236,1.312678919878948,133800.0,-17950.0,709,1.2252250454082754
1.5,drift_floor,0.0,0.5,False,1.0,0.3,1.2447479430313662,1.4423488573908012,1.3275928980304648,135060.0,-17950.0,709,1.2447479430313662
1.5,drift_floor,0.0,0.7,True,0.5,0.0,1.294832627765897,1.4266283411367273,1.350726386165988,139540.0,-17060.0,709,1.294832627765897
1.5,drift_floor,0.0,0.7,True,0.5,0.3,1.2804997491698717,1.4706881368725626,1.362599617144331,133540.0,-19450.0,709,1.2804997491698717
1.5,drift_floor,0.0,0.7,True,1.0,0.0,1.2170951261049388,1.413919623917904,1.2986343664647904,125740.0,-17945.0,709,1.2170951261049388
1.5,drift_floor,0.0,0.7,True,1.0,0.3,1.2884908789386402,1.4212544589774079,1.345121410004438,136090.0,-16750.0,709,1.2884908789386402
1.5,drift_floor,0.0,0.7,False,0.5,0.0,1.2584244032930345,1.4591812933698758,1.3418644950982175,141055.0,-20765.0,709,1.2584244032930345
1.5,drift_floor,0.0,0.7,False,0.5,0.3,1.2897527298980236,1.5119893290318578,1.3833283264325178,146740.0,-16785.0,709,1.2897527298980236
1.5,drift_floor,0.0,0.7,False,1.0,0.0,1.1958643895377272,1.444205826669304,1.2974591357824892,128660.0,-18745.0,709,1.1958643895377272
1.5,drift_floor,0.0,0.7,False,1.0,0.3,1.2470330129544505,1.4444122336570517,1.3297067573310668,135765.0,-17950.0,709,1.2470330129544505
1.5,drift_floor,1.0,0.0,True,0.5,0.0,1.3639539786759833,1.2254855195911414,1.2989832459393784,93510.0,-16785.0,709,1.2254855195911414
1.5,drift_floor,1.0,0.3,True,0.5,0.0,1.2636845494625253,1.488110015025805,1.3604693751056516,127945.0,-15900.0,709,1.2636845494625253
1.5,drift_floor,1.0,0.3,True,0.5,0.3,1.3272701475595914,1.4158131487889274,1.3671655753040224,117750.0,-17245.0,709,1.3272701475595914
1.5,drift_floor,1.0,0.3,True,1.0,0.0,1.2614022977170751,1.4804928131416837,1.3557542495403057,126725.0,-16500.0,709,1.2614022977170751
1.5,drift_floor,1.0,0.3,True,1.0,0.3,1.3207189893451659,1.4081632653061225,1.3601489757914338,116040.0,-17245.0,709,1.3207189893451659
1.5,drift_floor,1.0,0.3,False,0.5,0.0,1.2500163309744148,1.4961100951554411,1.3515628996776998,137440.0,-22260.0,709,1.2500163309744148
1.5,drift_floor,1.0,0.3,False,0.5,0.3,1.3101626311834993,1.4434999221547564,1.3685229100226237,135200.0,-20305.0,709,1.3101626311834993
1.5,drift_floor,1.0,0.3,False,1.0,0.0,1.2086092715231789,1.4274531648538509,1.2991665554598504,123300.0,-19955.0,709,1.2086092715231789
1.5,drift_floor,1.0,0.3,False,1.0,0.3,1.2831983092638253,1.4859868813357184,1.3699897915323447,137725.0,-19340.0,709,1.2831983092638253
1.5,drift_floor,1.0,0.5,True,0.5,0.0,1.2868997540399512,1.4750422746915512,1.3665442687275475,138255.0,-16255.0,709,1.2868997540399512
1.5,drift_floor,1.0,0.5,True,0.5,0.3,1.323487424403665,1.4854728124363588,1.3936813308035123,133830.0,-14330.0,709,1.323487424403665
1.5,drift_floor,1.0,0.5,True,1.0,0.0,1.2516616314199396,1.4351748819584373,1.3283285798645577,130660.0,-18755.0,709,1.2516616314199396
1.5,drift_floor,1.0,0.5,True,1.0,0.3,1.2561366822707507,1.3579398874832935,1.3002450980392157,111475.0,-18585.0,709,1.2561366822707507
1.5,drift_floor,1.0,0.5,False,0.5,0.0,1.2388339513803048,1.4725258623216013,1.3353011625515647,138585.0,-20085.0,709,1.2388339513803048
1.5,drift_floor,1.0,0.5,False,0.5,0.3,1.2752486213341332,1.4887843479344507,1.366106817609396,138090.0,-18070.0,709,1.2752486213341332
1.5,drift_floor,1.0,0.5,False,1.0,0.0,1.2121466554715925,1.4344674049549035,1.3037221660514002,129170.0,-17950.0,709,1.2121466554715925
1.5,drift_floor,1.0,0.5,False,1.0,0.3,1.24859264967144,1.4400502380465579,1.3295617372399822,133400.0,-17305.0,709,1.24859264967144
1.5,drift_floor,1.0,0.7,True,0.5,0.0,1.293592147347524,1.4597218022376777,1.3636630316944072,142565.0,-17215.0,709,1.293592147347524
1.5,drift_floor,1.0,0.7,True,0.5,0.3,1.2704552072211976,1.4508500575226895,1.3483118172790467,126270.0,-17605.0,709,1.2704552072211976
1.5,drift_floor,1.0,0.7,True,1.0,0.0,1.220643880652565,1.4892309546043316,1.3299656694458069,134560.0,-17880.0,709,1.220643880652565
1.5,drift_floor,1.0,0.7,True,1.0,0.3,1.2597128283486507,1.4538124073158676,1.341442156339842,131235.0,-17660.0,709,1.2597128283486507
1.5,drift_floor,1.0,0.7,False,0.5,0.0,1.2654683501824742,1.4963816671133745,1.3608919846905498,146625.0,-20105.0,709,1.2654683501824742
1.5,drift_floor,1.0,0.7,False,0.5,0.3,1.274537793843391,1.492772135335535,1.3672796600071493,138705.0,-18070.0,709,1.274537793843391
1.5,drift_floor,1.0,0.7,False,1.0,0.0,1.2145558601644888,1.4329849938779577,1.3047054952286936,129640.0,-18985.0,709,1.2145558601644888
1.5,drift_floor,1.0,0.7,False,1.0,0.3,1.2561976369495167,1.4421286809905742,1.3348944394885518,135150.0,-17305.0,709,1.2561976369495167
2.0,pure_ratchet,0.0,0.0,True,0.5,0.0,1.2454893782132117,1.4653970904653328,1.340103626943005,123075.0,-16080.0,709,1.2454893782132117
2.0,pure_ratchet,0.0,0.3,True,0.5,0.0,1.1750004966525618,1.6090600161271742,1.3521943076145355,149790.0,-19595.0,709,1.1750004966525618
2.0,pure_ratchet,0.0,0.3,True,0.5,0.3,1.2675998442300203,1.539240506329114,1.3841964881084685,155565.0,-15860.0,709,1.2675998442300203
2.0,pure_ratchet,0.0,0.3,True,1.0,0.0,1.161938951663528,1.5880453703183783,1.3372058110261682,146000.0,-22260.0,709,1.161938951663528
2.0,pure_ratchet,0.0,0.3,True,1.0,0.3,1.2675562251156784,1.5842191813002877,1.4014828798171861,161635.0,-17745.0,709,1.2675562251156784
2.0,pure_ratchet,0.0,0.3,False,0.5,0.0,1.1645056570429704,1.60947446744013,1.3472709573721504,153400.0,-20915.0,709,1.1645056570429704
2.0,pure_ratchet,0.0,0.3,False,0.5,0.3,1.1775776287585298,1.585891131083602,1.345111500237728,148800.0,-23725.0,709,1.1775776287585298
2.0,pure_ratchet,0.0,0.3,False,1.0,0.0,1.1556899683526525,1.5836885857401684,1.332343593634874,151105.0,-19500.0,709,1.1556899683526525
2.0,pure_ratchet,0.0,0.3,False,1.0,0.3,1.177869280287653,1.5816085643700246,1.3447067230798897,151945.0,-20740.0,709,1.177869280287653
2.0,pure_ratchet,0.0,0.5,True,0.5,0.0,1.2041288943430584,1.6738414861035578,1.396154881288103,169275.0,-18450.0,709,1.2041288943430584
2.0,pure_ratchet,0.0,0.5,True,0.5,0.3,1.2473192019950126,1.5578308468999944,1.3786250569694645,157845.0,-20010.0,709,1.2473192019950126
2.0,pure_ratchet,0.0,0.5,True,1.0,0.0,1.1591382378554391,1.5772153253424657,1.3323798753852636,149900.0,-18860.0,709,1.1591382378554391
2.0,pure_ratchet,0.0,0.5,True,1.0,0.3,1.1912624225130375,1.5376355807488962,1.3365025311682226,147235.0,-17895.0,709,1.1912624225130375
2.0,pure_ratchet,0.0,0.5,False,0.5,0.0,1.1600901703006308,1.595653355066558,1.339032801705376,151885.0,-20845.0,709,1.1600901703006308
2.0,pure_ratchet,0.0,0.5,False,0.5,0.3,1.1825503091403142,1.5690089202648716,1.3442724316401777,150330.0,-20275.0,709,1.1825503091403142
2.0,pure_ratchet,0.0,0.5,False,1.0,0.0,1.1260295487334953,1.6187366737739872,1.326365183090044,150580.0,-20580.0,709,1.1260295487334953
2.0,pure_ratchet,0.0,0.5,False,1.0,0.3,1.1520426892728064,1.6014357307327645,1.3368574675252334,151185.0,-19940.0,709,1.1520426892728064
2.0,pure_ratchet,0.0,0.7,True,0.5,0.0,1.2054501947910692,1.67291696441332,1.396612586497101,169655.0,-18155.0,709,1.2054501947910692
2.0,pure_ratchet,0.0,0.7,True,0.5,0.3,1.2321599251621824,1.576339564747997,1.3757452205141578,158510.0,-19525.0,709,1.2321599251621824
2.0,pure_ratchet,0.0,0.7,True,1.0,0.0,1.149449809117449,1.6043985516963926,1.3364270676028704,152605.0,-19500.0,709,1.149449809117449
2.0,pure_ratchet,0.0,0.7,True,1.0,0.3,1.1505665048081501,1.5727395048439181,1.3255087817117368,145950.0,-18860.0,709,1.1505665048081501
2.0,pure_ratchet,0.0,0.7,False,0.5,0.0,1.1530412894015103,1.6038884792878403,1.3367870457960047,151310.0,-21045.0,709,1.1530412894015103
2.0,pure_ratchet,0.0,0.7,False,0.5,0.3,1.185973688356704,1.5690089202648716,1.3462815785254576,151190.0,-20275.0,709,1.185973688356704
2.0,pure_ratchet,0.0,0.7,False,1.0,0.0,1.1330303693969923,1.6407872265444983,1.337332707976571,154635.0,-20580.0,709,1.1330303693969923
2.0,pure_ratchet,0.0,0.7,False,1.0,0.3,1.1532389046270066,1.6057873485868102,1.3398335183129855,153095.0,-19940.0,709,1.1532389046270066
2.0,drift_floor,0.0,0.0,True,0.5,0.0,1.2454893782132117,1.4653970904653328,1.340103626943005,123075.0,-16080.0,709,1.2454893782132117
2.0,drift_floor,0.0,0.3,True,0.5,0.0,1.1750004966525618,1.6090600161271742,1.3521943076145355,149790.0,-19595.0,709,1.1750004966525618
2.0,drift_floor,0.0,0.3,True,0.5,0.3,1.2675998442300203,1.539240506329114,1.3841964881084685,155565.0,-15860.0,709,1.2675998442300203
2.0,drift_floor,0.0,0.3,True,1.0,0.0,1.161938951663528,1.5880453703183783,1.3372058110261682,146000.0,-22260.0,709,1.161938951663528
2.0,drift_floor,0.0,0.3,True,1.0,0.3,1.2675562251156784,1.5842191813002877,1.4014828798171861,161635.0,-17745.0,709,1.2675562251156784
2.0,drift_floor,0.0,0.3,False,0.5,0.0,1.1645056570429704,1.60947446744013,1.3472709573721504,153400.0,-20915.0,709,1.1645056570429704
2.0,drift_floor,0.0,0.3,False,0.5,0.3,1.1775776287585298,1.585891131083602,1.345111500237728,148800.0,-23725.0,709,1.1775776287585298
2.0,drift_floor,0.0,0.3,False,1.0,0.0,1.1556899683526525,1.5836885857401684,1.332343593634874,151105.0,-19500.0,709,1.1556899683526525
2.0,drift_floor,0.0,0.3,False,1.0,0.3,1.177869280287653,1.5816085643700246,1.3447067230798897,151945.0,-20740.0,709,1.177869280287653
2.0,drift_floor,0.0,0.5,True,0.5,0.0,1.2041288943430584,1.6738414861035578,1.396154881288103,169275.0,-18450.0,709,1.2041288943430584
2.0,drift_floor,0.0,0.5,True,0.5,0.3,1.2473192019950126,1.5578308468999944,1.3786250569694645,157845.0,-20010.0,709,1.2473192019950126
2.0,drift_floor,0.0,0.5,True,1.0,0.0,1.1591382378554391,1.5772153253424657,1.3323798753852636,149900.0,-18860.0,709,1.1591382378554391
2.0,drift_floor,0.0,0.5,True,1.0,0.3,1.1912624225130375,1.5376355807488962,1.3365025311682226,147235.0,-17895.0,709,1.1912624225130375
2.0,drift_floor,0.0,0.5,False,0.5,0.0,1.1600901703006308,1.595653355066558,1.339032801705376,151885.0,-20845.0,709,1.1600901703006308
2.0,drift_floor,0.0,0.5,False,0.5,0.3,1.1825503091403142,1.5690089202648716,1.3442724316401777,150330.0,-20275.0,709,1.1825503091403142
2.0,drift_floor,0.0,0.5,False,1.0,0.0,1.1260295487334953,1.6187366737739872,1.326365183090044,150580.0,-20580.0,709,1.1260295487334953
2.0,drift_floor,0.0,0.5,False,1.0,0.3,1.1520426892728064,1.6014357307327645,1.3368574675252334,151185.0,-19940.0,709,1.1520426892728064
2.0,drift_floor,0.0,0.7,True,0.5,0.0,1.2054501947910692,1.67291696441332,1.396612586497101,169655.0,-18155.0,709,1.2054501947910692
2.0,drift_floor,0.0,0.7,True,0.5,0.3,1.2321599251621824,1.576339564747997,1.3757452205141578,158510.0,-19525.0,709,1.2321599251621824
2.0,drift_floor,0.0,0.7,True,1.0,0.0,1.149449809117449,1.6043985516963926,1.3364270676028704,152605.0,-19500.0,709,1.149449809117449
2.0,drift_floor,0.0,0.7,True,1.0,0.3,1.1505665048081501,1.5727395048439181,1.3255087817117368,145950.0,-18860.0,709,1.1505665048081501
2.0,drift_floor,0.0,0.7,False,0.5,0.0,1.1530412894015103,1.6038884792878403,1.3367870457960047,151310.0,-21045.0,709,1.1530412894015103
2.0,drift_floor,0.0,0.7,False,0.5,0.3,1.185973688356704,1.5690089202648716,1.3462815785254576,151190.0,-20275.0,709,1.185973688356704
2.0,drift_floor,0.0,0.7,False,1.0,0.0,1.1330303693969923,1.6407872265444983,1.337332707976571,154635.0,-20580.0,709,1.1330303693969923
2.0,drift_floor,0.0,0.7,False,1.0,0.3,1.1532389046270066,1.6057873485868102,1.3398335183129855,153095.0,-19940.0,709,1.1532389046270066
2.0,drift_floor,1.0,0.0,True,0.5,0.0,1.2335405951741256,1.4047987117552334,1.3093639046926466,108480.0,-17165.0,709,1.2335405951741256
2.0,drift_floor,1.0,0.3,True,0.5,0.0,1.2014601778835488,1.478892581504573,1.3189250162805843,137125.0,-19445.0,709,1.2014601778835488
2.0,drift_floor,1.0,0.3,True,0.5,0.3,1.2544961052143788,1.5440305690867193,1.3791959798994975,150920.0,-19345.0,709,1.2544961052143788
2.0,drift_floor,1.0,0.3,True,1.0,0.0,1.1686552152562764,1.4955601277816883,1.3064293456557705,134285.0,-21515.0,709,1.1686552152562764
2.0,drift_floor,1.0,0.3,True,1.0,0.3,1.2379366280955986,1.5502343292325718,1.3705878693623639,148930.0,-21230.0,709,1.2379366280955986
2.0,drift_floor,1.0,0.3,False,0.5,0.0,1.1772971082089552,1.5736130867709814,1.3419079216470482,150460.0,-20915.0,709,1.1772971082089552
2.0,drift_floor,1.0,0.3,False,0.5,0.3,1.2057747950490274,1.6128929818990156,1.3728482234885733,157355.0,-20595.0,709,1.2057747950490274
2.0,drift_floor,1.0,0.3,False,1.0,0.0,1.1635398363845906,1.5374901548962983,1.3200320812138124,145645.0,-19500.0,709,1.1635398363845906
2.0,drift_floor,1.0,0.3,False,1.0,0.3,1.1868259010864024,1.5751291021156089,1.3475612559187238,151210.0,-19010.0,709,1.1868259010864024
2.0,drift_floor,1.0,0.5,True,0.5,0.0,1.204453118776388,1.6146146429989225,1.3736750976859542,159705.0,-20275.0,709,1.204453118776388
2.0,drift_floor,1.0,0.5,True,0.5,0.3,1.2437695028084044,1.5710085608047732,1.380943175090318,157640.0,-18295.0,709,1.2437695028084044
2.0,drift_floor,1.0,0.5,True,1.0,0.0,1.1646158835536733,1.5652103864020837,1.331006022752621,148390.0,-19285.0,709,1.1646158835536733
2.0,drift_floor,1.0,0.5,True,1.0,0.3,1.179069904399207,1.5593621284648782,1.3363645781773392,146105.0,-18385.0,709,1.179069904399207
2.0,drift_floor,1.0,0.5,False,0.5,0.0,1.1615292119176226,1.570161159042813,1.330282013646906,147390.0,-20800.0,709,1.1615292119176226
2.0,drift_floor,1.0,0.5,False,0.5,0.3,1.194213238208482,1.585638578285841,1.3573022277199107,154535.0,-21495.0,709,1.194213238208482
2.0,drift_floor,1.0,0.5,False,1.0,0.0,1.1277371594011691,1.584240718117597,1.3141162566276687,144850.0,-20580.0,709,1.1277371594011691
2.0,drift_floor,1.0,0.5,False,1.0,0.3,1.1502179944510504,1.5948902130438332,1.3323415351698316,149115.0,-19940.0,709,1.1502179944510504
2.0,drift_floor,1.0,0.7,True,0.5,0.0,1.2077793409554758,1.6850293144482498,1.4014083677771105,170440.0,-18345.0,709,1.2077793409554758
2.0,drift_floor,1.0,0.7,True,0.5,0.3,1.2403629988656286,1.619800648914092,1.397334816677953,164290.0,-20420.0,709,1.2403629988656286
2.0,drift_floor,1.0,0.7,True,1.0,0.0,1.1599682107175295,1.5880309911835426,1.3374465539777134,152320.0,-19240.0,709,1.1599682107175295
2.0,drift_floor,1.0,0.7,True,1.0,0.3,1.1611047180667433,1.5694527147729118,1.3304559639000517,147195.0,-18860.0,709,1.1611047180667433
2.0,drift_floor,1.0,0.7,False,0.5,0.0,1.1624587114165306,1.5806100514271721,1.3342987174182872,149480.0,-20845.0,709,1.1624587114165306
2.0,drift_floor,1.0,0.7,False,0.5,0.3,1.1927477138672262,1.585638578285841,1.3563300717396578,154225.0,-21495.0,709,1.1927477138672262
2.0,drift_floor,1.0,0.7,False,1.0,0.0,1.1206203646194879,1.6131688346520048,1.3201777739141773,147325.0,-20580.0,709,1.1206203646194879
2.0,drift_floor,1.0,0.7,False,1.0,0.3,1.1466883227256417,1.6023304855628853,1.3340782992539222,150230.0,-19940.0,709,1.1466883227256417
3.0,pure_ratchet,0.0,0.0,True,0.5,0.0,1.2272494625857304,1.664460255438269,1.4075945103982488,169435.0,-17495.0,709,1.2272494625857304
3.0,pure_ratchet,0.0,0.3,True,0.5,0.0,1.164944100747159,1.622446774019237,1.3500355249494453,160115.0,-20435.0,709,1.164944100747159
3.0,pure_ratchet,0.0,0.3,True,0.5,0.3,1.1694742120609922,1.628865418118467,1.355788869384736,161135.0,-20405.0,709,1.1694742120609922
3.0,pure_ratchet,0.0,0.3,True,1.0,0.0,1.1775140330924165,1.5472612194931368,1.330308803427083,153440.0,-20580.0,709,1.1775140330924165
3.0,pure_ratchet,0.0,0.3,True,1.0,0.3,1.1642908119384412,1.6078315199827642,1.3437387637694898,157740.0,-18905.0,709,1.1642908119384412
3.0,pure_ratchet,0.0,0.3,False,0.5,0.0,1.1392427873785882,1.6122448979591837,1.3294912259913176,152935.0,-20780.0,709,1.1392427873785882
3.0,pure_ratchet,0.0,0.3,False,0.5,0.3,1.1411895897408226,1.6098466634610247,1.3297647071469263,153395.0,-20610.0,709,1.1411895897408226
3.0,pure_ratchet,0.0,0.3,False,1.0,0.0,1.155618453550632,1.5938076902790232,1.3335367877756004,155740.0,-20610.0,709,1.155618453550632
3.0,pure_ratchet,0.0,0.3,False,1.0,0.3,1.1606013515955331,1.6111541647737901,1.3423563274150254,158790.0,-20610.0,709,1.1606013515955331
3.0,pure_ratchet,0.0,0.5,True,0.5,0.0,1.1510711692084241,1.629339668484423,1.3433816026573457,158165.0,-19715.0,709,1.1510711692084241
3.0,pure_ratchet,0.0,0.5,True,0.5,0.3,1.1537525649639544,1.613135559184985,1.3394035793892964,156835.0,-21045.0,709,1.1537525649639544
3.0,pure_ratchet,0.0,0.5,True,1.0,0.0,1.164668047530797,1.6142853326922564,1.3466882941335496,160300.0,-20580.0,709,1.164668047530797
3.0,pure_ratchet,0.0,0.5,True,1.0,0.3,1.1749475029672236,1.6178435879617254,1.3547120276852644,163485.0,-20580.0,709,1.1749475029672236
3.0,pure_ratchet,0.0,0.5,False,0.5,0.0,1.138555409564607,1.6122448979591837,1.3289449605477033,152790.0,-21530.0,709,1.138555409564607
3.0,pure_ratchet,0.0,0.5,False,0.5,0.3,1.1369890042870725,1.6126256147102844,1.328009445607256,152795.0,-20885.0,709,1.1369890042870725
3.0,pure_ratchet,0.0,0.5,False,1.0,0.0,1.1577934804106658,1.5938076902790232,1.3345485647083979,156460.0,-20610.0,709,1.1577934804106658
3.0,pure_ratchet,0.0,0.5,False,1.0,0.3,1.1653932990156235,1.6144346944763022,1.346701415063861,160970.0,-20610.0,709,1.1653932990156235
3.0,pure_ratchet,0.0,0.7,True,0.5,0.0,1.1527332361516034,1.6258248713874,1.343636897192605,158085.0,-20780.0,709,1.1527332361516034
3.0,pure_ratchet,0.0,0.7,True,0.5,0.3,1.1544722849442786,1.6247515711446527,1.3444926749864352,158725.0,-20610.0,709,1.1544722849442786
3.0,pure_ratchet,0.0,0.7,True,1.0,0.0,1.1665544413911082,1.6203307288879374,1.3502453396302032,161675.0,-20610.0,709,1.1665544413911082
3.0,pure_ratchet,0.0,0.7,True,1.0,0.3,1.1698601194812763,1.653967821107172,1.363716775503964,166535.0,-20610.0,709,1.1698601194812763
3.0,pure_ratchet,0.0,0.7,False,0.5,0.0,1.138555409564607,1.6131234439000883,1.3293438952987773,153000.0,-21530.0,709,1.138555409564607
3.0,pure_ratchet,0.0,0.7,False,0.5,0.3,1.1369890042870725,1.6126256147102844,1.328009445607256,152795.0,-20885.0,709,1.1369890042870725
3.0,pure_ratchet,0.0,0.7,False,1.0,0.0,1.1525156669650851,1.59367844829855,1.3311347192771212,155380.0,-20735.0,709,1.1525156669650851
3.0,pure_ratchet,0.0,0.7,False,1.0,0.3,1.1627680663182556,1.6325536324728809,1.3511620124998651,162660.0,-20610.0,709,1.1627680663182556
3.0,drift_floor,0.0,0.0,True,0.5,0.0,1.2272494625857304,1.664460255438269,1.4075945103982488,169435.0,-17495.0,709,1.2272494625857304
3.0,drift_floor,0.0,0.3,True,0.5,0.0,1.164944100747159,1.622446774019237,1.3500355249494453,160115.0,-20435.0,709,1.164944100747159
3.0,drift_floor,0.0,0.3,True,0.5,0.3,1.1694742120609922,1.628865418118467,1.355788869384736,161135.0,-20405.0,709,1.1694742120609922
3.0,drift_floor,0.0,0.3,True,1.0,0.0,1.1775140330924165,1.5472612194931368,1.330308803427083,153440.0,-20580.0,709,1.1775140330924165
3.0,drift_floor,0.0,0.3,True,1.0,0.3,1.1642908119384412,1.6078315199827642,1.3437387637694898,157740.0,-18905.0,709,1.1642908119384412
3.0,drift_floor,0.0,0.3,False,0.5,0.0,1.1392427873785882,1.6122448979591837,1.3294912259913176,152935.0,-20780.0,709,1.1392427873785882
3.0,drift_floor,0.0,0.3,False,0.5,0.3,1.1411895897408226,1.6098466634610247,1.3297647071469263,153395.0,-20610.0,709,1.1411895897408226
3.0,drift_floor,0.0,0.3,False,1.0,0.0,1.155618453550632,1.5938076902790232,1.3335367877756004,155740.0,-20610.0,709,1.155618453550632
3.0,drift_floor,0.0,0.3,False,1.0,0.3,1.1606013515955331,1.6111541647737901,1.3423563274150254,158790.0,-20610.0,709,1.1606013515955331
3.0,drift_floor,0.0,0.5,True,0.5,0.0,1.1510711692084241,1.629339668484423,1.3433816026573457,158165.0,-19715.0,709,1.1510711692084241
3.0,drift_floor,0.0,0.5,True,0.5,0.3,1.1537525649639544,1.613135559184985,1.3394035793892964,156835.0,-21045.0,709,1.1537525649639544
3.0,drift_floor,0.0,0.5,True,1.0,0.0,1.164668047530797,1.6142853326922564,1.3466882941335496,160300.0,-20580.0,709,1.164668047530797
3.0,drift_floor,0.0,0.5,True,1.0,0.3,1.1749475029672236,1.6178435879617254,1.3547120276852644,163485.0,-20580.0,709,1.1749475029672236
3.0,drift_floor,0.0,0.5,False,0.5,0.0,1.138555409564607,1.6122448979591837,1.3289449605477033,152790.0,-21530.0,709,1.138555409564607
3.0,drift_floor,0.0,0.5,False,0.5,0.3,1.1369890042870725,1.6126256147102844,1.328009445607256,152795.0,-20885.0,709,1.1369890042870725
3.0,drift_floor,0.0,0.5,False,1.0,0.0,1.1577934804106658,1.5938076902790232,1.3345485647083979,156460.0,-20610.0,709,1.1577934804106658
3.0,drift_floor,0.0,0.5,False,1.0,0.3,1.1653932990156235,1.6144346944763022,1.346701415063861,160970.0,-20610.0,709,1.1653932990156235
3.0,drift_floor,0.0,0.7,True,0.5,0.0,1.1527332361516034,1.6258248713874,1.343636897192605,158085.0,-20780.0,709,1.1527332361516034
3.0,drift_floor,0.0,0.7,True,0.5,0.3,1.1544722849442786,1.6247515711446527,1.3444926749864352,158725.0,-20610.0,709,1.1544722849442786
3.0,drift_floor,0.0,0.7,True,1.0,0.0,1.1665544413911082,1.6203307288879374,1.3502453396302032,161675.0,-20610.0,709,1.1665544413911082
3.0,drift_floor,0.0,0.7,True,1.0,0.3,1.1698601194812763,1.653967821107172,1.363716775503964,166535.0,-20610.0,709,1.1698601194812763
3.0,drift_floor,0.0,0.7,False,0.5,0.0,1.138555409564607,1.6131234439000883,1.3293438952987773,153000.0,-21530.0,709,1.138555409564607
3.0,drift_floor,0.0,0.7,False,0.5,0.3,1.1369890042870725,1.6126256147102844,1.328009445607256,152795.0,-20885.0,709,1.1369890042870725
3.0,drift_floor,0.0,0.7,False,1.0,0.0,1.1525156669650851,1.59367844829855,1.3311347192771212,155380.0,-20735.0,709,1.1525156669650851
3.0,drift_floor,0.0,0.7,False,1.0,0.3,1.1627680663182556,1.6325536324728809,1.3511620124998651,162660.0,-20610.0,709,1.1627680663182556
3.0,drift_floor,1.0,0.0,True,0.5,0.0,1.1704005857127915,1.615737608471834,1.355476772616137,145390.0,-18315.0,709,1.1704005857127915
3.0,drift_floor,1.0,0.3,True,0.5,0.0,1.1580015123291714,1.6465046422719825,1.3549278409528738,161210.0,-20360.0,709,1.1580015123291714
3.0,drift_floor,1.0,0.3,True,0.5,0.3,1.143522110162917,1.6373344257817835,1.342754509492799,155530.0,-20360.0,709,1.143522110162917
3.0,drift_floor,1.0,0.3,True,1.0,0.0,1.1633815717164315,1.5560154019435786,1.324964696497677,150730.0,-19940.0,709,1.1633815717164315
3.0,drift_floor,1.0,0.3,True,1.0,0.3,1.1449684611999413,1.6059246445753825,1.3312867349837219,151620.0,-18905.0,709,1.1449684611999413
3.0,drift_floor,1.0,0.3,False,0.5,0.0,1.139427134775972,1.6017394552196995,1.325422891980079,151595.0,-20610.0,709,1.139427134775972
3.0,drift_floor,1.0,0.3,False,0.5,0.3,1.1224537410937023,1.602085883041558,1.3156636836182412,147265.0,-20610.0,709,1.1224537410937023
3.0,drift_floor,1.0,0.3,False,1.0,0.0,1.155465208318342,1.5991870566669324,1.3346169110469919,155980.0,-20610.0,709,1.155465208318342
3.0,drift_floor,1.0,0.3,False,1.0,0.3,1.137945922607804,1.6028612531969308,1.3253439000032214,151485.0,-20610.0,709,1.137945922607804
3.0,drift_floor,1.0,0.5,True,0.5,0.0,1.159980323567993,1.6183793084906168,1.3451380291479333,158905.0,-19545.0,709,1.159980323567993
3.0,drift_floor,1.0,0.5,True,0.5,0.3,1.130251794628867,1.5933799856318016,1.318485113930074,147250.0,-21045.0,709,1.130251794628867
3.0,drift_floor,1.0,0.5,True,1.0,0.0,1.170092777878843,1.6142853326922564,1.3500492386940384,161735.0,-20580.0,709,1.170092777878843
3.0,drift_floor,1.0,0.5,True,1.0,0.3,1.1510575665067597,1.6107010578485972,1.3374207279523773,156160.0,-20580.0,709,1.1510575665067597
3.0,drift_floor,1.0,0.5,False,0.5,0.0,1.1363456985003946,1.6112523754717487,1.3269071733129987,152190.0,-20885.0,709,1.1363456985003946
3.0,drift_floor,1.0,0.5,False,0.5,0.3,1.1194633997814913,1.61564571306393,1.3185556949672383,148525.0,-20885.0,709,1.1194633997814913
3.0,drift_floor,1.0,0.5,False,1.0,0.0,1.1593833105728455,1.5938076902790232,1.3354280218018595,156930.0,-20610.0,709,1.1593833105728455
3.0,drift_floor,1.0,0.5,False,1.0,0.3,1.141289511494253,1.617448590403542,1.3328968692647012,155085.0,-20610.0,709,1.141289511494253
3.0,drift_floor,1.0,0.7,True,0.5,0.0,1.1517420621217354,1.6258248713874,1.3427529626253418,157920.0,-20610.0,709,1.1517420621217354
3.0,drift_floor,1.0,0.7,True,0.5,0.3,1.135457154273675,1.6009155891093085,1.3235978400839727,149520.0,-20610.0,709,1.135457154273675
3.0,drift_floor,1.0,0.7,True,1.0,0.0,1.1681580096027935,1.6324302466639709,1.355194995601603,163530.0,-20610.0,709,1.1681580096027935
3.0,drift_floor,1.0,0.7,True,1.0,0.3,1.1455296184284396,1.6528125340006528,1.3482817477142515,160180.0,-20610.0,709,1.1455296184284396
3.0,drift_floor,1.0,0.7,False,0.5,0.0,1.1363456985003946,1.6228117425262591,1.3308210771119102,153630.0,-20885.0,709,1.1363456985003946
3.0,drift_floor,1.0,0.7,False,0.5,0.3,1.1194633997814913,1.61564571306393,1.3185556949672383,148525.0,-20885.0,709,1.1194633997814913
3.0,drift_floor,1.0,0.7,False,1.0,0.0,1.1589340904190326,1.59367844829855,1.3353265918482846,157015.0,-20735.0,709,1.1589340904190326
3.0,drift_floor,1.0,0.7,False,1.0,0.3,1.138733088432936,1.6355952733439207,1.3373101252205344,156775.0,-20610.0,709,1.138733088432936
4.0,pure_ratchet,0.0,0.0,True,0.5,0.0,1.1698137851252006,1.5646788745929208,1.3322680548234054,151275.0,-20375.0,709,1.1698137851252006
4.0,pure_ratchet,0.0,0.3,True,0.5,0.0,1.1507067453927358,1.6169429097605894,1.3378214809816082,157690.0,-20610.0,709,1.1507067453927358
4.0,pure_ratchet,0.0,0.3,True,0.5,0.3,1.1582596136486731,1.621807254775703,1.3447152014849668,159710.0,-20610.0,709,1.1582596136486731
4.0,pure_ratchet,0.0,0.3,True,1.0,0.0,1.1505491561746584,1.6128054455050653,1.3362783641724714,157385.0,-20875.0,709,1.1505491561746584
4.0,pure_ratchet,0.0,0.3,True,1.0,0.3,1.1555119880569096,1.6128054455050653,1.340031757612171,158465.0,-20875.0,709,1.1555119880569096
4.0,pure_ratchet,0.0,0.3,False,0.5,0.0,1.1556012884753042,1.606127379403722,1.3370070659668403,157630.0,-20610.0,709,1.1556012884753042
4.0,pure_ratchet,0.0,0.3,False,0.5,0.3,1.1590855908559086,1.622295415595544,1.345288969741332,160385.0,-20610.0,709,1.1590855908559086
4.0,pure_ratchet,0.0,0.3,False,1.0,0.0,1.1468821841640975,1.5989034162800506,1.3292113685419302,154810.0,-21000.0,709,1.1468821841640975
4.0,pure_ratchet,0.0,0.3,False,1.0,0.3,1.1444406821948567,1.5989034162800506,1.3277546810705059,154125.0,-21000.0,709,1.1444406821948567
4.0,pure_ratchet,0.0,0.5,True,0.5,0.0,1.1549227452389508,1.6108378313701508,1.338762075287609,157980.0,-20610.0,709,1.1549227452389508
4.0,pure_ratchet,0.0,0.5,True,0.5,0.3,1.1604355454265922,1.6254552270779776,1.347907288056914,161135.0,-20610.0,709,1.1604355454265922
4.0,pure_ratchet,0.0,0.5,True,1.0,0.0,1.1468821841640975,1.5989034162800506,1.3292113685419302,154810.0,-21000.0,709,1.1468821841640975
4.0,pure_ratchet,0.0,0.5,True,1.0,0.3,1.1526159921026653,1.5989034162800506,1.3333974009887775,156115.0,-21000.0,709,1.1526159921026653
4.0,pure_ratchet,0.0,0.5,False,0.5,0.0,1.1556012884753042,1.606127379403722,1.3370070659668403,157630.0,-20610.0,709,1.1556012884753042
4.0,pure_ratchet,0.0,0.5,False,0.5,0.3,1.1590855908559086,1.6175338217207635,1.3435459405961896,159675.0,-20610.0,709,1.1590855908559086
4.0,pure_ratchet,0.0,0.5,False,1.0,0.0,1.1468821841640975,1.5989034162800506,1.3292113685419302,154810.0,-21000.0,709,1.1468821841640975
4.0,pure_ratchet,0.0,0.5,False,1.0,0.3,1.1444406821948567,1.5989034162800506,1.3277546810705059,154125.0,-21000.0,709,1.1444406821948567
4.0,pure_ratchet,0.0,0.7,True,0.5,0.0,1.1549227452389508,1.6108378313701508,1.338762075287609,157980.0,-20610.0,709,1.1549227452389508
4.0,pure_ratchet,0.0,0.7,True,0.5,0.3,1.153829538295383,1.6254552270779776,1.3434159678790945,159515.0,-20610.0,709,1.153829538295383
4.0,pure_ratchet,0.0,0.7,True,1.0,0.0,1.1468821841640975,1.5989034162800506,1.3292113685419302,154810.0,-21000.0,709,1.1468821841640975
4.0,pure_ratchet,0.0,0.7,True,1.0,0.3,1.1492125984251969,1.5989034162800506,1.3310522725334697,155290.0,-21000.0,709,1.1492125984251969
4.0,pure_ratchet,0.0,0.7,False,0.5,0.0,1.1556012884753042,1.606127379403722,1.3370070659668403,157630.0,-20610.0,709,1.1556012884753042
4.0,pure_ratchet,0.0,0.7,False,0.5,0.3,1.1590855908559086,1.6175338217207635,1.3435459405961896,159675.0,-20610.0,709,1.1590855908559086
4.0,pure_ratchet,0.0,0.7,False,1.0,0.0,1.1468821841640975,1.5989034162800506,1.3292113685419302,154810.0,-21000.0,709,1.1468821841640975
4.0,pure_ratchet,0.0,0.7,False,1.0,0.3,1.1444406821948567,1.5989034162800506,1.3277546810705059,154125.0,-21000.0,709,1.1444406821948567
4.0,drift_floor,0.0,0.0,True,0.5,0.0,1.1698137851252006,1.5646788745929208,1.3322680548234054,151275.0,-20375.0,709,1.1698137851252006
4.0,drift_floor,0.0,0.3,True,0.5,0.0,1.1507067453927358,1.6169429097605894,1.3378214809816082,157690.0,-20610.0,709,1.1507067453927358
4.0,drift_floor,0.0,0.3,True,0.5,0.3,1.1582596136486731,1.621807254775703,1.3447152014849668,159710.0,-20610.0,709,1.1582596136486731
4.0,drift_floor,0.0,0.3,True,1.0,0.0,1.1505491561746584,1.6128054455050653,1.3362783641724714,157385.0,-20875.0,709,1.1505491561746584
4.0,drift_floor,0.0,0.3,True,1.0,0.3,1.1555119880569096,1.6128054455050653,1.340031757612171,158465.0,-20875.0,709,1.1555119880569096
4.0,drift_floor,0.0,0.3,False,0.5,0.0,1.1556012884753042,1.606127379403722,1.3370070659668403,157630.0,-20610.0,709,1.1556012884753042
4.0,drift_floor,0.0,0.3,False,0.5,0.3,1.1590855908559086,1.622295415595544,1.345288969741332,160385.0,-20610.0,709,1.1590855908559086
4.0,drift_floor,0.0,0.3,False,1.0,0.0,1.1468821841640975,1.5989034162800506,1.3292113685419302,154810.0,-21000.0,709,1.1468821841640975
4.0,drift_floor,0.0,0.3,False,1.0,0.3,1.1444406821948567,1.5989034162800506,1.3277546810705059,154125.0,-21000.0,709,1.1444406821948567
4.0,drift_floor,0.0,0.5,True,0.5,0.0,1.1549227452389508,1.6108378313701508,1.338762075287609,157980.0,-20610.0,709,1.1549227452389508
4.0,drift_floor,0.0,0.5,True,0.5,0.3,1.1604355454265922,1.6254552270779776,1.347907288056914,161135.0,-20610.0,709,1.1604355454265922
4.0,drift_floor,0.0,0.5,True,1.0,0.0,1.1468821841640975,1.5989034162800506,1.3292113685419302,154810.0,-21000.0,709,1.1468821841640975
4.0,drift_floor,0.0,0.5,True,1.0,0.3,1.1526159921026653,1.5989034162800506,1.3333974009887775,156115.0,-21000.0,709,1.1526159921026653
4.0,drift_floor,0.0,0.5,False,0.5,0.0,1.1556012884753042,1.606127379403722,1.3370070659668403,157630.0,-20610.0,709,1.1556012884753042
4.0,drift_floor,0.0,0.5,False,0.5,0.3,1.1590855908559086,1.6175338217207635,1.3435459405961896,159675.0,-20610.0,709,1.1590855908559086
4.0,drift_floor,0.0,0.5,False,1.0,0.0,1.1468821841640975,1.5989034162800506,1.3292113685419302,154810.0,-21000.0,709,1.1468821841640975
4.0,drift_floor,0.0,0.5,False,1.0,0.3,1.1444406821948567,1.5989034162800506,1.3277546810705059,154125.0,-21000.0,709,1.1444406821948567
4.0,drift_floor,0.0,0.7,True,0.5,0.0,1.1549227452389508,1.6108378313701508,1.338762075287609,157980.0,-20610.0,709,1.1549227452389508
4.0,drift_floor,0.0,0.7,True,0.5,0.3,1.153829538295383,1.6254552270779776,1.3434159678790945,159515.0,-20610.0,709,1.153829538295383
4.0,drift_floor,0.0,0.7,True,1.0,0.0,1.1468821841640975,1.5989034162800506,1.3292113685419302,154810.0,-21000.0,709,1.1468821841640975
4.0,drift_floor,0.0,0.7,True,1.0,0.3,1.1492125984251969,1.5989034162800506,1.3310522725334697,155290.0,-21000.0,709,1.1492125984251969
4.0,drift_floor,0.0,0.7,False,0.5,0.0,1.1556012884753042,1.606127379403722,1.3370070659668403,157630.0,-20610.0,709,1.1556012884753042
4.0,drift_floor,0.0,0.7,False,0.5,0.3,1.1590855908559086,1.6175338217207635,1.3435459405961896,159675.0,-20610.0,709,1.1590855908559086
4.0,drift_floor,0.0,0.7,False,1.0,0.0,1.1468821841640975,1.5989034162800506,1.3292113685419302,154810.0,-21000.0,709,1.1468821841640975
4.0,drift_floor,0.0,0.7,False,1.0,0.3,1.1444406821948567,1.5989034162800506,1.3277546810705059,154125.0,-21000.0,709,1.1444406821948567
4.0,drift_floor,1.0,0.0,True,0.5,0.0,1.1962830957230142,1.5941239877283657,1.3612699868187288,157595.0,-20010.0,709,1.1962830957230142
4.0,drift_floor,1.0,0.3,True,0.5,0.0,1.1525231830925167,1.6344187552270213,1.3451909697878353,160015.0,-20610.0,709,1.1525231830925167
4.0,drift_floor,1.0,0.3,True,0.5,0.3,1.1590547767018355,1.6179380614023327,1.3437779960495213,159250.0,-20610.0,709,1.1590547767018355
4.0,drift_floor,1.0,0.3,True,1.0,0.0,1.1509163546462673,1.6128054455050653,1.3368476259793638,157355.0,-20875.0,709,1.1509163546462673
4.0,drift_floor,1.0,0.3,True,1.0,0.3,1.1557406541215414,1.6128054455050653,1.3401899243521649,158520.0,-20875.0,709,1.1557406541215414
4.0,drift_floor,1.0,0.3,False,0.5,0.0,1.1550106724543057,1.606127379403722,1.3369050932368494,157365.0,-20610.0,709,1.1550106724543057
4.0,drift_floor,1.0,0.3,False,0.5,0.3,1.158355819391977,1.6194301628106256,1.3436309639098716,159675.0,-20610.0,709,1.158355819391977
4.0,drift_floor,1.0,0.3,False,1.0,0.0,1.1446650743289009,1.5989034162800506,1.3279099938322805,154180.0,-21000.0,709,1.1446650743289009
4.0,drift_floor,1.0,0.3,False,1.0,0.3,1.1446650743289009,1.5949513541940574,1.326583945948243,153710.0,-21000.0,709,1.1446650743289009
4.0,drift_floor,1.0,0.5,True,0.5,0.0,1.1500618978416492,1.6169429097605894,1.3377430153212309,157395.0,-20610.0,709,1.1500618978416492
4.0,drift_floor,1.0,0.5,True,0.5,0.3,1.156788452864231,1.6137313909824496,1.3413319852862091,158675.0,-20610.0,709,1.156788452864231
4.0,drift_floor,1.0,0.5,True,1.0,0.0,1.1446650743289009,1.5989034162800506,1.3279099938322805,154180.0,-21000.0,709,1.1446650743289009
4.0,drift_floor,1.0,0.5,True,1.0,0.3,1.1528436018957346,1.5989034162800506,1.3335540367364374,156170.0,-21000.0,709,1.1528436018957346
4.0,drift_floor,1.0,0.5,False,0.5,0.0,1.1525711933272478,1.606127379403722,1.3352185254875129,156775.0,-20610.0,709,1.1525711933272478
4.0,drift_floor,1.0,0.5,False,0.5,0.3,1.158355819391977,1.6194301628106256,1.3436309639098716,159675.0,-20610.0,709,1.158355819391977
4.0,drift_floor,1.0,0.5,False,1.0,0.0,1.1446650743289009,1.5989034162800506,1.3279099938322805,154180.0,-21000.0,709,1.1446650743289009
4.0,drift_floor,1.0,0.5,False,1.0,0.3,1.1446650743289009,1.5989034162800506,1.3279099938322805,154180.0,-21000.0,709,1.1446650743289009
4.0,drift_floor,1.0,0.7,True,0.5,0.0,1.151880536936872,1.6108378313701508,1.3369684102168178,157125.0,-20610.0,709,1.151880536936872
4.0,drift_floor,1.0,0.7,True,0.5,0.3,1.1597013846209465,1.6225899742930592,1.346243498154663,160425.0,-20610.0,709,1.1597013846209465
4.0,drift_floor,1.0,0.7,True,1.0,0.0,1.1446650743289009,1.5989034162800506,1.3279099938322805,154180.0,-21000.0,709,1.1446650743289009
4.0,drift_floor,1.0,0.7,True,1.0,0.3,1.1528436018957346,1.5989034162800506,1.3335540367364374,156170.0,-21000.0,709,1.1528436018957346
4.0,drift_floor,1.0,0.7,False,0.5,0.0,1.1525711933272478,1.606127379403722,1.3352185254875129,156775.0,-20610.0,709,1.1525711933272478
4.0,drift_floor,1.0,0.7,False,0.5,0.3,1.158355819391977,1.6194301628106256,1.3436309639098716,159675.0,-20610.0,709,1.158355819391977
4.0,drift_floor,1.0,0.7,False,1.0,0.0,1.1446650743289009,1.5989034162800506,1.3279099938322805,154180.0,-21000.0,709,1.1446650743289009
4.0,drift_floor,1.0,0.7,False,1.0,0.3,1.1446650743289009,1.5989034162800506,1.3279099938322805,154180.0,-21000.0,709,1.1446650743289009
