session_date,entry_time,entry_price,exit_price,sl,tp,risk_pts,delta_at_entry,net_pts,net_dollars,reason
2021-01-05,2021-01-05 10:05:00-05:00,12772.75,12773.75,12650.25,12895.25,122.5,483.0,0.5,5.0,EOD
2021-01-06,2021-01-06 10:15:00-05:00,12676.75,12683.0,12551.25,12802.25,125.5,437.0,5.75,110.0,EOD
2021-01-07,2021-01-07 10:05:00-05:00,12871.5,12917.75,12726.0,13017.0,145.5,492.0,45.75,910.0,EOD
2021-01-11,2021-01-11 10:10:00-05:00,12980.5,12941.25,12892.25,13068.75,88.25,435.0,-39.75,-800.0,EOD
2021-01-13,2021-01-13 10:40:00-05:00,12958.75,12989.25,12864.5,13053.0,94.25,797.0,30.0,595.0,EOD
2021-01-14,2021-01-14 10:50:00-05:00,13020.75,12968.75,12968.75,13072.75,52.0,701.0,-52.5,-1055.0,SL
2021-01-19,2021-01-19 12:40:00-05:00,12931.25,12985.5,12860.5,13002.0,70.75,312.0,53.75,1070.0,EOD
2021-01-20,2021-01-20 10:10:00-05:00,13206.5,13292.0,13121.0,13292.0,85.5,894.0,85.0,1695.0,TP
2021-01-21,2021-01-21 10:15:00-05:00,13364.5,13405.0,13283.25,13445.75,81.25,972.0,40.0,795.0,EOD
2021-01-26,2021-01-26 10:50:00-05:00,13514.0,13496.25,13426.75,13601.25,87.25,386.0,-18.25,-370.0,EOD
2021-01-28,2021-01-28 10:20:00-05:00,13266.25,13330.75,13128.25,13404.25,138.0,719.0,64.0,1275.0,EOD
2021-01-29,2021-01-29 10:25:00-05:00,13147.5,12998.0,12998.0,13297.0,149.5,1049.0,-150.0,-3005.0,SL
2021-02-01,2021-02-01 10:45:00-05:00,13116.0,13261.75,12970.25,13261.75,145.75,629.0,145.25,2900.0,TP
2021-02-02,2021-02-02 10:20:00-05:00,13434.25,13488.75,13345.0,13523.5,89.25,1039.0,54.0,1075.0,EOD
2021-02-04,2021-02-04 13:15:00-05:00,13497.5,13506.25,13412.25,13582.75,85.25,566.0,8.25,160.0,EOD
2021-02-05,2021-02-05 12:45:00-05:00,13618.5,13594.5,13535.25,13701.75,83.25,401.0,-24.5,-495.0,EOD
2021-02-08,2021-02-08 10:05:00-05:00,13674.5,13632.75,13632.75,13716.25,41.75,447.0,-42.25,-850.0,SL
2021-02-09,2021-02-09 10:20:00-05:00,13725.5,13704.75,13645.25,13805.75,80.25,308.0,-21.25,-430.0,EOD
2021-02-12,2021-02-12 10:15:00-05:00,13706.75,13741.75,13646.0,13767.5,60.75,468.0,34.5,685.0,EOD
2021-02-18,2021-02-18 13:25:00-05:00,13596.0,13643.0,13522.5,13669.5,73.5,732.0,46.5,925.0,EOD
2021-02-23,2021-02-23 10:45:00-05:00,13037.25,13128.75,12757.25,13317.25,280.0,775.0,91.0,1815.0,EOD
2021-02-24,2021-02-24 11:15:00-05:00,13143.0,13234.5,13002.0,13284.0,141.0,391.0,91.0,1815.0,EOD
2021-02-26,2021-02-26 12:10:00-05:00,13052.25,12991.5,12858.75,13245.75,193.5,887.0,-61.25,-1230.0,EOD
2021-03-01,2021-03-01 10:20:00-05:00,13131.5,13222.5,13040.5,13222.5,91.0,848.0,90.5,1805.0,TP
2021-03-04,2021-03-04 11:45:00-05:00,12782.75,12568.25,12568.25,12997.25,214.5,626.0,-215.0,-4305.0,SL
2021-03-05,2021-03-05 14:35:00-05:00,12638.0,12668.25,12358.5,12917.5,279.5,697.0,29.75,590.0,EOD
2021-03-08,2021-03-08 10:35:00-05:00,12709.0,12526.75,12526.75,12891.25,182.25,308.0,-182.75,-3660.0,SL
2021-03-09,2021-03-09 12:00:00-05:00,12746.75,12835.5,12587.0,12906.5,159.75,305.0,88.25,1760.0,EOD
2021-03-12,2021-03-12 14:45:00-05:00,12901.5,12900.5,12789.25,13013.75,112.25,385.0,-1.5,-35.0,EOD
2021-03-16,2021-03-16 10:05:00-04:00,13235.75,13132.25,13132.25,13339.25,103.5,444.0,-104.0,-2085.0,SL
2021-03-17,2021-03-17 10:20:00-04:00,13066.75,13199.25,12934.25,13199.25,132.5,469.0,132.0,2635.0,TP
2021-03-19,2021-03-19 11:55:00-04:00,12855.0,12876.75,12724.75,12985.25,130.25,577.0,21.25,420.0,EOD
2021-03-22,2021-03-22 10:45:00-04:00,13040.25,13152.75,12927.75,13152.75,112.5,424.0,112.0,2235.0,TP
2021-03-23,2021-03-23 11:00:00-04:00,13124.75,13050.5,13050.5,13199.0,74.25,837.0,-74.75,-1500.0,SL
2021-03-25,2021-03-25 10:05:00-04:00,12823.0,12688.75,12688.75,12957.25,134.25,947.0,-134.75,-2700.0,SL
2021-03-26,2021-03-26 10:05:00-04:00,12850.0,12753.75,12753.75,12946.25,96.25,1142.0,-96.75,-1940.0,SL
2021-03-29,2021-03-29 13:15:00-04:00,12989.0,12904.5,12852.25,13125.75,136.75,507.0,-85.0,-1705.0,EOD
2021-03-30,2021-03-30 11:35:00-04:00,12895.75,12893.25,12805.25,12986.25,90.5,629.0,-3.0,-65.0,EOD
2021-03-31,2021-03-31 10:05:00-04:00,13067.5,13117.75,12953.0,13182.0,114.5,657.0,49.75,990.0,EOD
2021-04-01,2021-04-01 10:10:00-04:00,13306.25,13301.5,13241.75,13370.75,64.5,1770.0,-5.25,-110.0,EOD
2021-04-05,2021-04-05 10:10:00-04:00,13489.75,13570.25,13409.25,13570.25,80.5,328.0,80.0,1595.0,TP
2021-04-06,2021-04-06 10:55:00-04:00,13611.0,13606.0,13538.75,13683.25,72.25,830.0,-5.5,-115.0,EOD
2021-04-07,2021-04-07 10:15:00-04:00,13604.75,13616.75,13512.5,13697.0,92.25,616.0,11.5,225.0,EOD
2021-04-09,2021-04-09 10:05:00-04:00,13732.0,13771.5,13658.25,13805.75,73.75,464.0,39.0,775.0,EOD
2021-04-12,2021-04-12 12:35:00-04:00,13813.75,13783.0,13742.5,13885.0,71.25,824.0,-31.25,-630.0,EOD
2021-04-13,2021-04-13 14:35:00-04:00,13953.5,13969.5,13866.75,14040.25,86.75,563.0,15.5,305.0,EOD
2021-04-15,2021-04-15 10:30:00-04:00,13988.75,14001.25,13923.0,14054.5,65.75,396.0,12.0,235.0,EOD
2021-04-21,2021-04-21 10:30:00-04:00,13816.0,13855.5,13700.5,13931.5,115.5,975.0,39.0,775.0,EOD
2021-04-22,2021-04-22 10:35:00-04:00,13931.25,13855.5,13855.5,14007.0,75.75,825.0,-76.25,-1530.0,SL
2021-04-23,2021-04-23 10:15:00-04:00,13851.25,13926.5,13776.0,13926.5,75.25,712.0,74.75,1490.0,TP
2021-04-26,2021-04-26 10:15:00-04:00,13956.75,14011.25,13902.25,14011.25,54.5,471.0,54.0,1075.0,TP
2021-04-30,2021-04-30 10:25:00-04:00,13923.25,13840.5,13840.5,14006.0,82.75,770.0,-83.25,-1670.0,SL
2021-05-03,2021-05-03 10:20:00-04:00,13941.5,13851.0,13851.0,14032.0,90.5,416.0,-91.0,-1825.0,SL
2021-05-06,2021-05-06 11:35:00-04:00,13523.5,13486.5,13424.5,13622.5,99.0,583.0,-37.5,-755.0,EOD
2021-05-07,2021-05-07 10:10:00-04:00,13764.5,13719.75,13661.5,13867.5,103.0,498.0,-45.25,-910.0,EOD
2021-05-11,2021-05-11 11:20:00-04:00,13273.0,13330.5,13084.75,13461.25,188.25,904.0,57.0,1135.0,EOD
2021-05-13,2021-05-13 10:05:00-04:00,13189.0,13086.75,13086.75,13291.25,102.25,788.0,-102.75,-2060.0,SL
2021-05-14,2021-05-14 10:15:00-04:00,13286.25,13363.75,13208.75,13363.75,77.5,458.0,77.0,1535.0,TP
2021-05-18,2021-05-18 10:30:00-04:00,13382.25,13300.0,13300.0,13464.5,82.25,306.0,-82.75,-1660.0,SL
2021-05-19,2021-05-19 10:30:00-04:00,13092.5,13215.5,12969.5,13215.5,123.0,1001.0,122.5,2445.0,TP
2021-05-20,2021-05-20 10:05:00-04:00,13405.75,13505.5,13281.25,13530.25,124.5,397.0,99.25,1980.0,EOD
2021-05-24,2021-05-24 10:15:00-04:00,13615.25,13679.0,13493.5,13737.0,121.75,630.0,63.25,1260.0,EOD
2021-05-26,2021-05-26 12:05:00-04:00,13717.5,13702.5,13662.0,13773.0,55.5,380.0,-15.5,-315.0,EOD
2021-05-27,2021-05-27 10:20:00-04:00,13699.0,13664.75,13644.0,13754.0,55.0,639.0,-34.75,-700.0,EOD
2021-05-28,2021-05-28 11:45:00-04:00,13745.5,13731.75,13695.75,13795.25,49.75,461.0,-14.25,-290.0,EOD
2021-06-03,2021-06-03 11:00:00-04:00,13578.75,13533.5,13462.25,13695.25,116.5,911.0,-45.75,-920.0,EOD
2021-06-04,2021-06-04 10:05:00-04:00,13733.0,13775.0,13605.5,13860.5,127.5,386.0,41.5,825.0,EOD
2021-06-07,2021-06-07 15:00:00-04:00,13778.25,13778.25,13720.75,13835.75,57.5,483.0,-0.5,-15.0,EOD_LAST
2021-06-14,2021-06-14 12:05:00-04:00,14041.0,14055.5,13957.0,14125.0,84.0,362.0,14.0,275.0,EOD
2021-06-17,2021-06-17 10:20:00-04:00,14060.75,14189.5,13932.0,14189.5,128.75,736.0,128.25,2560.0,TP
2021-06-21,2021-06-21 10:40:00-04:00,14081.75,14127.0,13958.5,14205.0,123.25,548.0,44.75,890.0,EOD
2021-06-22,2021-06-22 11:10:00-04:00,14187.25,14237.75,14107.5,14267.0,79.75,587.0,50.0,995.0,EOD
2021-06-24,2021-06-24 10:25:00-04:00,14394.0,14344.0,14344.0,14444.0,50.0,319.0,-50.5,-1015.0,SL
2021-06-28,2021-06-28 10:55:00-04:00,14479.0,14503.75,14390.75,14567.25,88.25,498.0,24.25,480.0,EOD
2021-06-29,2021-06-29 12:20:00-04:00,14533.75,14547.5,14470.5,14597.0,63.25,683.0,13.25,260.0,EOD
2021-07-02,2021-07-02 11:55:00-04:00,14670.0,14690.25,14619.25,14720.75,50.75,410.0,19.75,390.0,EOD
2021-07-06,2021-07-06 10:10:00-04:00,14786.0,14738.0,14738.0,14834.0,48.0,1427.0,-48.5,-975.0,SL
2021-07-08,2021-07-08 10:30:00-04:00,14644.0,14747.5,14540.5,14747.5,103.5,1112.0,103.0,2055.0,TP
2021-07-09,2021-07-09 10:25:00-04:00,14727.75,14787.5,14668.0,14787.5,59.75,422.0,59.25,1180.0,TP
2021-07-13,2021-07-13 10:05:00-04:00,14927.25,14842.25,14842.25,15012.25,85.0,619.0,-85.5,-1715.0,SL
2021-07-14,2021-07-14 10:05:00-04:00,14992.5,14935.0,14935.0,15050.0,57.5,1403.0,-58.0,-1165.0,SL
2021-07-20,2021-07-20 10:25:00-04:00,14608.25,14699.75,14516.75,14699.75,91.5,456.0,91.0,1815.0,TP
2021-07-21,2021-07-21 10:25:00-04:00,14761.25,14787.75,14692.25,14830.25,69.0,544.0,26.0,515.0,EOD
2021-07-22,2021-07-22 10:30:00-04:00,14905.0,14923.0,14839.5,14970.5,65.5,1149.0,17.5,345.0,EOD
2021-07-23,2021-07-23 10:20:00-04:00,14997.25,15060.25,14934.25,15060.25,63.0,393.0,62.5,1245.0,TP
2021-07-26,2021-07-26 10:35:00-04:00,15112.5,15118.5,15040.25,15184.75,72.25,474.0,5.5,105.0,EOD
2021-07-28,2021-07-28 10:20:00-04:00,15053.75,15009.0,14901.5,15206.0,152.25,1432.0,-45.25,-910.0,EOD
2021-07-30,2021-07-30 10:05:00-04:00,14977.0,14954.0,14866.0,15088.0,111.0,860.0,-23.5,-475.0,EOD
2021-08-03,2021-08-03 13:00:00-04:00,15020.75,15025.0,14903.25,15138.25,117.5,528.0,3.75,70.0,EOD
2021-08-04,2021-08-04 13:05:00-04:00,15074.75,15076.5,15018.5,15131.0,56.25,503.0,1.25,20.0,EOD
2021-08-05,2021-08-05 10:20:00-04:00,15130.25,15152.25,15073.0,15187.5,57.25,416.0,21.5,425.0,EOD
2021-08-09,2021-08-09 14:35:00-04:00,15143.75,15131.5,15069.0,15218.5,74.75,374.0,-12.75,-260.0,EOD
2021-08-12,2021-08-12 10:20:00-04:00,15008.25,15070.0,14946.5,15070.0,61.75,835.0,61.25,1220.0,TP
2021-08-13,2021-08-13 10:20:00-04:00,15133.0,15107.75,15068.25,15197.75,64.75,1187.0,-25.75,-520.0,EOD
2021-08-17,2021-08-17 10:45:00-04:00,15050.0,14955.0,14955.0,15145.0,95.0,529.0,-95.5,-1915.0,SL
2021-08-19,2021-08-19 10:15:00-04:00,14853.5,14943.25,14763.75,14943.25,89.75,359.0,89.25,1780.0,TP
2021-08-20,2021-08-20 10:05:00-04:00,15059.25,15065.75,14959.0,15159.5,100.25,302.0,6.0,115.0,EOD
2021-08-23,2021-08-23 10:05:00-04:00,15229.75,15334.75,15124.75,15334.75,105.0,967.0,104.5,2085.0,TP
2021-08-24,2021-08-24 10:10:00-04:00,15361.0,15361.5,15313.0,15409.0,48.0,997.0,0.0,-5.0,EOD
2021-08-27,2021-08-27 10:05:00-04:00,15361.0,15437.75,15284.25,15437.75,76.75,1169.0,76.25,1520.0,TP
2021-08-30,2021-08-30 10:25:00-04:00,15567.0,15617.25,15455.25,15678.75,111.75,838.0,49.75,990.0,EOD
2021-09-03,2021-09-03 10:05:00-04:00,15661.25,15654.0,15554.25,15768.25,107.0,894.0,-7.75,-160.0,EOD
2021-09-07,2021-09-07 12:20:00-04:00,15687.75,15690.0,15613.5,15762.0,74.25,362.0,1.75,30.0,EOD
2021-09-15,2021-09-15 13:30:00-04:00,15443.25,15476.75,15331.25,15555.25,112.0,381.0,33.0,655.0,EOD
2021-09-16,2021-09-16 14:55:00-04:00,15489.5,15493.25,15387.25,15591.75,102.25,390.0,3.25,60.0,EOD
2021-09-22,2021-09-22 10:20:00-04:00,15110.5,15206.25,15014.75,15206.25,95.75,374.0,95.25,1900.0,TP
2021-09-23,2021-09-23 10:05:00-04:00,15318.5,15330.0,15182.0,15455.0,136.5,960.0,11.0,215.0,EOD
2021-09-24,2021-09-24 11:55:00-04:00,15257.25,15302.5,15189.75,15324.75,67.5,729.0,44.75,890.0,EOD
2021-09-27,2021-09-27 11:05:00-04:00,15221.5,15198.5,15084.0,15359.0,137.5,1659.0,-23.5,-475.0,EOD
2021-10-01,2021-10-01 13:50:00-04:00,14739.75,14780.75,14606.75,14872.75,133.0,557.0,40.5,805.0,EOD
2021-10-05,2021-10-05 10:05:00-04:00,14606.0,14714.5,14497.5,14714.5,108.5,574.0,108.0,2155.0,TP
2021-10-06,2021-10-06 10:25:00-04:00,14658.25,14704.25,14511.5,14805.0,146.75,1685.0,45.5,905.0,EOD
2021-10-07,2021-10-07 10:35:00-04:00,14994.0,14926.75,14859.25,15128.75,134.75,390.0,-67.75,-1360.0,EOD
2021-10-11,2021-10-11 11:05:00-04:00,14877.5,14796.25,14722.0,15033.0,155.5,321.0,-81.75,-1640.0,EOD
2021-10-14,2021-10-14 10:05:00-04:00,14973.0,15039.25,14890.5,15055.5,82.5,979.0,65.75,1310.0,EOD
2021-10-15,2021-10-15 11:00:00-04:00,15110.5,15115.25,15049.25,15171.75,61.25,522.0,4.25,80.0,EOD
2021-10-18,2021-10-18 10:10:00-04:00,15153.5,15255.0,15052.0,15255.0,101.5,397.0,101.0,2015.0,TP
2021-10-19,2021-10-19 10:30:00-04:00,15359.25,15376.0,15302.0,15416.5,57.25,500.0,16.25,320.0,EOD
2021-10-21,2021-10-21 10:10:00-04:00,15399.75,15440.5,15334.0,15465.5,65.75,405.0,40.25,800.0,EOD
2021-10-22,2021-10-22 10:30:00-04:00,15463.0,15385.5,15385.5,15540.5,77.5,610.0,-78.0,-1565.0,SL
2021-10-25,2021-10-25 12:05:00-04:00,15453.0,15517.5,15322.25,15583.75,130.75,319.0,64.0,1275.0,EOD
2021-10-26,2021-10-26 10:50:00-04:00,15689.75,15580.0,15580.0,15799.5,109.75,434.0,-110.25,-2210.0,SL
2021-10-27,2021-10-27 10:55:00-04:00,15648.5,15682.0,15558.75,15738.25,89.75,764.0,33.0,655.0,EOD
2021-10-28,2021-10-28 10:30:00-04:00,15698.75,15741.25,15635.5,15762.0,63.25,459.0,42.0,835.0,EOD
2021-10-29,2021-10-29 11:10:00-04:00,15707.75,15799.75,15615.75,15799.75,92.0,550.0,91.5,1825.0,TP
2021-11-02,2021-11-02 11:45:00-04:00,15971.75,15949.5,15864.0,16079.5,107.75,1017.0,-22.75,-460.0,EOD
2021-11-03,2021-11-03 14:05:00-04:00,16037.75,16082.75,15943.25,16132.25,94.5,1878.0,44.5,885.0,EOD
2021-11-04,2021-11-04 10:05:00-04:00,16253.75,16350.5,16157.0,16350.5,96.75,443.0,96.25,1920.0,TP
2021-11-10,2021-11-10 10:10:00-05:00,16187.5,16041.75,16041.75,16333.25,145.75,441.0,-146.25,-2930.0,SL
2021-11-12,2021-11-12 10:50:00-05:00,16087.0,16172.25,16001.75,16172.25,85.25,581.0,84.75,1690.0,TP
2021-11-16,2021-11-16 11:05:00-05:00,16255.25,16309.0,16149.25,16361.25,106.0,748.0,53.25,1060.0,EOD
2021-11-17,2021-11-17 10:40:00-05:00,16344.5,16342.75,16270.0,16419.0,74.5,1077.0,-2.25,-50.0,EOD
2021-11-18,2021-11-18 11:35:00-05:00,16430.75,16447.25,16353.25,16508.25,77.5,989.0,16.0,315.0,EOD
2021-11-19,2021-11-19 11:40:00-05:00,16618.0,16583.0,16516.25,16719.75,101.75,593.0,-35.5,-715.0,EOD
2021-11-22,2021-11-22 10:05:00-05:00,16744.25,16638.25,16638.25,16850.25,106.0,638.0,-106.5,-2135.0,SL
2021-11-24,2021-11-24 10:05:00-05:00,16225.25,16325.5,16102.0,16348.5,123.25,524.0,99.75,1990.0,EOD
2021-11-29,2021-11-29 11:40:00-05:00,16334.25,16402.25,16208.5,16460.0,125.75,310.0,67.5,1345.0,EOD
2021-11-30,2021-11-30 10:05:00-05:00,16422.5,16319.0,16319.0,16526.0,103.5,480.0,-104.0,-2085.0,SL
2021-12-01,2021-12-01 10:50:00-05:00,16357.0,16270.5,16270.5,16443.5,86.5,655.0,-87.0,-1745.0,SL
2021-12-02,2021-12-02 10:05:00-05:00,16018.75,15788.5,15788.5,16249.0,230.25,890.0,-230.75,-4620.0,SL
2021-12-06,2021-12-06 11:45:00-05:00,15762.75,15838.25,15559.25,15966.25,203.5,618.0,75.0,1495.0,EOD
2021-12-07,2021-12-07 10:15:00-05:00,16263.0,16297.0,16119.0,16407.0,144.0,357.0,33.5,665.0,EOD
2021-12-08,2021-12-08 13:45:00-05:00,16368.5,16368.0,16251.5,16485.5,117.0,366.0,-1.0,-25.0,EOD
2021-12-15,2021-12-15 14:15:00-05:00,15983.0,15994.0,15824.0,16142.0,159.0,467.0,10.5,205.0,EOD
2021-12-17,2021-12-17 10:50:00-05:00,15881.5,15864.5,15657.0,16106.0,224.5,547.0,-17.5,-355.0,EOD
2021-12-21,2021-12-21 12:15:00-05:00,15813.0,15962.0,15664.0,15962.0,149.0,661.0,148.5,2965.0,TP
2021-12-22,2021-12-22 10:40:00-05:00,16065.75,16115.0,15933.25,16198.25,132.5,1112.0,48.75,970.0,EOD
2021-12-23,2021-12-23 10:15:00-05:00,16258.5,16337.25,16176.5,16340.5,82.0,662.0,78.25,1560.0,EOD
2021-12-27,2021-12-27 10:05:00-05:00,16457.5,16541.25,16344.5,16570.5,113.0,1065.0,83.25,1660.0,EOD
2021-12-30,2021-12-30 10:10:00-05:00,16538.25,16523.75,16449.25,16627.25,89.0,348.0,-15.0,-305.0,EOD
2022-01-03,2022-01-03 14:45:00-05:00,16489.5,16474.0,16292.0,16687.0,197.5,648.0,-16.0,-325.0,EOD
2022-01-06,2022-01-06 11:15:00-05:00,15861.25,15818.25,15672.0,16050.5,189.25,358.0,-43.5,-875.0,EOD
2022-01-10,2022-01-10 13:55:00-05:00,15418.0,15462.25,15241.75,15594.25,176.25,416.0,43.75,870.0,EOD
2022-01-11,2022-01-11 10:05:00-05:00,15620.75,15766.5,15475.0,15766.5,145.75,1080.0,145.25,2900.0,TP
2022-01-18,2022-01-18 10:10:00-05:00,15408.0,15271.75,15271.75,15544.25,136.25,891.0,-136.75,-2740.0,SL
2022-01-20,2022-01-20 10:35:00-05:00,15302.75,15160.25,15160.25,15445.25,142.5,1154.0,-143.0,-2865.0,SL
2022-01-21,2022-01-21 11:25:00-05:00,14844.75,14631.25,14631.25,15058.25,213.5,981.0,-214.0,-4285.0,SL
2022-01-25,2022-01-25 14:45:00-05:00,14346.5,14390.25,14063.25,14629.75,283.25,649.0,43.25,860.0,EOD
2022-01-26,2022-01-26 10:05:00-05:00,14505.0,14350.25,14350.25,14659.75,154.75,300.0,-155.25,-3110.0,SL
2022-01-28,2022-01-28 11:15:00-05:00,14188.5,14212.25,13867.0,14510.0,321.5,443.0,23.25,460.0,EOD
2022-01-31,2022-01-31 10:10:00-05:00,14705.75,14810.75,14416.25,14995.25,289.5,573.0,104.5,2085.0,EOD
2022-02-03,2022-02-03 11:15:00-05:00,14800.25,14677.5,14677.5,14923.0,122.75,864.0,-123.25,-2470.0,SL
2022-02-04,2022-02-04 12:55:00-05:00,14631.75,14756.25,14432.75,14830.75,199.0,395.0,124.0,2475.0,EOD
2022-02-08,2022-02-08 10:50:00-05:00,14593.0,14684.5,14501.5,14684.5,91.5,521.0,91.0,1815.0,TP
2022-02-09,2022-02-09 11:05:00-05:00,14963.75,14989.75,14863.75,15063.75,100.0,474.0,25.5,505.0,EOD
2022-02-10,2022-02-10 10:10:00-05:00,14985.25,14728.5,14728.5,15242.0,256.75,373.0,-257.25,-5150.0,SL
2022-02-14,2022-02-14 11:20:00-05:00,14338.0,14182.0,14182.0,14494.0,156.0,1549.0,-156.5,-3135.0,SL
2022-02-15,2022-02-15 10:45:00-05:00,14540.0,14445.0,14445.0,14635.0,95.0,1120.0,-95.5,-1915.0,SL
2022-02-16,2022-02-16 14:25:00-05:00,14557.0,14587.25,14381.0,14733.0,176.0,982.0,29.75,590.0,EOD
2022-02-22,2022-02-22 10:30:00-05:00,14104.5,13862.0,13862.0,14347.0,242.5,882.0,-243.0,-4865.0,SL
2022-02-24,2022-02-24 10:35:00-05:00,13401.0,13744.0,13058.0,13744.0,343.0,723.0,342.5,6845.0,TP
2022-02-25,2022-02-25 10:45:00-05:00,14038.25,14108.75,13860.0,14216.5,178.25,1207.0,70.0,1395.0,EOD
2022-02-28,2022-02-28 10:40:00-05:00,14180.25,14027.25,14027.25,14333.25,153.0,724.0,-153.5,-3075.0,SL
2022-03-02,2022-03-02 11:10:00-05:00,14157.25,14239.0,14011.0,14303.5,146.25,471.0,81.25,1620.0,EOD
2022-03-08,2022-03-08 12:15:00-05:00,13458.25,13421.0,13221.75,13694.75,236.5,1641.0,-37.75,-760.0,EOD
2022-03-09,2022-03-09 11:00:00-05:00,13665.75,13721.75,13496.0,13835.5,169.75,1003.0,55.5,1105.0,EOD
2022-03-14,2022-03-14 10:55:00-04:00,13362.75,13200.0,13200.0,13525.5,162.75,717.0,-163.25,-3270.0,SL
2022-03-15,2022-03-15 10:05:00-04:00,13217.0,13346.5,13087.5,13346.5,129.5,627.0,129.0,2575.0,TP
2022-03-16,2022-03-16 10:15:00-04:00,13750.75,13612.25,13612.25,13889.25,138.5,710.0,-139.0,-2785.0,SL
2022-03-17,2022-03-17 13:25:00-04:00,13995.25,14060.0,13819.0,14171.5,176.25,490.0,64.25,1280.0,EOD
2022-03-18,2022-03-18 10:10:00-04:00,14202.5,14335.75,13995.0,14410.0,207.5,633.0,132.75,2650.0,EOD
2022-03-22,2022-03-22 10:05:00-04:00,14530.75,14643.0,14374.0,14687.5,156.75,670.0,111.75,2230.0,EOD
2022-03-23,2022-03-23 10:15:00-04:00,14564.0,14667.25,14460.75,14667.25,103.25,348.0,102.75,2050.0,TP
2022-03-24,2022-03-24 11:20:00-04:00,14581.25,14669.0,14468.5,14694.0,112.75,567.0,87.25,1740.0,EOD
2022-03-28,2022-03-28 15:00:00-04:00,14938.75,14938.75,14749.75,15127.75,189.0,608.0,-0.5,-15.0,EOD_LAST
2022-03-30,2022-03-30 10:15:00-04:00,15220.25,15141.25,15141.25,15299.25,79.0,1587.0,-79.5,-1595.0,SL
2022-04-04,2022-04-04 10:40:00-04:00,15061.25,15129.5,14883.5,15239.0,177.75,593.0,67.75,1350.0,EOD
2022-04-08,2022-04-08 12:25:00-04:00,14482.5,14380.25,14312.5,14652.5,170.0,383.0,-102.75,-2060.0,EOD
2022-04-13,2022-04-13 10:20:00-04:00,14081.5,14204.25,13921.0,14242.0,160.5,681.0,122.25,2440.0,EOD
2022-04-18,2022-04-18 10:15:00-04:00,13945.75,13827.0,13827.0,14064.5,118.75,894.0,-119.25,-2390.0,SL
2022-04-19,2022-04-19 10:10:00-04:00,14046.75,14157.5,13833.5,14260.0,213.25,758.0,110.25,2200.0,EOD
2022-04-25,2022-04-25 10:30:00-04:00,13392.5,13436.75,13236.0,13549.0,156.5,623.0,43.75,870.0,EOD
2022-04-28,2022-04-28 12:50:00-04:00,13342.0,13495.0,13095.75,13588.25,246.25,589.0,152.5,3045.0,EOD
2022-05-02,2022-05-02 10:30:00-04:00,12982.25,12742.75,12742.75,13221.75,239.5,1190.0,-240.0,-4805.0,SL
2022-05-03,2022-05-03 11:10:00-04:00,13127.25,13116.25,12968.5,13286.0,158.75,845.0,-11.5,-235.0,EOD
2022-05-04,2022-05-04 14:05:00-04:00,13172.25,13016.75,13016.75,13327.75,155.5,626.0,-156.0,-3125.0,SL
2022-05-06,2022-05-06 10:50:00-04:00,12807.0,12630.0,12519.0,13095.0,288.0,1043.0,-177.5,-3555.0,EOD
2022-05-12,2022-05-12 10:10:00-04:00,11909.5,12125.75,11693.25,12125.75,216.25,756.0,215.75,4310.0,TP
2022-05-13,2022-05-13 10:05:00-04:00,12288.0,12349.0,12064.75,12511.25,223.25,617.0,60.5,1205.0,EOD
2022-05-16,2022-05-16 14:30:00-04:00,12381.5,12361.5,12217.0,12546.0,164.5,329.0,-20.5,-415.0,EOD
2022-05-17,2022-05-17 14:50:00-04:00,12537.0,12516.0,12432.0,12642.0,105.0,585.0,-21.5,-435.0,EOD
2022-05-19,2022-05-19 11:25:00-04:00,11979.25,12012.5,11795.25,12163.25,184.0,535.0,32.75,650.0,EOD
2022-05-23,2022-05-23 11:35:00-04:00,12000.5,11995.25,11817.75,12183.25,182.75,636.0,-5.75,-120.0,EOD
2022-05-25,2022-05-25 10:35:00-04:00,11920.0,11969.25,11708.0,12132.0,212.0,613.0,48.75,970.0,EOD
2022-05-26,2022-05-26 10:15:00-04:00,12162.0,12307.0,11899.0,12425.0,263.0,403.0,144.5,2885.0,EOD
2022-05-27,2022-05-27 10:35:00-04:00,12579.5,12615.5,12402.0,12757.0,177.5,308.0,35.5,705.0,EOD
2022-05-31,2022-05-31 11:55:00-04:00,12698.25,12631.75,12520.75,12875.75,177.5,391.0,-67.0,-1345.0,EOD
2022-06-02,2022-06-02 10:15:00-04:00,12618.75,12795.0,12442.5,12795.0,176.25,1072.0,175.75,3510.0,TP
2022-06-06,2022-06-06 10:05:00-04:00,12788.75,12673.5,12673.5,12904.0,115.25,891.0,-115.75,-2320.0,SL
2022-06-07,2022-06-07 10:30:00-04:00,12590.75,12665.5,12412.5,12769.0,178.25,781.0,74.25,1480.0,EOD
2022-06-15,2022-06-15 10:10:00-04:00,11555.75,11459.75,11459.75,11651.75,96.0,564.0,-96.5,-1935.0,SL
2022-06-21,2022-06-21 11:20:00-04:00,11666.25,11613.0,11475.75,11856.75,190.5,313.0,-53.75,-1080.0,EOD
2022-06-22,2022-06-22 10:20:00-04:00,11663.0,11669.25,11446.75,11879.25,216.25,852.0,5.75,110.0,EOD
2022-06-23,2022-06-23 11:15:00-04:00,11728.5,11668.0,11543.0,11914.0,185.5,357.0,-61.0,-1225.0,EOD
2022-06-24,2022-06-24 10:05:00-04:00,12036.25,12054.5,11838.75,12233.75,197.5,391.0,17.75,350.0,EOD
2022-07-05,2022-07-05 10:15:00-04:00,11507.75,11626.25,11389.25,11626.25,118.5,545.0,118.0,2355.0,TP
2022-07-06,2022-07-06 14:45:00-04:00,11925.0,11938.0,11754.0,12096.0,171.0,440.0,12.5,245.0,EOD
2022-07-07,2022-07-07 11:50:00-04:00,12074.25,12134.5,11918.25,12230.25,156.0,359.0,59.75,1190.0,EOD
2022-07-13,2022-07-13 10:35:00-04:00,11709.5,11839.75,11522.5,11896.5,187.0,524.0,129.75,2590.0,EOD
2022-07-14,2022-07-14 11:45:00-04:00,11696.75,11804.0,11547.5,11846.0,149.25,936.0,106.75,2130.0,EOD
2022-07-15,2022-07-15 14:45:00-04:00,11985.25,11981.25,11853.5,12117.0,131.75,339.0,-4.5,-95.0,EOD
2022-07-19,2022-07-19 10:30:00-04:00,12085.75,12178.5,11993.0,12178.5,92.75,1135.0,92.25,1840.0,TP
2022-07-20,2022-07-20 10:25:00-04:00,12357.5,12457.5,12257.5,12457.5,100.0,770.0,99.5,1985.0,TP
2022-07-21,2022-07-21 11:35:00-04:00,12536.5,12602.75,12409.25,12663.75,127.25,548.0,65.75,1310.0,EOD
2022-07-27,2022-07-27 10:15:00-04:00,12416.0,12555.5,12276.5,12555.5,139.5,361.0,139.0,2775.0,TP
2022-07-29,2022-07-29 10:30:00-04:00,12916.25,12959.0,12744.25,13088.25,172.0,467.0,42.25,840.0,EOD
2022-08-01,2022-08-01 10:10:00-04:00,13042.5,12988.75,12851.75,13233.25,190.75,595.0,-54.25,-1090.0,EOD
2022-08-02,2022-08-02 10:55:00-04:00,12997.75,12956.5,12853.0,13142.5,144.75,1032.0,-41.75,-840.0,EOD
2022-08-03,2022-08-03 10:30:00-04:00,13129.5,13269.5,12989.5,13269.5,140.0,476.0,139.5,2785.0,TP
2022-08-05,2022-08-05 10:05:00-04:00,13227.75,13114.5,13114.5,13341.0,113.25,916.0,-113.75,-2280.0,SL
2022-08-10,2022-08-10 11:05:00-04:00,13368.5,13339.25,13268.5,13468.5,100.0,496.0,-29.75,-600.0,EOD
2022-08-11,2022-08-11 10:05:00-04:00,13527.25,13455.5,13455.5,13599.0,71.75,1292.0,-72.25,-1450.0,SL
2022-08-12,2022-08-12 10:20:00-04:00,13458.25,13542.0,13359.25,13557.25,99.0,386.0,83.25,1660.0,EOD
2022-08-15,2022-08-15 11:45:00-04:00,13636.5,13679.75,13534.25,13738.75,102.25,546.0,42.75,850.0,EOD
2022-08-16,2022-08-16 11:55:00-04:00,13672.0,13583.0,13583.0,13761.0,89.0,439.0,-89.5,-1795.0,SL
2022-08-17,2022-08-17 14:30:00-04:00,13577.5,13545.75,13484.5,13670.5,93.0,618.0,-32.25,-650.0,EOD
2022-08-18,2022-08-18 11:15:00-04:00,13532.25,13541.5,13435.0,13629.5,97.25,507.0,8.75,170.0,EOD
2022-08-23,2022-08-23 10:10:00-04:00,12994.25,12932.0,12866.0,13122.5,128.25,1044.0,-62.75,-1260.0,EOD
2022-08-24,2022-08-24 10:20:00-04:00,12941.0,12939.25,12851.5,13030.5,89.5,347.0,-2.25,-50.0,EOD
2022-08-25,2022-08-25 10:05:00-04:00,13054.5,13065.5,12962.0,13147.0,92.5,966.0,10.5,205.0,EOD
2022-08-26,2022-08-26 10:10:00-04:00,13176.25,13110.0,13110.0,13242.5,66.25,1274.0,-66.75,-1340.0,SL
2022-09-02,2022-09-02 10:35:00-04:00,12432.25,12291.75,12291.75,12572.75,140.5,797.0,-141.0,-2825.0,SL
2022-09-07,2022-09-07 11:15:00-04:00,12140.0,12244.0,12036.0,12244.0,104.0,690.0,103.5,2065.0,TP
2022-09-14,2022-09-14 10:55:00-04:00,12223.5,12137.5,12098.75,12348.25,124.75,1098.0,-86.5,-1735.0,EOD
2022-09-16,2022-09-16 10:35:00-04:00,11898.75,11782.0,11782.0,12015.5,116.75,555.0,-117.25,-2350.0,SL
2022-09-19,2022-09-19 10:40:00-04:00,11946.5,11946.0,11815.75,12077.25,130.75,673.0,-1.0,-25.0,EOD
2022-09-20,2022-09-20 10:55:00-04:00,11953.0,12019.0,11887.0,12019.0,66.0,311.0,65.5,1305.0,TP
2022-09-21,2022-09-21 14:00:00-04:00,12029.5,11938.0,11938.0,12121.0,91.5,672.0,-92.0,-1845.0,SL
2022-09-26,2022-09-26 10:20:00-04:00,11526.75,11342.5,11342.5,11711.0,184.25,1083.0,-184.75,-3700.0,SL
2022-09-28,2022-09-28 10:25:00-04:00,11371.5,11477.0,11266.0,11477.0,105.5,980.0,105.0,2095.0,TP
2022-09-30,2022-09-30 10:35:00-04:00,11298.5,11143.0,11143.0,11454.0,155.5,827.0,-156.0,-3125.0,SL
2022-10-03,2022-10-03 10:05:00-04:00,11157.25,11274.75,11039.75,11274.75,117.5,860.0,117.0,2335.0,TP
2022-10-04,2022-10-04 11:00:00-04:00,11669.5,11636.5,11514.25,11824.75,155.25,477.0,-33.5,-675.0,EOD
2022-10-05,2022-10-05 12:50:00-04:00,11560.25,11645.0,11465.25,11655.25,95.0,472.0,84.25,1680.0,EOD
2022-10-11,2022-10-11 11:45:00-04:00,10971.75,10821.0,10821.0,11122.5,150.75,596.0,-151.25,-3030.0,SL
2022-10-13,2022-10-13 10:05:00-04:00,10638.75,10792.75,10484.75,10792.75,154.0,982.0,153.5,3065.0,TP
2022-10-19,2022-10-19 10:25:00-04:00,11265.5,11110.0,11110.0,11421.0,155.5,1123.0,-156.0,-3125.0,SL
2022-10-20,2022-10-20 10:05:00-04:00,11245.5,11091.0,11091.0,11400.0,154.5,1160.0,-155.0,-3105.0,SL
2022-10-21,2022-10-21 10:10:00-04:00,11193.5,11303.5,10995.25,11391.75,198.25,374.0,109.5,2185.0,EOD
2022-10-24,2022-10-24 12:20:00-04:00,11442.0,11479.0,11300.5,11583.5,141.5,397.0,36.5,725.0,EOD
2022-10-25,2022-10-25 11:10:00-04:00,11670.75,11671.0,11515.0,11826.5,155.75,748.0,-0.25,-10.0,EOD
2022-10-26,2022-10-26 10:20:00-04:00,11566.5,11700.0,11433.0,11700.0,133.5,390.0,133.0,2655.0,TP
2022-10-28,2022-10-28 10:30:00-04:00,11380.75,11451.5,11310.0,11451.5,70.75,576.0,70.25,1400.0,TP
2022-11-02,2022-11-02 14:05:00-04:00,11401.75,11271.25,11271.25,11532.25,130.5,421.0,-131.0,-2625.0,SL
2022-11-03,2022-11-03 10:50:00-04:00,10873.25,10809.25,10723.0,11023.5,150.25,951.0,-64.5,-1295.0,EOD
2022-11-07,2022-11-07 14:20:00-05:00,10992.25,10997.75,10847.25,11137.25,145.0,953.0,5.0,95.0,EOD
2022-11-08,2022-11-08 10:20:00-05:00,11087.25,11167.75,11006.75,11167.75,80.5,457.0,80.0,1595.0,TP
2022-11-10,2022-11-10 11:15:00-05:00,11455.0,11525.0,11269.25,11640.75,185.75,632.0,69.5,1385.0,EOD
2022-11-11,2022-11-11 10:15:00-05:00,11713.0,11856.75,11569.25,11856.75,143.75,1159.0,143.25,2860.0,TP
2022-11-14,2022-11-14 11:10:00-05:00,11787.5,11873.0,11702.0,11873.0,85.5,475.0,85.0,1695.0,TP
2022-11-17,2022-11-17 10:20:00-05:00,11659.25,11774.75,11543.75,11774.75,115.5,1232.0,115.0,2295.0,TP
2022-11-22,2022-11-22 10:50:00-05:00,11642.0,11699.5,11527.25,11756.75,114.75,808.0,57.0,1135.0,EOD
2022-11-23,2022-11-23 10:45:00-05:00,11877.0,11745.25,11745.25,12008.75,131.75,712.0,-132.25,-2650.0,SL
2022-11-25,2022-11-25 10:20:00-05:00,11816.0,11786.75,11766.25,11865.75,49.75,447.0,-29.75,-600.0,EOD_LAST
2022-11-30,2022-11-30 13:35:00-05:00,11606.75,11694.75,11518.75,11694.75,88.0,911.0,87.5,1745.0,TP
2022-12-02,2022-12-02 10:15:00-05:00,11943.0,11988.25,11837.25,12048.75,105.75,1099.0,44.75,890.0,EOD
2022-12-08,2022-12-08 10:05:00-05:00,11611.0,11626.25,11477.25,11744.75,133.75,355.0,14.75,290.0,EOD
2022-12-09,2022-12-09 10:40:00-05:00,11668.5,11658.5,11550.0,11787.0,118.5,330.0,-10.5,-215.0,EOD
2022-12-14,2022-12-14 10:05:00-05:00,12016.75,11930.0,11930.0,12103.5,86.75,323.0,-87.25,-1750.0,SL
2022-12-20,2022-12-20 10:15:00-05:00,11178.25,11176.75,11066.75,11289.75,111.5,459.0,-2.0,-45.0,EOD
2022-12-21,2022-12-21 10:10:00-05:00,11289.0,11340.25,11181.0,11397.0,108.0,1009.0,50.75,1010.0,EOD
2022-12-29,2022-12-29 11:35:00-05:00,11044.25,11030.0,10856.5,11232.0,187.75,516.0,-14.75,-300.0,EOD
2022-12-30,2022-12-30 10:50:00-05:00,10966.0,10904.75,10855.5,11076.5,110.5,649.0,-61.75,-1240.0,EOD
2023-01-04,2023-01-04 11:40:00-05:00,11057.75,10954.5,10954.5,11161.0,103.25,535.0,-103.75,-2080.0,SL
2023-01-06,2023-01-06 10:40:00-05:00,10954.5,11142.75,10766.25,11142.75,188.25,753.0,187.75,3750.0,TP
2023-01-09,2023-01-09 10:35:00-05:00,11329.5,11226.5,11194.75,11464.25,134.75,762.0,-103.5,-2075.0,EOD
2023-01-11,2023-01-11 11:20:00-05:00,11365.75,11440.5,11291.0,11440.5,74.75,490.0,74.25,1480.0,TP
2023-01-12,2023-01-12 12:20:00-05:00,11522.0,11536.25,11311.25,11732.75,210.75,624.0,13.75,270.0,EOD
2023-01-13,2023-01-13 10:25:00-05:00,11515.25,11566.0,11408.75,11621.75,106.5,758.0,50.25,1000.0,EOD
2023-01-17,2023-01-17 10:05:00-05:00,11663.25,11626.25,11549.5,11777.0,113.75,1085.0,-37.5,-755.0,EOD
2023-01-18,2023-01-18 10:05:00-05:00,11738.5,11672.25,11672.25,11804.75,66.25,1040.0,-66.75,-1340.0,SL
2023-01-20,2023-01-20 11:05:00-05:00,11493.0,11602.5,11383.5,11602.5,109.5,369.0,109.0,2175.0,TP
2023-01-23,2023-01-23 10:25:00-05:00,11850.5,11891.25,11671.75,12029.25,178.75,606.0,40.25,800.0,EOD
2023-01-25,2023-01-25 11:50:00-05:00,11743.25,11864.5,11622.0,11864.5,121.25,450.0,120.75,2410.0,TP
2023-01-27,2023-01-27 10:30:00-05:00,12168.0,12274.75,12041.75,12294.25,126.25,717.0,106.25,2120.0,EOD
2023-01-30,2023-01-30 10:05:00-05:00,12135.5,12059.5,12059.5,12211.5,76.0,625.0,-76.5,-1535.0,SL
2023-01-31,2023-01-31 10:30:00-05:00,12059.0,12111.25,11969.0,12149.0,90.0,603.0,51.75,1030.0,EOD
2023-02-01,2023-02-01 14:10:00-05:00,12179.0,12101.25,12101.25,12256.75,77.75,420.0,-78.25,-1570.0,SL
2023-02-02,2023-02-02 10:35:00-05:00,12790.5,12912.25,12668.75,12912.25,121.75,480.0,121.25,2420.0,TP
2023-02-03,2023-02-03 10:15:00-05:00,12755.25,12611.5,12558.5,12952.0,196.75,1344.0,-144.25,-2890.0,EOD
2023-02-06,2023-02-06 10:05:00-05:00,12571.0,12502.5,12502.5,12639.5,68.5,751.0,-69.0,-1385.0,SL
2023-02-07,2023-02-07 11:35:00-05:00,12585.75,12682.75,12488.75,12682.75,97.0,866.0,96.5,1925.0,TP
2023-02-13,2023-02-13 10:50:00-05:00,12486.0,12510.0,12352.0,12620.0,134.0,672.0,23.5,465.0,EOD
2023-02-14,2023-02-14 10:05:00-05:00,12630.75,12619.5,12390.5,12871.0,240.25,1386.0,-11.75,-240.0,EOD
2023-02-15,2023-02-15 11:30:00-05:00,12632.5,12721.5,12543.5,12721.5,89.0,807.0,88.5,1765.0,TP
2023-02-16,2023-02-16 10:25:00-05:00,12604.5,12652.25,12496.5,12712.5,108.0,390.0,47.25,940.0,EOD
2023-02-27,2023-02-27 10:10:00-05:00,12180.25,12106.25,12106.25,12254.25,74.0,380.0,-74.5,-1495.0,SL
2023-02-28,2023-02-28 10:05:00-05:00,12113.5,12124.25,12041.5,12185.5,72.0,575.0,10.25,200.0,EOD
2023-03-02,2023-03-02 10:30:00-05:00,11916.75,11987.25,11846.25,11987.25,70.5,856.0,70.0,1395.0,TP
2023-03-03,2023-03-03 10:25:00-05:00,12206.75,12302.0,12111.5,12302.0,95.25,427.0,94.75,1890.0,TP
2023-03-06,2023-03-06 10:20:00-05:00,12428.5,12347.25,12347.25,12509.75,81.25,726.0,-81.75,-1640.0,SL
2023-03-08,2023-03-08 10:35:00-05:00,12217.0,12155.0,12155.0,12279.0,62.0,472.0,-62.5,-1255.0,SL
2023-03-09,2023-03-09 10:05:00-05:00,12341.75,12230.0,12230.0,12453.5,111.75,917.0,-112.25,-2250.0,SL
2023-03-10,2023-03-10 11:30:00-05:00,12044.75,11865.0,11865.0,12224.5,179.75,826.0,-180.25,-3610.0,SL
2023-03-13,2023-03-13 10:35:00-04:00,12049.5,12172.0,11822.0,12277.0,227.5,302.0,122.0,2435.0,EOD
2023-03-14,2023-03-14 11:25:00-04:00,12340.5,12200.75,12200.75,12480.25,139.75,300.0,-140.25,-2810.0,SL
2023-03-15,2023-03-15 11:50:00-04:00,12299.25,12193.5,12193.5,12405.0,105.75,475.0,-106.25,-2130.0,SL
2023-03-16,2023-03-16 10:45:00-04:00,12444.0,12574.0,12314.0,12574.0,130.0,747.0,129.5,2585.0,TP
2023-03-17,2023-03-17 10:05:00-04:00,12793.0,12691.75,12691.75,12894.25,101.25,1115.0,-101.75,-2040.0,SL
2023-03-20,2023-03-20 10:50:00-04:00,12635.25,12662.0,12529.5,12741.0,105.75,819.0,26.25,520.0,EOD
2023-03-21,2023-03-21 14:50:00-04:00,12829.5,12840.0,12763.5,12895.5,66.0,513.0,10.0,195.0,EOD
2023-03-22,2023-03-22 10:25:00-04:00,12901.25,12951.25,12851.25,12951.25,50.0,1009.0,49.5,985.0,TP
2023-03-23,2023-03-23 10:40:00-04:00,12948.0,12847.25,12847.25,13048.75,100.75,371.0,-101.25,-2030.0,SL
2023-03-24,2023-03-24 14:35:00-04:00,12850.0,12850.75,12736.25,12963.75,113.75,791.0,0.25,0.0,EOD
2023-03-29,2023-03-29 10:05:00-04:00,12928.25,12881.0,12881.0,12975.5,47.25,342.0,-47.75,-960.0,SL
2023-03-30,2023-03-30 10:30:00-04:00,13093.25,13037.0,13037.0,13149.5,56.25,391.0,-56.75,-1140.0,SL
2023-03-31,2023-03-31 10:40:00-04:00,13176.0,13247.5,13080.25,13271.75,95.75,660.0,71.0,1415.0,EOD
2023-04-03,2023-04-03 10:25:00-04:00,13263.5,13198.25,13198.25,13328.75,65.25,777.0,-65.75,-1320.0,SL
2023-04-04,2023-04-04 10:15:00-04:00,13316.25,13230.0,13230.0,13402.5,86.25,385.0,-86.75,-1740.0,SL
2023-04-06,2023-04-06 10:10:00-04:00,13026.0,13098.75,12953.25,13098.75,72.75,540.0,72.25,1440.0,TP
2023-04-10,2023-04-10 11:10:00-04:00,13052.0,13136.5,12967.5,13136.5,84.5,474.0,84.0,1675.0,TP
2023-04-13,2023-04-13 10:10:00-04:00,13096.0,13172.25,13019.75,13172.25,76.25,1154.0,75.75,1510.0,TP
2023-04-19,2023-04-19 10:40:00-04:00,13135.75,13191.0,13080.5,13191.0,55.25,822.0,54.75,1090.0,TP
2023-04-20,2023-04-20 10:50:00-04:00,13138.0,13089.75,13046.25,13229.75,91.75,324.0,-48.75,-980.0,EOD
2023-04-21,2023-04-21 11:35:00-04:00,13078.25,13086.75,12994.5,13162.0,83.75,563.0,8.0,155.0,EOD
2023-04-26,2023-04-26 11:45:00-04:00,12984.75,12899.25,12899.25,13070.25,85.5,428.0,-86.0,-1725.0,SL
2023-04-27,2023-04-27 10:15:00-04:00,13077.25,13141.0,13013.5,13141.0,63.75,1250.0,63.25,1260.0,TP
2023-04-28,2023-04-28 11:50:00-04:00,13251.0,13285.5,13172.25,13329.75,78.75,392.0,34.0,675.0,EOD
2023-05-01,2023-05-01 12:35:00-04:00,13334.5,13285.75,13285.75,13383.25,48.75,552.0,-49.25,-990.0,SL
2023-05-03,2023-05-03 15:00:00-04:00,13246.25,13246.25,13187.75,13304.75,58.5,773.0,-0.5,-15.0,EOD_LAST
2023-05-04,2023-05-04 11:10:00-04:00,13089.0,13060.5,13027.0,13151.0,62.0,1494.0,-29.0,-585.0,EOD
2023-05-05,2023-05-05 10:05:00-04:00,13199.75,13275.25,13124.25,13275.25,75.5,636.0,75.0,1495.0,TP
2023-05-08,2023-05-08 11:55:00-04:00,13321.0,13361.75,13261.25,13380.75,59.75,408.0,40.25,800.0,EOD
2023-05-11,2023-05-11 11:30:00-04:00,13434.5,13463.75,13372.25,13496.75,62.25,531.0,28.75,570.0,EOD
2023-05-15,2023-05-15 11:40:00-04:00,13430.25,13448.0,13374.25,13486.25,56.0,367.0,17.25,340.0,EOD
2023-05-16,2023-05-16 11:00:00-04:00,13519.5,13536.0,13434.5,13604.5,85.0,392.0,16.0,315.0,EOD
2023-05-17,2023-05-17 11:40:00-04:00,13540.75,13606.0,13475.5,13606.0,65.25,329.0,64.75,1290.0,TP
2023-05-18,2023-05-18 10:10:00-04:00,13731.25,13809.75,13652.75,13809.75,78.5,1347.0,78.0,1555.0,TP
2023-05-25,2023-05-25 11:15:00-04:00,13976.5,13948.25,13851.25,14101.75,125.25,333.0,-28.75,-580.0,EOD
2023-05-26,2023-05-26 10:05:00-04:00,14133.75,14252.75,14014.75,14252.75,119.0,365.0,118.5,2365.0,TP
2023-06-01,2023-06-01 10:45:00-04:00,14360.25,14468.5,14252.0,14468.5,108.25,881.0,107.75,2150.0,TP
2023-06-05,2023-06-05 11:30:00-04:00,14672.0,14567.75,14567.75,14776.25,104.25,622.0,-104.75,-2100.0,SL
2023-06-06,2023-06-06 10:25:00-04:00,14578.25,14585.25,14504.5,14652.0,73.75,520.0,6.5,125.0,EOD
2023-06-08,2023-06-08 10:45:00-04:00,14433.0,14453.75,14328.0,14538.0,105.0,982.0,20.25,400.0,EOD_LAST
2023-06-09,2023-06-09 10:15:00-04:00,14670.25,14557.0,14557.0,14783.5,113.25,894.0,-113.75,-2280.0,SL
2023-06-12,2023-06-12 11:35:00-04:00,14834.0,14885.75,14782.25,14885.75,51.75,586.0,51.25,1020.0,TP
2023-06-14,2023-06-14 10:05:00-04:00,15127.0,15201.5,15052.5,15201.5,74.5,406.0,74.0,1475.0,TP
2023-06-15,2023-06-15 10:10:00-04:00,15250.75,15387.0,15114.5,15387.0,136.25,2439.0,135.75,2710.0,TP
2023-06-22,2023-06-22 10:15:00-04:00,15132.5,15189.5,14964.0,15301.0,168.5,1306.0,56.5,1125.0,EOD
2023-06-23,2023-06-23 12:20:00-04:00,15103.0,15055.0,14985.25,15220.75,117.75,666.0,-48.5,-975.0,EOD
2023-06-27,2023-06-27 11:30:00-04:00,14982.25,15066.5,14898.0,15066.5,84.25,1143.0,83.75,1670.0,TP
2023-06-28,2023-06-28 10:30:00-04:00,15142.0,15122.75,15025.5,15258.5,116.5,517.0,-19.75,-400.0,EOD
2023-06-30,2023-06-30 10:20:00-04:00,15361.75,15347.0,15238.5,15485.0,123.25,604.0,-15.25,-310.0,EOD
2023-07-05,2023-07-05 10:20:00-04:00,15406.5,15375.0,15292.5,15520.5,114.0,1083.0,-32.0,-645.0,EOD
2023-07-06,2023-07-06 13:40:00-04:00,15219.5,15248.25,15129.25,15309.75,90.25,393.0,28.25,560.0,EOD
2023-07-07,2023-07-07 12:00:00-04:00,15280.25,15300.75,15188.75,15371.75,91.5,445.0,20.0,395.0,EOD
2023-07-11,2023-07-11 12:00:00-04:00,15235.75,15210.0,15141.5,15330.0,94.25,547.0,-26.25,-530.0,EOD
2023-07-12,2023-07-12 10:10:00-04:00,15486.75,15408.5,15408.5,15565.0,78.25,455.0,-78.75,-1580.0,SL
2023-07-13,2023-07-13 12:25:00-04:00,15647.25,15682.5,15552.25,15742.25,95.0,1588.0,34.75,690.0,EOD
2023-07-17,2023-07-17 11:35:00-04:00,15784.25,15825.5,15708.75,15859.75,75.5,357.0,40.75,810.0,EOD
2023-07-18,2023-07-18 11:45:00-04:00,15831.25,15929.5,15733.0,15929.5,98.25,748.0,97.75,1950.0,TP
2023-07-19,2023-07-19 11:15:00-04:00,16042.0,15977.5,15977.5,16106.5,64.5,977.0,-65.0,-1305.0,SL
2023-07-25,2023-07-25 11:40:00-04:00,15672.25,15688.25,15587.75,15756.75,84.5,773.0,15.5,305.0,EOD
2023-07-26,2023-07-26 14:40:00-04:00,15659.0,15632.0,15566.0,15752.0,93.0,1664.0,-27.5,-555.0,EOD
2023-07-28,2023-07-28 10:35:00-04:00,15836.25,15865.25,15715.75,15956.75,120.5,1189.0,28.5,565.0,EOD
2023-08-01,2023-08-01 10:40:00-04:00,15811.0,15833.0,15764.25,15857.75,46.75,365.0,21.5,425.0,EOD
2023-08-03,2023-08-03 11:20:00-04:00,15472.75,15475.25,15351.25,15594.25,121.5,353.0,2.0,35.0,EOD
2023-08-04,2023-08-04 12:30:00-04:00,15590.75,15440.0,15440.0,15741.5,150.75,653.0,-151.25,-3030.0,SL
2023-08-10,2023-08-10 10:05:00-04:00,15429.75,15273.25,15273.25,15586.25,156.5,345.0,-157.0,-3145.0,SL
2023-08-11,2023-08-11 10:15:00-04:00,15131.75,15052.0,15052.0,15211.5,79.75,537.0,-80.25,-1610.0,SL
2023-08-14,2023-08-14 10:05:00-04:00,15130.0,15225.0,15035.0,15225.0,95.0,381.0,94.5,1885.0,TP
2023-08-16,2023-08-16 10:20:00-04:00,15135.75,15051.0,15051.0,15220.5,84.75,611.0,-85.25,-1710.0,SL
2023-08-18,2023-08-18 11:05:00-04:00,14705.5,14749.25,14623.5,14787.5,82.0,830.0,43.25,860.0,EOD
2023-08-21,2023-08-21 10:10:00-04:00,14921.5,14805.5,14805.5,15037.5,116.0,363.0,-116.5,-2335.0,SL
2023-08-23,2023-08-23 10:15:00-04:00,15123.5,15205.0,14999.5,15247.5,124.0,751.0,81.0,1615.0,EOD
2023-08-29,2023-08-29 10:05:00-04:00,15229.5,15396.25,15062.75,15396.25,166.75,3954.0,166.25,3320.0,TP
2023-08-30,2023-08-30 10:15:00-04:00,15505.25,15386.5,15386.5,15624.0,118.75,873.0,-119.25,-2390.0,SL
2023-08-31,2023-08-31 10:15:00-04:00,15582.25,15553.5,15488.75,15675.75,93.5,737.0,-29.25,-590.0,EOD
2023-09-05,2023-09-05 10:25:00-04:00,15510.75,15575.25,15446.25,15575.25,64.5,679.0,64.0,1275.0,TP
2023-09-07,2023-09-07 10:45:00-04:00,15271.0,15289.5,15157.5,15384.5,113.5,799.0,18.0,355.0,EOD
2023-09-08,2023-09-08 10:20:00-04:00,15374.75,15270.0,15270.0,15479.5,104.75,436.0,-105.25,-2110.0,SL
2023-09-13,2023-09-13 11:05:00-04:00,15581.5,15554.0,15493.5,15669.5,88.0,837.0,-28.0,-565.0,EOD
2023-09-14,2023-09-14 10:45:00-04:00,15645.5,15686.75,15536.25,15754.75,109.25,814.0,40.75,810.0,EOD
2023-09-18,2023-09-18 11:35:00-04:00,15435.25,15394.75,15343.0,15527.5,92.25,356.0,-41.0,-825.0,EOD
2023-09-19,2023-09-19 14:35:00-04:00,15377.75,15348.0,15303.25,15452.25,74.5,568.0,-30.25,-610.0,EOD
2023-09-22,2023-09-22 10:25:00-04:00,14954.75,15021.5,14888.0,15021.5,66.75,516.0,66.25,1320.0,TP
2023-09-25,2023-09-25 11:20:00-04:00,14913.5,14875.0,14782.5,15044.5,131.0,1299.0,-39.0,-785.0,EOD
2023-09-28,2023-09-28 10:05:00-04:00,14771.0,14884.0,14658.0,14884.0,113.0,603.0,112.5,2245.0,TP
2023-10-02,2023-10-02 10:05:00-04:00,14982.5,14893.25,14847.75,15117.25,134.75,869.0,-89.75,-1800.0,EOD
2023-10-04,2023-10-04 11:20:00-04:00,14845.25,14870.25,14749.0,14941.5,96.25,674.0,24.5,485.0,EOD
2023-10-06,2023-10-06 10:25:00-04:00,14823.75,14945.25,14702.25,14945.25,121.5,808.0,121.0,2415.0,TP
2023-10-09,2023-10-09 13:30:00-04:00,15103.75,15198.25,14949.5,15258.0,154.25,803.0,94.0,1875.0,EOD
2023-10-10,2023-10-10 10:05:00-04:00,15263.75,15347.5,15180.0,15347.5,83.75,743.0,83.25,1660.0,TP
2023-10-12,2023-10-12 10:10:00-04:00,15422.25,15366.0,15366.0,15478.5,56.25,865.0,-56.75,-1140.0,SL
2023-10-16,2023-10-16 10:25:00-04:00,15282.75,15316.75,15168.75,15396.75,114.0,508.0,33.5,665.0,EOD
2023-10-17,2023-10-17 10:10:00-04:00,15142.5,15234.75,15050.25,15234.75,92.25,1804.0,91.75,1830.0,TP
2023-10-18,2023-10-18 10:20:00-04:00,15200.5,15122.5,15122.5,15278.5,78.0,766.0,-78.5,-1575.0,SL
2023-10-19,2023-10-19 12:25:00-04:00,15115.5,15021.25,15021.25,15209.75,94.25,777.0,-94.75,-1900.0,SL
2023-10-23,2023-10-23 10:15:00-04:00,14657.25,14800.25,14514.25,14800.25,143.0,1124.0,142.5,2845.0,TP
2023-10-24,2023-10-24 10:30:00-04:00,14847.75,14758.5,14758.5,14937.0,89.25,623.0,-89.75,-1800.0,SL
2023-10-27,2023-10-27 11:10:00-04:00,14358.5,14291.0,14291.0,14426.0,67.5,669.0,-68.0,-1365.0,SL
2023-10-31,2023-10-31 13:10:00-04:00,14444.0,14484.5,14311.25,14576.75,132.75,433.0,40.0,795.0,EOD
2023-11-01,2023-11-01 10:25:00-04:00,14631.0,14658.75,14515.25,14746.75,115.75,3520.0,27.25,540.0,EOD
2023-11-02,2023-11-02 10:55:00-04:00,14955.0,14998.75,14900.75,15009.25,54.25,748.0,43.25,860.0,EOD
2023-11-03,2023-11-03 12:15:00-04:00,15161.25,15213.5,15040.5,15282.0,120.75,474.0,51.75,1030.0,EOD
2023-11-07,2023-11-07 10:05:00-05:00,15309.0,15394.0,15224.0,15394.0,85.0,607.0,84.5,1685.0,TP
2023-11-09,2023-11-09 11:50:00-05:00,15429.25,15365.5,15365.5,15493.0,63.75,613.0,-64.25,-1290.0,SL
2023-11-13,2023-11-13 10:55:00-05:00,15543.0,15570.5,15465.25,15620.75,77.75,836.0,27.0,535.0,EOD
2023-11-14,2023-11-14 10:05:00-05:00,15884.5,15889.5,15790.25,15978.75,94.25,446.0,4.5,85.0,EOD
2023-11-17,2023-11-17 12:05:00-05:00,15883.75,15936.0,15831.5,15936.0,52.25,672.0,51.75,1030.0,TP
2023-11-20,2023-11-20 11:00:00-05:00,15999.75,16094.5,15894.75,16104.75,105.0,869.0,94.25,1880.0,EOD
2023-11-27,2023-11-27 10:10:00-05:00,16044.0,16025.25,15970.25,16117.75,73.75,1084.0,-19.25,-390.0,EOD
2023-11-28,2023-11-28 10:40:00-05:00,16010.75,16063.0,15958.5,16063.0,52.25,1110.0,51.75,1030.0,TP
2023-12-01,2023-12-01 11:15:00-05:00,15976.5,16031.0,15875.5,16077.5,101.0,971.0,54.0,1075.0,EOD
2023-12-05,2023-12-05 10:05:00-05:00,15925.5,15898.75,15783.25,16067.75,142.25,1676.0,-27.25,-550.0,EOD
2023-12-07,2023-12-07 10:25:00-05:00,15993.75,16023.5,15887.5,16100.0,106.25,1219.0,29.25,580.0,EOD
2023-12-08,2023-12-08 10:05:00-05:00,16044.5,16113.5,15947.25,16141.75,97.25,1179.0,68.5,1365.0,EOD
2023-12-11,2023-12-11 12:50:00-05:00,16413.25,16436.5,16281.5,16545.0,131.75,364.0,22.75,450.0,EOD
2023-12-12,2023-12-12 10:10:00-05:00,16475.75,16548.0,16396.5,16555.0,79.25,401.0,71.75,1430.0,EOD
2023-12-13,2023-12-13 14:10:00-05:00,16688.5,16779.75,16597.25,16779.75,91.25,579.0,90.75,1810.0,TP
2023-12-15,2023-12-15 10:20:00-05:00,16847.75,16780.0,16780.0,16915.5,67.75,959.0,-68.25,-1370.0,SL
2023-12-18,2023-12-18 10:05:00-05:00,16896.25,16960.0,16832.5,16960.0,63.75,832.0,63.25,1260.0,TP
2023-12-19,2023-12-19 10:35:00-05:00,16998.0,16999.75,16944.5,17051.5,53.5,913.0,1.25,20.0,EOD
2023-12-20,2023-12-20 10:10:00-05:00,17036.75,16971.0,16971.0,17102.5,65.75,515.0,-66.25,-1330.0,SL
2024-01-04,2024-01-04 10:10:00-05:00,16513.5,16583.75,16443.25,16583.75,70.25,394.0,69.75,1390.0,TP
2024-01-05,2024-01-05 10:05:00-05:00,16540.25,16437.5,16437.5,16643.0,102.75,1270.0,-103.25,-2070.0,SL
2024-01-08,2024-01-08 10:05:00-05:00,16640.75,16776.0,16505.5,16776.0,135.25,539.0,134.75,2690.0,TP
2024-01-09,2024-01-09 10:10:00-05:00,16720.5,16780.5,16660.5,16780.5,60.0,769.0,59.5,1185.0,TP
2024-01-10,2024-01-10 10:45:00-05:00,16885.5,16957.5,16813.5,16957.5,72.0,817.0,71.5,1425.0,TP
2024-01-16,2024-01-16 10:20:00-05:00,16965.25,16927.0,16855.0,17075.5,110.25,748.0,-38.75,-780.0,EOD
2024-01-18,2024-01-18 10:40:00-05:00,17058.75,16994.75,16994.75,17122.75,64.0,802.0,-64.5,-1295.0,SL
2024-01-19,2024-01-19 10:30:00-05:00,17216.0,17265.75,17166.25,17265.75,49.75,549.0,49.25,980.0,TP
2024-01-23,2024-01-23 13:00:00-05:00,17489.5,17494.5,17409.5,17569.5,80.0,486.0,4.5,85.0,EOD
2024-01-24,2024-01-24 10:20:00-05:00,17702.25,17767.0,17637.5,17767.0,64.75,404.0,64.25,1280.0,TP
2024-01-25,2024-01-25 11:50:00-05:00,17735.25,17660.5,17660.5,17810.0,74.75,996.0,-75.25,-1510.0,SL
2024-01-26,2024-01-26 10:30:00-05:00,17580.75,17517.25,17517.25,17644.25,63.5,723.0,-64.0,-1285.0,SL
2024-01-29,2024-01-29 12:25:00-05:00,17599.0,17626.0,17529.75,17668.25,69.25,840.0,26.5,525.0,EOD
2024-01-31,2024-01-31 14:45:00-05:00,17458.0,17379.0,17347.25,17568.75,110.75,347.0,-79.5,-1595.0,EOD
2024-02-01,2024-02-01 10:10:00-05:00,17352.75,17285.25,17285.25,17420.25,67.5,686.0,-68.0,-1365.0,SL
2024-02-02,2024-02-02 10:45:00-05:00,17653.5,17762.75,17465.5,17841.5,188.0,994.0,108.75,2170.0,EOD
2024-02-07,2024-02-07 10:15:00-05:00,17807.5,17854.0,17718.75,17896.25,88.75,2397.0,46.0,915.0,EOD
2024-02-08,2024-02-08 10:20:00-05:00,17857.0,17863.0,17808.0,17906.0,49.0,537.0,5.5,105.0,EOD
2024-02-09,2024-02-09 10:20:00-05:00,17954.75,18034.5,17875.0,18034.5,79.75,763.0,79.25,1580.0,TP
2024-02-12,2024-02-12 10:45:00-05:00,18059.25,18111.25,18007.25,18111.25,52.0,459.0,51.5,1025.0,TP
2024-02-13,2024-02-13 10:25:00-05:00,17705.0,17586.75,17586.75,17823.25,118.25,910.0,-118.75,-2380.0,SL
2024-02-14,2024-02-14 10:20:00-05:00,17825.75,17743.0,17743.0,17908.5,82.75,1347.0,-83.25,-1670.0,SL
2024-02-15,2024-02-15 13:20:00-05:00,17916.75,17907.0,17810.5,18023.0,106.25,676.0,-10.25,-210.0,EOD
2024-02-21,2024-02-21 10:05:00-05:00,17522.75,17448.25,17448.25,17597.25,74.5,1063.0,-75.0,-1505.0,SL
2024-02-22,2024-02-22 11:20:00-05:00,17971.25,18078.5,17864.0,18078.5,107.25,654.0,106.75,2130.0,TP
2024-02-26,2024-02-26 11:55:00-05:00,18055.5,18016.5,17966.0,18145.0,89.5,845.0,-39.5,-795.0,EOD
2024-02-27,2024-02-27 10:20:00-05:00,18028.25,17941.0,17941.0,18115.5,87.25,936.0,-87.75,-1760.0,SL
2024-02-28,2024-02-28 11:20:00-05:00,17958.25,17914.25,17876.0,18040.5,82.25,559.0,-44.5,-895.0,EOD
2024-03-01,2024-03-01 10:10:00-05:00,18172.75,18251.75,18093.75,18251.75,79.0,631.0,78.5,1565.0,TP
2024-03-04,2024-03-04 14:40:00-05:00,18342.25,18331.0,18288.0,18396.5,54.25,1600.0,-11.75,-240.0,EOD
2024-03-06,2024-03-06 12:15:00-05:00,18159.5,18036.5,18036.5,18282.5,123.0,331.0,-123.5,-2475.0,SL
2024-03-07,2024-03-07 10:25:00-05:00,18226.75,18334.75,18118.75,18334.75,108.0,435.0,107.5,2145.0,TP
2024-03-08,2024-03-08 10:05:00-05:00,18395.75,18288.0,18288.0,18503.5,107.75,546.0,-108.25,-2170.0,SL
2024-03-12,2024-03-12 10:25:00-04:00,18356.0,18454.5,18174.0,18538.0,182.0,1226.0,98.0,1955.0,EOD
2024-03-18,2024-03-18 10:45:00-04:00,18368.5,18277.5,18277.5,18459.5,91.0,391.0,-91.5,-1835.0,SL
2024-03-19,2024-03-19 11:35:00-04:00,18152.75,18252.25,18053.25,18252.25,99.5,1160.0,99.0,1975.0,TP
2024-03-20,2024-03-20 14:05:00-04:00,18361.75,18419.25,18245.75,18477.75,116.0,1353.0,57.0,1135.0,EOD
2024-03-22,2024-03-22 10:05:00-04:00,18557.75,18615.5,18500.0,18615.5,57.75,1206.0,57.25,1140.0,TP
2024-03-25,2024-03-25 10:10:00-04:00,18496.75,18567.25,18414.75,18578.75,82.0,1128.0,70.0,1395.0,EOD
2024-03-26,2024-03-26 10:05:00-04:00,18606.5,18550.0,18550.0,18663.0,56.5,710.0,-57.0,-1145.0,SL
2024-04-03,2024-04-03 10:05:00-04:00,18352.25,18397.75,18239.5,18465.0,112.75,2343.0,45.0,895.0,EOD
2024-04-05,2024-04-05 10:50:00-04:00,18268.75,18279.5,18102.5,18435.0,166.25,584.0,10.25,200.0,EOD
2024-04-08,2024-04-08 10:30:00-04:00,18339.5,18318.0,18237.5,18441.5,102.0,857.0,-22.0,-445.0,EOD
2024-04-10,2024-04-10 13:25:00-04:00,18213.25,18127.5,18107.75,18318.75,105.5,555.0,-86.25,-1730.0,EOD
2024-04-11,2024-04-11 12:00:00-04:00,18317.0,18411.25,18222.75,18411.25,94.25,1378.0,93.75,1870.0,TP
2024-04-16,2024-04-16 10:15:00-04:00,17912.25,17822.0,17822.0,18002.5,90.25,510.0,-90.75,-1820.0,SL
2024-04-18,2024-04-18 10:45:00-04:00,17703.5,17552.0,17552.0,17855.0,151.5,301.0,-152.0,-3045.0,SL
2024-04-22,2024-04-22 13:30:00-04:00,17344.0,17424.0,17264.0,17424.0,80.0,838.0,79.5,1585.0,TP
2024-04-23,2024-04-23 10:30:00-04:00,17565.25,17645.25,17413.75,17716.75,151.5,1096.0,79.5,1585.0,EOD
2024-04-25,2024-04-25 10:15:00-04:00,17411.25,17514.25,17308.25,17514.25,103.0,951.0,102.5,2045.0,TP
2024-04-26,2024-04-26 10:05:00-04:00,17808.25,17867.75,17668.25,17948.25,140.0,336.0,59.0,1175.0,EOD
2024-05-01,2024-05-01 14:05:00-04:00,17518.0,17580.75,17455.25,17580.75,62.75,1087.0,62.25,1240.0,TP
2024-05-02,2024-05-02 13:30:00-04:00,17604.75,17664.75,17483.0,17726.5,121.75,828.0,59.5,1185.0,EOD
2024-05-03,2024-05-03 14:20:00-04:00,18022.75,18008.75,17919.25,18126.25,103.5,385.0,-14.5,-295.0,EOD
2024-05-06,2024-05-06 11:45:00-04:00,18111.25,18145.75,18042.75,18179.75,68.5,365.0,34.0,675.0,EOD
2024-05-07,2024-05-07 11:00:00-04:00,18250.25,18188.0,18188.0,18312.5,62.25,1043.0,-62.75,-1260.0,SL
2024-05-08,2024-05-08 10:25:00-04:00,18194.25,18172.0,18078.5,18310.0,115.75,1265.0,-22.75,-460.0,EOD
2024-05-09,2024-05-09 10:40:00-04:00,18204.75,18232.0,18108.75,18300.75,96.0,1038.0,26.75,530.0,EOD
2024-05-14,2024-05-14 10:25:00-04:00,18343.5,18409.75,18265.5,18421.5,78.0,2077.0,65.75,1310.0,EOD
2024-05-15,2024-05-15 10:25:00-04:00,18536.0,18625.25,18446.75,18625.25,89.25,437.0,88.75,1770.0,TP
2024-05-16,2024-05-16 10:25:00-04:00,18718.0,18672.0,18672.0,18764.0,46.0,748.0,-46.5,-935.0,SL
2024-05-17,2024-05-17 10:35:00-04:00,18675.0,18620.5,18620.5,18729.5,54.5,675.0,-55.0,-1105.0,SL
2024-05-20,2024-05-20 10:45:00-04:00,18756.25,18748.75,18635.25,18877.25,121.0,651.0,-8.0,-165.0,EOD
2024-05-21,2024-05-21 10:05:00-04:00,18723.25,18768.5,18678.0,18768.5,45.25,378.0,44.75,890.0,TP
2024-05-24,2024-05-24 10:20:00-04:00,18814.75,18897.0,18732.5,18897.0,82.25,754.0,81.75,1630.0,TP
2024-05-29,2024-05-29 10:25:00-04:00,18856.5,18825.25,18761.0,18952.0,95.5,566.0,-31.75,-640.0,EOD
2024-06-04,2024-06-04 14:15:00-04:00,18660.0,18740.5,18579.5,18740.5,80.5,381.0,80.0,1595.0,TP
2024-06-05,2024-06-05 10:25:00-04:00,18876.25,18938.75,18813.75,18938.75,62.5,991.0,62.0,1235.0,TP
2024-06-07,2024-06-07 10:40:00-04:00,19073.0,19153.5,18992.5,19153.5,80.5,822.0,80.0,1595.0,TP
2024-06-10,2024-06-10 10:30:00-04:00,19034.75,19091.75,18977.75,19091.75,57.0,831.0,56.5,1125.0,TP
2024-06-11,2024-06-11 10:45:00-04:00,19106.75,19219.0,18994.5,19219.0,112.25,747.0,111.75,2230.0,TP
2024-06-12,2024-06-12 10:15:00-04:00,19509.25,19517.5,19374.75,19643.75,134.5,832.0,7.75,150.0,EOD
2024-06-14,2024-06-14 10:25:00-04:00,19647.0,19665.5,19557.25,19736.75,89.75,592.0,18.0,355.0,EOD
2024-06-17,2024-06-17 11:10:00-04:00,20007.5,20111.0,19904.0,20111.0,103.5,434.0,103.0,2055.0,TP
2024-06-18,2024-06-18 13:50:00-04:00,20225.75,20164.25,20164.25,20287.25,61.5,405.0,-62.0,-1245.0,SL
2024-06-21,2024-06-21 11:20:00-04:00,20033.5,19983.0,19914.25,20152.75,119.25,533.0,-51.0,-1025.0,EOD
2024-06-24,2024-06-24 10:05:00-04:00,19976.25,19866.75,19866.75,20085.75,109.5,352.0,-110.0,-2205.0,SL
2024-06-25,2024-06-25 10:05:00-04:00,19875.5,19958.75,19792.25,19958.75,83.25,1313.0,82.75,1650.0,TP
2024-06-26,2024-06-26 10:10:00-04:00,20002.0,19919.25,19919.25,20084.75,82.75,574.0,-83.25,-1670.0,SL
2024-06-27,2024-06-27 10:15:00-04:00,20111.0,19989.75,19989.75,20232.25,121.25,1504.0,-121.75,-2440.0,SL
2024-06-28,2024-06-28 10:05:00-04:00,20219.5,20039.25,20039.25,20399.75,180.25,1533.0,-180.75,-3620.0,SL
2024-07-01,2024-07-01 14:10:00-04:00,20013.0,20013.75,19841.25,20184.75,171.75,326.0,0.25,0.0,EOD
2024-07-02,2024-07-02 10:55:00-04:00,20113.25,20223.0,19976.75,20249.75,136.5,913.0,109.25,2180.0,EOD
2024-07-03,2024-07-03 10:45:00-04:00,20299.5,20383.0,20216.0,20383.0,83.5,695.0,83.0,1655.0,TP
2024-07-05,2024-07-05 10:05:00-04:00,20529.0,20629.75,20428.25,20629.75,100.75,459.0,100.25,2000.0,TP
2024-07-08,2024-07-08 11:25:00-04:00,20658.25,20646.0,20600.5,20716.0,57.75,940.0,-12.75,-260.0,EOD
2024-07-10,2024-07-10 10:10:00-04:00,20785.25,20721.5,20721.5,20849.0,63.75,788.0,-64.25,-1290.0,SL
2024-07-12,2024-07-12 10:10:00-04:00,20568.75,20712.25,20425.25,20712.25,143.5,514.0,143.0,2855.0,TP
2024-07-15,2024-07-15 10:30:00-04:00,20681.5,20781.25,20581.75,20781.25,99.75,507.0,99.25,1980.0,TP
2024-07-22,2024-07-22 14:10:00-04:00,20029.5,20011.0,19882.75,20176.25,146.75,696.0,-19.0,-385.0,EOD
2024-07-23,2024-07-23 11:15:00-04:00,20053.0,19933.5,19933.5,20172.5,119.5,733.0,-120.0,-2405.0,SL
2024-07-25,2024-07-25 11:15:00-04:00,19245.5,19128.25,19016.5,19474.5,229.0,567.0,-117.75,-2360.0,EOD
2024-07-26,2024-07-26 11:50:00-04:00,19189.75,19130.0,19060.5,19319.0,129.25,389.0,-60.25,-1210.0,EOD
2024-07-31,2024-07-31 10:10:00-04:00,19444.25,19554.5,19310.75,19577.75,133.5,703.0,109.75,2190.0,EOD
2024-08-05,2024-08-05 10:05:00-04:00,18042.5,17907.25,17509.25,18575.75,533.25,964.0,-135.75,-2720.0,EOD
2024-08-06,2024-08-06 10:05:00-04:00,18181.0,18396.0,17966.0,18396.0,215.0,638.0,214.5,4285.0,TP
2024-08-08,2024-08-08 10:05:00-04:00,18275.25,18486.25,18064.25,18486.25,211.0,730.0,210.5,4205.0,TP
2024-08-09,2024-08-09 10:15:00-04:00,18547.75,18672.25,18423.25,18672.25,124.5,668.0,124.0,2475.0,TP
2024-08-12,2024-08-12 10:50:00-04:00,18735.25,18647.0,18523.5,18947.0,211.75,363.0,-88.75,-1780.0,EOD
2024-08-13,2024-08-13 11:25:00-04:00,18966.5,19082.25,18816.25,19116.75,150.25,366.0,115.25,2300.0,EOD
2024-08-15,2024-08-15 10:30:00-04:00,19475.0,19583.75,19336.25,19613.75,138.75,534.0,108.25,2160.0,EOD
2024-08-16,2024-08-16 10:20:00-04:00,19583.5,19622.75,19462.5,19704.5,121.0,742.0,38.75,770.0,EOD
2024-08-19,2024-08-19 10:55:00-04:00,19652.75,19761.0,19544.5,19761.0,108.25,802.0,107.75,2150.0,TP
2024-08-21,2024-08-21 10:05:00-04:00,19899.75,19813.0,19813.0,19986.5,86.75,525.0,-87.25,-1750.0,SL
2024-08-23,2024-08-23 10:05:00-04:00,19845.75,19706.5,19706.5,19985.0,139.25,763.0,-139.75,-2800.0,SL
2024-08-27,2024-08-27 10:25:00-04:00,19606.75,19655.5,19441.5,19772.0,165.25,498.0,48.25,960.0,EOD
2024-08-29,2024-08-29 10:50:00-04:00,19681.25,19478.25,19478.25,19884.25,203.0,736.0,-203.5,-4075.0,SL
2024-09-04,2024-09-04 10:30:00-04:00,18992.0,18937.0,18860.0,19124.0,132.0,302.0,-55.5,-1115.0,EOD
2024-09-05,2024-09-05 10:05:00-04:00,19084.5,18885.0,18885.0,19284.0,199.5,427.0,-200.0,-4005.0,SL
2024-09-09,2024-09-09 10:15:00-04:00,18698.25,18604.75,18604.75,18791.75,93.5,330.0,-94.0,-1885.0,SL
2024-09-10,2024-09-10 14:20:00-04:00,18828.0,18823.0,18721.75,18934.25,106.25,361.0,-5.5,-115.0,EOD
2024-09-11,2024-09-11 12:40:00-04:00,18931.5,19089.75,18773.25,19089.75,158.25,306.0,157.75,3150.0,TP
2024-09-17,2024-09-17 10:50:00-04:00,19838.75,19709.0,19709.0,19968.5,129.75,509.0,-130.25,-2610.0,SL
2024-09-18,2024-09-18 14:05:00-04:00,19799.25,19722.75,19667.0,19931.5,132.25,469.0,-77.0,-1545.0,EOD
2024-09-19,2024-09-19 10:20:00-04:00,20085.5,20148.0,19964.0,20207.0,121.5,734.0,62.0,1235.0,EOD
2024-09-23,2024-09-23 10:45:00-04:00,20105.25,20031.25,20031.25,20179.25,74.0,690.0,-74.5,-1495.0,SL
2024-09-24,2024-09-24 11:50:00-04:00,20163.5,20147.75,20082.0,20245.0,81.5,699.0,-16.25,-330.0,EOD
2024-09-25,2024-09-25 10:10:00-04:00,20245.5,20138.0,20138.0,20353.0,107.5,570.0,-108.0,-2165.0,SL
2024-10-02,2024-10-02 10:20:00-04:00,19997.5,20024.75,19833.5,20161.5,164.0,608.0,26.75,530.0,EOD
2024-10-03,2024-10-03 10:05:00-04:00,20091.0,19894.75,19894.75,20287.25,196.25,1456.0,-196.75,-3940.0,SL
2024-10-07,2024-10-07 11:00:00-04:00,20165.0,20088.5,20088.5,20241.5,76.5,344.0,-77.0,-1545.0,SL
2024-10-08,2024-10-08 10:35:00-04:00,20207.5,20274.0,20069.75,20345.25,137.75,712.0,66.0,1315.0,EOD
2024-10-09,2024-10-09 10:15:00-04:00,20301.0,20363.5,20238.5,20363.5,62.5,506.0,62.0,1235.0,TP
2024-10-10,2024-10-10 10:15:00-04:00,20402.5,20503.5,20301.5,20503.5,101.0,396.0,100.5,2005.0,TP
2024-10-11,2024-10-11 10:10:00-04:00,20414.0,20467.5,20314.75,20513.25,99.25,1825.0,53.0,1055.0,EOD
2024-10-16,2024-10-16 14:25:00-04:00,20377.25,20362.0,20215.25,20539.25,162.0,880.0,-15.75,-320.0,EOD
2024-10-18,2024-10-18 10:10:00-04:00,20513.5,20492.25,20433.0,20594.0,80.5,559.0,-21.75,-440.0,EOD
2024-10-21,2024-10-21 10:10:00-04:00,20527.75,20422.75,20422.75,20632.75,105.0,1238.0,-105.5,-2115.0,SL
2024-10-22,2024-10-22 10:10:00-04:00,20491.75,20521.25,20369.5,20614.0,122.25,703.0,29.0,575.0,EOD
2024-10-24,2024-10-24 13:05:00-04:00,20376.75,20368.5,20296.25,20457.25,80.5,488.0,-8.75,-180.0,EOD
2024-10-25,2024-10-25 10:25:00-04:00,20696.5,20490.25,20490.25,20902.75,206.25,582.0,-206.75,-4140.0,SL
2024-10-29,2024-10-29 10:05:00-04:00,20531.0,20629.75,20432.25,20629.75,98.75,420.0,98.25,1960.0,TP
2024-10-30,2024-10-30 10:20:00-04:00,20679.0,20604.75,20542.75,20815.25,136.25,612.0,-74.75,-1500.0,EOD
2024-11-01,2024-11-01 10:15:00-04:00,20215.0,20166.25,20057.5,20372.5,157.5,1239.0,-49.25,-990.0,EOD
2024-11-04,2024-11-04 10:20:00-05:00,20161.0,20135.75,20013.0,20309.0,148.0,1055.0,-25.75,-520.0,EOD
2024-11-05,2024-11-05 10:25:00-05:00,20305.25,20294.5,20147.0,20463.5,158.25,657.0,-11.25,-230.0,EOD
2024-11-06,2024-11-06 12:15:00-05:00,20812.25,20890.0,20644.0,20980.5,168.25,487.0,77.25,1540.0,EOD
2024-11-07,2024-11-07 10:50:00-05:00,21150.25,21233.0,21004.0,21296.5,146.25,1070.0,82.25,1640.0,EOD
2024-11-08,2024-11-08 13:35:00-05:00,21244.25,21234.75,21176.25,21312.25,68.0,436.0,-10.0,-205.0,EOD
2024-11-13,2024-11-13 12:15:00-05:00,21195.5,21182.75,21121.5,21269.5,74.0,545.0,-13.25,-270.0,EOD
2024-11-18,2024-11-18 10:05:00-05:00,20586.5,20672.0,20501.0,20672.0,85.5,993.0,85.0,1695.0,TP
2024-11-19,2024-11-19 10:30:00-05:00,20602.5,20697.0,20508.0,20697.0,94.5,968.0,94.0,1875.0,TP
2024-11-29,2024-11-29 10:10:00-05:00,20947.25,20991.25,20805.5,21089.0,141.75,565.0,43.5,865.0,EOD_LAST
2024-12-02,2024-12-02 10:05:00-05:00,21175.25,21219.5,21026.5,21324.0,148.75,495.0,43.75,870.0,EOD
2024-12-03,2024-12-03 11:05:00-05:00,21222.25,21255.0,21134.25,21310.25,88.0,895.0,32.25,640.0,EOD
2024-12-04,2024-12-04 10:15:00-05:00,21444.5,21500.75,21388.25,21500.75,56.25,730.0,55.75,1110.0,TP
2024-12-05,2024-12-05 12:15:00-05:00,21559.5,21497.75,21497.75,21621.25,61.75,975.0,-62.25,-1250.0,SL
2024-12-06,2024-12-06 10:15:00-05:00,21623.25,21635.5,21486.0,21760.5,137.25,430.0,11.75,230.0,EOD
2024-12-10,2024-12-10 10:10:00-05:00,21593.5,21505.5,21505.5,21681.5,88.0,487.0,-88.5,-1775.0,SL
2024-12-11,2024-12-11 10:10:00-05:00,21724.0,21800.0,21573.0,21875.0,151.0,1544.0,75.5,1505.0,EOD
2024-12-12,2024-12-12 10:30:00-05:00,21707.5,21684.25,21656.0,21759.0,51.5,329.0,-23.75,-480.0,EOD
2024-12-16,2024-12-16 10:05:00-05:00,22285.25,22378.75,22191.75,22378.75,93.5,446.0,93.0,1855.0,TP
2024-12-18,2024-12-18 10:15:00-05:00,22310.5,22211.25,22211.25,22409.75,99.25,378.0,-99.75,-2000.0,SL
2024-12-20,2024-12-20 10:25:00-05:00,21387.0,21613.5,21160.5,21613.5,226.5,960.0,226.0,4515.0,TP
2024-12-23,2024-12-23 12:00:00-05:00,21693.25,21707.75,21553.0,21833.5,140.25,308.0,14.0,275.0,EOD
2024-12-24,2024-12-24 10:45:00-05:00,21958.25,22046.5,21799.25,22117.25,159.0,691.0,87.75,1750.0,EOD_LAST
2024-12-26,2024-12-26 11:45:00-05:00,22032.75,22044.25,21870.25,22195.25,162.5,658.0,11.0,215.0,EOD
2024-12-30,2024-12-30 12:15:00-05:00,21475.0,21529.5,21283.25,21666.75,191.75,364.0,54.0,1075.0,EOD
2025-01-03,2025-01-03 11:35:00-05:00,21452.5,21534.5,21277.75,21627.25,174.75,863.0,81.5,1625.0,EOD
2025-01-06,2025-01-06 10:15:00-05:00,21852.5,21723.5,21723.5,21981.5,129.0,544.0,-129.5,-2595.0,SL
2025-01-08,2025-01-08 10:05:00-05:00,21387.75,21286.0,21286.0,21489.5,101.75,361.0,-102.25,-2050.0,SL
2025-01-13,2025-01-13 12:25:00-05:00,20844.5,20906.25,20702.0,20987.0,142.5,354.0,61.25,1220.0,EOD
2025-01-15,2025-01-15 10:05:00-05:00,21363.75,21419.5,21186.75,21540.75,177.0,965.0,55.25,1100.0,EOD
2025-01-17,2025-01-17 13:15:00-05:00,21657.25,21622.5,21487.0,21827.5,170.25,651.0,-35.25,-710.0,EOD
2025-01-21,2025-01-21 12:50:00-05:00,21720.0,21724.75,21572.75,21867.25,147.25,421.0,4.25,80.0,EOD
2025-01-22,2025-01-22 11:20:00-05:00,22031.25,22040.25,21902.5,22160.0,128.75,951.0,8.5,165.0,EOD
2025-01-23,2025-01-23 10:35:00-05:00,21920.5,21975.0,21866.0,21975.0,54.5,1064.0,54.0,1075.0,TP
2025-01-27,2025-01-27 10:30:00-05:00,21367.75,21109.0,21109.0,21626.5,258.75,1075.0,-259.25,-5190.0,SL
2025-01-28,2025-01-28 10:05:00-05:00,21356.5,21553.5,21159.5,21553.5,197.0,1203.0,196.5,3925.0,TP
2025-01-31,2025-01-31 10:05:00-05:00,21899.75,21765.0,21765.0,22034.5,134.75,701.0,-135.25,-2710.0,SL
2025-02-03,2025-02-03 10:30:00-05:00,21352.25,21485.5,21171.5,21533.0,180.75,545.0,132.75,2650.0,EOD
2025-02-04,2025-02-04 10:05:00-05:00,21602.75,21638.75,21405.25,21800.25,197.5,386.0,35.5,705.0,EOD
2025-02-05,2025-02-05 10:40:00-05:00,21592.5,21666.0,21519.0,21666.0,73.5,415.0,73.0,1455.0,TP
2025-02-06,2025-02-06 10:15:00-05:00,21835.5,21738.25,21738.25,21932.75,97.25,425.0,-97.75,-1960.0,SL
2025-02-10,2025-02-10 10:05:00-05:00,21814.75,21885.5,21744.0,21885.5,70.75,503.0,70.25,1400.0,TP
2025-02-11,2025-02-11 10:30:00-05:00,21838.25,21826.25,21700.75,21975.75,137.5,573.0,-12.5,-255.0,EOD
2025-02-12,2025-02-12 10:25:00-05:00,21718.5,21828.5,21536.25,21900.75,182.25,1036.0,109.5,2185.0,EOD
2025-02-13,2025-02-13 10:20:00-05:00,21972.75,22057.0,21834.75,22110.75,138.0,900.0,83.75,1670.0,EOD
2025-02-14,2025-02-14 10:10:00-05:00,22144.25,22198.5,22090.0,22198.5,54.25,498.0,53.75,1070.0,TP
2025-02-19,2025-02-19 11:45:00-05:00,22237.75,22295.0,22154.75,22320.75,83.0,796.0,56.75,1130.0,EOD
2025-02-26,2025-02-26 10:15:00-05:00,21329.25,21189.0,21189.0,21469.5,140.25,482.0,-140.75,-2820.0,SL
2025-02-28,2025-02-28 10:15:00-05:00,20693.0,20710.5,20460.5,20925.5,232.5,770.0,17.0,335.0,EOD
2025-03-04,2025-03-04 14:00:00-05:00,20500.5,20618.75,20227.5,20773.5,273.0,468.0,117.75,2350.0,EOD
2025-03-05,2025-03-05 10:10:00-05:00,20456.0,20270.25,20270.25,20641.75,185.75,509.0,-186.25,-3730.0,SL
2025-03-06,2025-03-06 10:05:00-05:00,20359.0,20489.75,20228.25,20489.75,130.75,1244.0,130.25,2600.0,TP
2025-03-07,2025-03-07 14:25:00-05:00,20269.0,20192.75,20023.75,20514.25,245.25,578.0,-76.75,-1540.0,EOD
2025-03-14,2025-03-14 11:05:00-04:00,19634.5,19674.25,19450.75,19818.25,183.75,601.0,39.25,780.0,EOD
2025-03-17,2025-03-17 14:15:00-04:00,19876.5,19937.5,19683.25,20069.75,193.25,801.0,60.5,1205.0,EOD
2025-03-19,2025-03-19 11:55:00-04:00,19719.25,19820.5,19504.25,19934.25,215.0,679.0,100.75,2010.0,EOD
2025-03-24,2025-03-24 10:50:00-04:00,20356.75,20366.0,20229.25,20484.25,127.5,432.0,8.75,170.0,EOD
2025-03-25,2025-03-25 10:30:00-04:00,20453.25,20427.75,20361.75,20544.75,91.5,401.0,-26.0,-525.0,EOD
2025-03-27,2025-03-27 10:30:00-04:00,20120.75,20045.25,19937.25,20304.25,183.5,733.0,-76.0,-1525.0,EOD
2025-03-31,2025-03-31 11:35:00-04:00,19201.75,19348.5,18976.75,19426.75,225.0,427.0,146.25,2920.0,EOD
2025-04-01,2025-04-01 10:55:00-04:00,19493.5,19448.0,19338.25,19648.75,155.25,321.0,-46.0,-925.0,EOD
2025-04-02,2025-04-02 10:05:00-04:00,19614.0,19607.25,19316.5,19911.5,297.5,540.0,-7.25,-150.0,EOD
2025-04-07,2025-04-07 10:15:00-04:00,17957.5,17531.25,16673.5,19241.5,1284.0,686.0,-426.75,-8540.0,EOD
2025-04-09,2025-04-09 13:05:00-04:00,17693.5,18184.75,17202.25,18184.75,491.25,450.0,490.75,9810.0,TP
2025-04-11,2025-04-11 12:45:00-04:00,18755.75,18739.5,18351.25,19160.25,404.5,318.0,-16.75,-340.0,EOD
2025-04-16,2025-04-16 11:25:00-04:00,18704.5,18523.25,18523.25,18885.75,181.25,879.0,-181.75,-3640.0,SL
2025-04-22,2025-04-22 10:10:00-04:00,18288.75,18477.0,18100.5,18477.0,188.25,311.0,187.75,3750.0,TP
2025-04-24,2025-04-24 10:10:00-04:00,19093.75,19293.25,18846.5,19341.0,247.25,507.0,199.0,3975.0,EOD
2025-04-25,2025-04-25 10:10:00-04:00,19376.5,19235.75,19235.75,19517.25,140.75,729.0,-141.25,-2830.0,SL
2025-04-29,2025-04-29 10:10:00-04:00,19575.5,19646.25,19403.75,19747.25,171.75,726.0,70.25,1400.0,EOD
2025-04-30,2025-04-30 11:00:00-04:00,19333.0,19560.0,19106.0,19560.0,227.0,316.0,226.5,4525.0,TP
2025-05-01,2025-05-01 10:30:00-04:00,19999.75,20009.0,19860.0,20139.5,139.75,463.0,8.75,170.0,EOD
2025-05-02,2025-05-02 12:00:00-04:00,20197.75,20221.25,20019.75,20375.75,178.0,493.0,23.0,455.0,EOD
2025-05-05,2025-05-05 10:55:00-04:00,20102.0,20151.5,19985.25,20218.75,116.75,443.0,49.0,975.0,EOD
2025-05-06,2025-05-06 10:20:00-04:00,19867.25,19987.5,19747.0,19987.5,120.25,590.0,119.75,2390.0,TP
2025-05-08,2025-05-08 11:45:00-04:00,20292.25,20283.75,20061.0,20523.5,231.25,533.0,-9.0,-185.0,EOD
2025-05-13,2025-05-13 10:15:00-04:00,21203.0,21327.5,20972.75,21433.25,230.25,646.0,124.0,2475.0,EOD
2025-05-14,2025-05-14 12:35:00-04:00,21412.25,21369.5,21273.75,21550.75,138.5,503.0,-43.25,-870.0,EOD
2025-05-15,2025-05-15 11:05:00-04:00,21361.0,21474.25,21247.75,21474.25,113.25,495.0,112.75,2250.0,TP
2025-05-16,2025-05-16 13:35:00-04:00,21472.25,21476.5,21388.25,21556.25,84.0,361.0,3.75,70.0,EOD
2025-05-19,2025-05-19 10:05:00-04:00,21389.5,21495.75,21202.25,21576.75,187.25,491.0,105.75,2110.0,EOD
2025-05-20,2025-05-20 12:40:00-04:00,21458.25,21354.75,21354.75,21561.75,103.5,405.0,-104.0,-2085.0,SL
2025-05-21,2025-05-21 11:00:00-04:00,21456.75,21277.0,21277.0,21636.5,179.75,670.0,-180.25,-3610.0,SL
2025-05-22,2025-05-22 10:05:00-04:00,21308.75,21305.25,21113.75,21503.75,195.0,474.0,-4.0,-85.0,EOD
2025-05-23,2025-05-23 10:15:00-04:00,20970.75,21039.0,20822.5,21119.0,148.25,392.0,67.75,1350.0,EOD
2025-05-27,2025-05-27 10:05:00-04:00,21333.25,21473.75,21192.75,21473.75,140.5,312.0,140.0,2795.0,TP
2025-06-02,2025-06-02 13:05:00-04:00,21458.25,21517.75,21286.75,21629.75,171.5,412.0,59.0,1175.0,EOD
2025-06-03,2025-06-03 10:05:00-04:00,21616.0,21722.25,21509.75,21722.25,106.25,330.0,105.75,2110.0,TP
2025-06-05,2025-06-05 11:20:00-04:00,21909.75,21691.5,21691.5,22128.0,218.25,673.0,-218.75,-4380.0,SL
2025-06-09,2025-06-09 10:10:00-04:00,21822.25,21869.25,21750.75,21893.75,71.5,432.0,46.5,925.0,EOD
2025-06-10,2025-06-10 12:05:00-04:00,21894.75,21948.5,21818.0,21971.5,76.75,351.0,53.25,1060.0,EOD
2025-06-11,2025-06-11 10:45:00-04:00,22046.0,21915.75,21915.75,22176.25,130.25,315.0,-130.75,-2620.0,SL
2025-06-12,2025-06-12 10:40:00-04:00,21934.25,21937.25,21818.5,22050.0,115.75,311.0,2.5,45.0,EOD
2025-06-16,2025-06-16 11:20:00-04:00,21988.5,21940.75,21792.25,22184.75,196.25,362.0,-48.25,-970.0,EOD
2025-06-23,2025-06-23 10:20:00-04:00,21997.75,21758.5,21758.5,22237.0,239.25,438.0,-239.75,-4800.0,SL
2025-06-24,2025-06-24 10:45:00-04:00,22336.25,22412.5,22260.0,22412.5,76.25,474.0,75.75,1510.0,TP
2025-06-26,2025-06-26 10:35:00-04:00,22580.5,22685.0,22476.0,22685.0,104.5,474.0,104.0,2075.0,TP
2025-06-27,2025-06-27 10:05:00-04:00,22793.75,22685.25,22685.25,22902.25,108.5,504.0,-109.0,-2185.0,SL
2025-07-02,2025-07-02 10:05:00-04:00,22732.75,22814.25,22651.25,22814.25,81.5,454.0,81.0,1615.0,TP
2025-07-03,2025-07-03 10:05:00-04:00,23038.5,23059.0,22930.25,23146.75,108.25,464.0,20.0,395.0,EOD_LAST
2025-07-08,2025-07-08 12:25:00-04:00,22947.0,22881.0,22881.0,23013.0,66.0,436.0,-66.5,-1335.0,SL
2025-07-11,2025-07-11 10:15:00-04:00,22978.25,22976.5,22863.0,23093.5,115.25,447.0,-2.25,-50.0,EOD
2025-07-14,2025-07-14 11:00:00-04:00,22991.5,23051.25,22842.25,23140.75,149.25,358.0,59.25,1180.0,EOD
2025-07-17,2025-07-17 10:35:00-04:00,23171.25,23276.75,23065.75,23276.75,105.5,345.0,105.0,2095.0,TP
2025-07-21,2025-07-21 10:25:00-04:00,23404.25,23390.5,23255.25,23553.25,149.0,395.0,-14.25,-290.0,EOD
2025-07-23,2025-07-23 14:15:00-04:00,23292.5,23301.5,23160.5,23424.5,132.0,1046.0,8.5,165.0,EOD
2025-07-24,2025-07-24 13:15:00-04:00,23411.0,23400.75,23334.25,23487.75,76.75,530.0,-10.75,-220.0,EOD
2025-07-25,2025-07-25 12:10:00-04:00,23432.0,23443.0,23330.75,23533.25,101.25,571.0,10.5,205.0,EOD
2025-07-30,2025-07-30 10:55:00-04:00,23532.5,23450.75,23450.75,23614.25,81.75,306.0,-82.25,-1650.0,SL
2025-08-04,2025-08-04 12:30:00-04:00,23263.75,23261.5,23088.75,23438.75,175.0,306.0,-2.75,-60.0,EOD
2025-08-06,2025-08-06 10:05:00-04:00,23269.75,23391.0,23148.5,23391.0,121.25,864.0,120.75,2410.0,TP
2025-08-08,2025-08-08 10:05:00-04:00,23649.5,23711.0,23530.0,23769.0,119.5,640.0,61.0,1215.0,EOD
2025-08-11,2025-08-11 10:15:00-04:00,23746.0,23680.75,23680.75,23811.25,65.25,402.0,-65.75,-1320.0,SL
2025-08-12,2025-08-12 11:10:00-04:00,23810.0,23907.0,23649.25,23970.75,160.75,487.0,96.5,1925.0,EOD
2025-08-14,2025-08-14 10:35:00-04:00,23973.0,23923.5,23841.25,24104.75,131.75,650.0,-50.0,-1005.0,EOD
2025-08-21,2025-08-21 10:25:00-04:00,23319.5,23175.75,23175.75,23463.25,143.75,368.0,-144.25,-2890.0,SL
2025-08-22,2025-08-22 10:05:00-04:00,23486.5,23586.5,23205.5,23767.5,281.0,1088.0,99.5,1985.0,EOD
2025-08-25,2025-08-25 10:05:00-04:00,23542.75,23552.5,23443.25,23642.25,99.5,636.0,9.25,180.0,EOD
2025-08-26,2025-08-26 10:25:00-04:00,23540.75,23550.0,23427.0,23654.5,113.75,332.0,8.75,170.0,EOD
2025-08-27,2025-08-27 10:20:00-04:00,23598.5,23626.75,23487.5,23709.5,111.0,980.0,27.75,550.0,EOD
2025-08-28,2025-08-28 12:30:00-04:00,23755.0,23789.0,23572.5,23937.5,182.5,403.0,33.5,665.0,EOD
2025-09-02,2025-09-02 10:30:00-04:00,23262.25,23189.0,23025.25,23499.25,237.0,649.0,-73.75,-1480.0,EOD
2025-09-03,2025-09-03 10:20:00-04:00,23443.0,23516.0,23370.0,23516.0,73.0,542.0,72.5,1445.0,TP
2025-09-04,2025-09-04 12:50:00-04:00,23558.25,23620.25,23457.25,23659.25,101.0,722.0,61.5,1225.0,EOD
2025-09-11,2025-09-11 10:35:00-04:00,23998.25,24033.75,23909.75,24086.75,88.5,556.0,35.0,695.0,EOD
2025-09-12,2025-09-12 10:25:00-04:00,24071.5,24141.5,24001.5,24141.5,70.0,797.0,69.5,1385.0,TP
2025-09-15,2025-09-15 11:05:00-04:00,24265.5,24270.75,24172.75,24358.25,92.75,323.0,4.75,90.0,EOD
2025-09-22,2025-09-22 10:25:00-04:00,24890.25,24966.25,24814.25,24966.25,76.0,816.0,75.5,1505.0,TP
2025-09-25,2025-09-25 10:25:00-04:00,24635.25,24628.0,24422.5,24848.0,212.75,601.0,-7.75,-160.0,EOD
2025-09-26,2025-09-26 14:25:00-04:00,24718.25,24725.75,24597.0,24839.5,121.25,473.0,7.0,135.0,EOD
2025-09-29,2025-09-29 10:10:00-04:00,24969.25,24848.25,24848.25,25090.25,121.0,1108.0,-121.5,-2435.0,SL
2025-09-30,2025-09-30 11:05:00-04:00,24856.25,24837.75,24722.25,24990.25,134.0,448.0,-19.0,-385.0,EOD
2025-10-01,2025-10-01 10:20:00-04:00,24857.75,24989.5,24726.0,24989.5,131.75,669.0,131.25,2620.0,TP
2025-10-06,2025-10-06 13:25:00-04:00,25225.25,25238.75,25116.75,25333.75,108.5,818.0,13.0,255.0,EOD
2025-10-08,2025-10-08 10:05:00-04:00,25203.0,25270.75,25074.0,25332.0,129.0,1091.0,67.25,1340.0,EOD
2025-10-13,2025-10-13 12:00:00-04:00,24893.25,24901.25,24724.5,25062.0,168.75,434.0,7.5,145.0,EOD
2025-10-14,2025-10-14 10:25:00-04:00,24688.5,24899.25,24421.0,24956.0,267.5,584.0,210.25,4200.0,EOD
2025-10-15,2025-10-15 10:05:00-04:00,25039.0,24897.0,24897.0,25181.0,142.0,334.0,-142.5,-2855.0,SL
2025-10-16,2025-10-16 10:40:00-04:00,25125.75,25026.75,25026.75,25224.75,99.0,732.0,-99.5,-1995.0,SL
2025-10-17,2025-10-17 12:25:00-04:00,24936.75,24996.75,24672.5,25201.0,264.25,402.0,59.5,1185.0,EOD
2025-10-20,2025-10-20 10:10:00-04:00,25249.0,25327.25,25114.75,25383.25,134.25,438.0,77.75,1550.0,EOD
2025-10-21,2025-10-21 11:50:00-04:00,25308.5,25309.75,25211.5,25405.5,97.0,409.0,0.75,10.0,EOD
2025-10-23,2025-10-23 10:50:00-04:00,25194.75,25273.75,24999.0,25390.5,195.75,564.0,78.5,1565.0,EOD
2025-10-24,2025-10-24 11:25:00-04:00,25539.25,25543.75,25429.75,25648.75,109.5,1960.0,4.0,75.0,EOD
2025-10-27,2025-10-27 10:05:00-04:00,25866.5,25936.5,25796.5,25936.5,70.0,453.0,69.5,1385.0,TP
2025-10-28,2025-10-28 12:35:00-04:00,26109.0,26188.5,26029.5,26188.5,79.5,858.0,79.0,1575.0,TP
2025-11-05,2025-11-05 11:25:00-05:00,25711.75,25863.25,25488.0,25935.5,223.75,549.0,151.0,3015.0,EOD
2025-11-07,2025-11-07 15:00:00-05:00,25113.5,25113.5,24917.75,25309.25,195.75,717.0,-0.5,-15.0,EOD_LAST
2025-11-10,2025-11-10 14:30:00-05:00,25687.0,25702.0,25525.25,25848.75,161.75,657.0,14.5,285.0,EOD
2025-11-11,2025-11-11 13:20:00-05:00,25657.5,25663.25,25560.25,25754.75,97.25,659.0,5.25,100.0,EOD
2025-11-14,2025-11-14 10:30:00-05:00,25009.5,25228.0,24626.0,25393.0,383.5,311.0,218.0,4355.0,EOD
2025-11-19,2025-11-19 10:05:00-05:00,24923.0,24572.5,24572.5,25273.5,350.5,300.0,-351.0,-7025.0,SL
2025-11-20,2025-11-20 10:40:00-05:00,25291.75,25146.0,25146.0,25437.5,145.75,879.0,-146.25,-2930.0,SL
2025-11-21,2025-11-21 12:05:00-05:00,24357.25,24458.75,24101.5,24613.0,255.75,536.0,101.0,2015.0,EOD
2025-11-24,2025-11-24 10:05:00-05:00,24734.0,24951.25,24516.75,24951.25,217.25,306.0,216.75,4330.0,TP
2025-11-25,2025-11-25 11:55:00-05:00,24897.5,25013.75,24602.0,25193.0,295.5,400.0,115.75,2310.0,EOD
2025-11-26,2025-11-26 11:05:00-05:00,25291.5,25332.5,25155.25,25427.75,136.25,495.0,40.5,805.0,EOD
2025-12-01,2025-12-01 10:55:00-05:00,25409.75,25373.75,25209.25,25610.25,200.5,540.0,-36.5,-735.0,EOD
2025-12-02,2025-12-02 10:05:00-05:00,25634.75,25471.25,25471.25,25798.25,163.5,446.0,-164.0,-3285.0,SL
2025-12-03,2025-12-03 10:05:00-05:00,25570.0,25669.75,25430.0,25710.0,140.0,1234.0,99.25,1980.0,EOD
2025-12-05,2025-12-05 10:05:00-05:00,25812.75,25673.5,25673.5,25952.0,139.25,310.0,-139.75,-2800.0,SL
2025-12-09,2025-12-09 10:45:00-05:00,25680.0,25702.5,25560.0,25800.0,120.0,610.0,22.0,435.0,EOD
2025-12-10,2025-12-10 14:35:00-05:00,25741.75,25823.25,25567.0,25916.5,174.75,470.0,81.0,1615.0,EOD
2025-12-11,2025-12-11 13:40:00-05:00,25664.0,25689.5,25400.5,25927.5,263.5,537.0,25.0,495.0,EOD
2025-12-23,2025-12-23 12:10:00-05:00,25774.25,25797.25,25638.0,25910.5,136.25,557.0,22.5,445.0,EOD
2025-12-24,2025-12-24 10:15:00-05:00,25828.25,25872.5,25784.0,25872.5,44.25,329.0,43.75,870.0,TP
2025-12-30,2025-12-30 11:25:00-05:00,25782.25,25712.0,25674.25,25890.25,108.0,372.0,-70.75,-1420.0,EOD
2026-01-05,2026-01-05 11:10:00-05:00,25687.25,25577.5,25538.5,25836.0,148.75,567.0,-110.25,-2210.0,EOD
2026-01-06,2026-01-06 10:30:00-05:00,25772.25,25807.75,25608.0,25936.5,164.25,576.0,35.0,695.0,EOD
2026-01-07,2026-01-07 10:35:00-05:00,25882.5,25994.0,25771.0,25994.0,111.5,420.0,111.0,2215.0,TP
2026-01-09,2026-01-09 11:00:00-05:00,25812.25,25954.5,25648.5,25976.0,163.75,357.0,141.75,2830.0,EOD
2026-01-12,2026-01-12 13:10:00-05:00,25986.25,26014.75,25743.5,26229.0,242.75,803.0,28.0,555.0,EOD
2026-01-20,2026-01-20 10:35:00-05:00,25385.25,25233.75,25233.75,25536.75,151.5,419.0,-152.0,-3045.0,SL
2026-01-21,2026-01-21 10:20:00-05:00,25348.0,25568.5,25127.5,25568.5,220.5,493.0,220.0,4395.0,TP
2026-01-23,2026-01-23 10:05:00-05:00,25711.5,25748.0,25562.5,25860.5,149.0,630.0,36.0,715.0,EOD
2026-01-26,2026-01-26 10:20:00-05:00,25871.25,25878.5,25704.25,26038.25,167.0,827.0,6.75,130.0,EOD
2026-01-27,2026-01-27 10:35:00-05:00,26074.25,26091.75,25917.25,26231.25,157.0,672.0,17.0,335.0,EOD
2026-02-02,2026-02-02 10:15:00-05:00,25874.25,25847.0,25539.75,26208.75,334.5,373.0,-27.75,-560.0,EOD
2026-02-06,2026-02-06 11:35:00-05:00,25037.0,25070.75,24700.75,25373.25,336.25,630.0,33.25,660.0,EOD
2026-02-09,2026-02-09 10:20:00-05:00,25242.75,25399.0,24955.5,25530.0,287.25,383.0,155.75,3110.0,EOD
2026-02-10,2026-02-10 10:10:00-05:00,25434.75,25294.5,25255.75,25613.75,179.0,504.0,-140.75,-2820.0,EOD
2026-02-13,2026-02-13 10:35:00-05:00,24907.5,24852.75,24578.75,25236.25,328.75,305.0,-55.25,-1110.0,EOD
2026-02-17,2026-02-17 14:20:00-05:00,24845.5,24815.0,24475.0,25216.0,370.5,609.0,-31.0,-625.0,EOD
2026-02-18,2026-02-18 10:05:00-05:00,25016.5,24883.0,24752.0,25281.0,264.5,1794.0,-134.0,-2685.0,EOD
2026-02-19,2026-02-19 10:05:00-05:00,24924.75,24763.0,24763.0,25086.5,161.75,382.0,-162.25,-3250.0,SL
2026-02-20,2026-02-20 10:05:00-05:00,24974.5,25023.0,24678.5,25270.5,296.0,1246.0,48.0,955.0,EOD
2026-02-24,2026-02-24 10:30:00-05:00,25011.75,25021.5,24694.5,25329.0,317.25,1701.0,9.25,180.0,EOD
2026-02-25,2026-02-25 14:05:00-05:00,25363.75,25368.75,25156.75,25570.75,207.0,595.0,4.5,85.0,EOD
2026-02-27,2026-02-27 10:10:00-05:00,24954.5,24895.25,24782.0,25127.0,172.5,803.0,-59.75,-1200.0,EOD
2026-03-02,2026-03-02 10:40:00-05:00,24918.0,25082.75,24605.0,25231.0,313.0,479.0,164.25,3280.0,EOD
2026-03-03,2026-03-03 12:45:00-05:00,24692.75,24787.25,24480.25,24905.25,212.5,336.0,94.0,1875.0,EOD
2026-03-04,2026-03-04 10:10:00-05:00,24994.75,25163.5,24826.0,25163.5,168.75,1018.0,168.25,3360.0,TP
2026-03-06,2026-03-06 10:15:00-05:00,24790.5,24808.25,24608.75,24972.25,181.75,724.0,17.25,340.0,EOD
2026-03-09,2026-03-09 11:15:00-04:00,24600.0,24655.5,24313.0,24887.0,287.0,336.0,55.0,1095.0,EOD
2026-03-10,2026-03-10 10:40:00-04:00,25091.75,25029.25,24947.25,25236.25,144.5,372.0,-63.0,-1265.0,EOD
2026-03-11,2026-03-11 10:05:00-04:00,25121.5,25015.25,25015.25,25227.75,106.25,687.0,-106.75,-2140.0,SL
2026-03-23,2026-03-23 10:20:00-04:00,24643.25,24432.5,24432.5,24854.0,210.75,766.0,-211.25,-4230.0,SL
2026-03-24,2026-03-24 11:25:00-04:00,24367.25,24276.25,24134.0,24600.5,233.25,304.0,-91.5,-1835.0,EOD
2026-03-31,2026-03-31 12:40:00-04:00,23668.75,23855.5,23378.75,23958.75,290.0,1628.0,186.25,3720.0,EOD
2026-04-01,2026-04-01 10:40:00-04:00,24213.25,24159.0,24043.25,24383.25,170.0,689.0,-54.75,-1100.0,EOD
2026-04-02,2026-04-02 10:10:00-04:00,23931.25,24184.5,23678.0,24184.5,253.25,324.0,252.75,5050.0,TP
2026-04-09,2026-04-09 11:35:00-04:00,25122.25,25239.0,25005.5,25239.0,116.75,1223.0,116.25,2320.0,TP
2026-04-10,2026-04-10 11:25:00-04:00,25388.5,25290.5,25290.5,25486.5,98.0,533.0,-98.5,-1975.0,SL
2026-04-13,2026-04-13 10:45:00-04:00,25316.0,25445.25,25160.0,25472.0,156.0,542.0,128.75,2570.0,EOD
2026-04-14,2026-04-14 10:15:00-04:00,25775.0,25894.0,25656.0,25894.0,119.0,423.0,118.5,2365.0,TP
2026-04-15,2026-04-15 10:15:00-04:00,26090.75,26199.25,25982.25,26199.25,108.5,602.0,108.0,2155.0,TP
2026-04-16,2026-04-16 11:10:00-04:00,26465.0,26438.0,26275.5,26654.5,189.5,499.0,-27.5,-555.0,EOD
2026-04-17,2026-04-17 10:05:00-04:00,26750.25,26871.0,26629.5,26871.0,120.75,382.0,120.25,2400.0,TP
2026-04-21,2026-04-21 10:10:00-04:00,26861.25,26726.75,26726.75,26995.75,134.5,597.0,-135.0,-2705.0,SL
2026-04-22,2026-04-22 10:15:00-04:00,26923.0,27034.5,26811.5,27034.5,111.5,826.0,111.0,2215.0,TP
2026-04-23,2026-04-23 11:35:00-04:00,27145.75,26965.0,26965.0,27326.5,180.75,458.0,-181.25,-3630.0,SL
2026-04-24,2026-04-24 10:55:00-04:00,27263.5,27396.75,27130.25,27396.75,133.25,328.0,132.75,2650.0,TP
2026-04-27,2026-04-27 13:35:00-04:00,27438.0,27399.25,27298.5,27577.5,139.5,519.0,-39.25,-790.0,EOD
2026-04-29,2026-04-29 10:25:00-04:00,27243.75,27295.25,27124.25,27363.25,119.5,486.0,51.0,1015.0,EOD
2026-04-30,2026-04-30 14:00:00-04:00,27543.25,27551.25,27203.0,27883.5,340.25,309.0,7.5,145.0,EOD
2026-05-01,2026-05-01 10:05:00-04:00,27887.75,27821.75,27617.75,28157.75,270.0,615.0,-66.5,-1335.0,EOD
2026-05-04,2026-05-04 10:40:00-04:00,27903.25,27808.25,27808.25,27998.25,95.0,373.0,-95.5,-1915.0,SL
2026-05-05,2026-05-05 10:30:00-04:00,28119.5,28168.75,27971.0,28268.0,148.5,444.0,48.75,970.0,EOD
2026-05-06,2026-05-06 10:45:00-04:00,28521.25,28640.25,28336.0,28706.5,185.25,369.0,118.5,2365.0,EOD
