atr_len,sl_mult,tp_mult,rr,n,wr,net,pf,mdd,tagged,mean_mnq,mean_risk,is_n,is_wr,is_net,is_tagged,oos_n,oos_wr,oos_net,oos_tagged,min_wr,qualifies,strat
7,0.5,0.75,1.5,674,39.6,-72259.0,0.837,-76510.0,0.994,23.4,995.0,400,39.8,-42541.0,0.995,274,39.4,-29718.0,0.993,39.4,False,B2
7,0.5,1.0,2.0,674,34.0,-58691.0,0.879,-76084.0,0.987,23.4,995.0,400,35.5,-17545.0,0.988,274,31.8,-41146.0,0.985,31.8,False,B2
7,0.5,1.25,2.5,674,30.7,-28751.0,0.943,-55405.0,0.975,23.4,995.0,400,32.0,-479.0,0.978,274,28.8,-28272.0,0.971,28.8,False,B2
7,0.5,1.5,3.0,674,28.8,521.0,1.001,-41238.0,0.954,23.4,995.0,400,29.8,13079.0,0.953,274,27.4,-12558.0,0.956,27.4,False,B2
7,0.5,1.75,3.5,674,27.4,32400.0,1.061,-38764.0,0.941,23.4,995.0,400,28.5,34443.0,0.94,274,25.9,-2042.0,0.942,25.9,False,B2
7,0.5,2.0,4.0,674,26.3,52977.0,1.098,-36035.0,0.927,23.4,995.0,400,27.5,53286.0,0.925,274,24.5,-309.0,0.931,24.5,False,B2
7,0.5,2.25,4.5,674,24.6,38928.0,1.071,-27798.0,0.907,23.4,995.0,400,25.5,39426.0,0.902,274,23.4,-497.0,0.912,23.4,False,B2
7,0.5,2.5,5.0,674,24.0,34557.0,1.062,-31156.0,0.881,23.4,995.0,400,24.8,29411.0,0.87,274,23.0,5146.0,0.898,23.0,True,B2
7,0.5,2.75,5.5,674,23.4,42816.0,1.077,-33342.0,0.871,23.4,995.0,400,24.2,39049.0,0.863,274,22.3,3767.0,0.883,22.3,True,B2
7,0.5,3.0,6.0,674,23.1,51380.0,1.092,-27808.0,0.852,23.4,995.0,400,24.0,46240.0,0.845,274,21.9,5140.0,0.861,21.9,True,B2
7,0.5,3.25,6.5,674,22.8,43255.0,1.077,-29851.0,0.835,23.4,995.0,400,23.8,46377.0,0.833,274,21.5,-3122.0,0.839,21.5,False,B2
7,0.5,3.5,7.0,674,22.7,51088.0,1.091,-33693.0,0.825,23.4,995.0,400,23.5,46267.0,0.818,274,21.5,4820.0,0.836,21.5,True,B2
7,0.5,3.75,7.5,674,22.7,49150.0,1.087,-33571.0,0.812,23.4,995.0,400,23.5,42517.0,0.802,274,21.5,6633.0,0.825,21.5,True,B2
7,0.5,4.0,8.0,674,22.7,50663.0,1.09,-29752.0,0.804,23.4,995.0,400,23.5,43711.0,0.792,274,21.5,6952.0,0.821,21.5,True,B2
7,0.75,0.75,1.0,674,49.1,-55867.0,0.846,-66451.0,0.985,15.8,999.0,400,48.8,-34836.0,0.99,274,49.6,-21031.0,0.978,48.8,False,B2
7,0.75,1.0,1.333,674,42.1,-60362.0,0.852,-75790.0,0.969,15.8,999.0,400,42.5,-30625.0,0.978,274,41.6,-29737.0,0.956,41.6,False,B2
7,0.75,1.25,1.667,674,38.1,-47407.0,0.891,-62430.0,0.941,15.8,999.0,400,38.2,-24856.0,0.95,274,38.0,-22551.0,0.927,38.0,False,B2
7,0.75,1.5,2.0,674,35.8,-33460.0,0.926,-55806.0,0.915,15.8,999.0,400,35.5,-20842.0,0.922,274,36.1,-12618.0,0.905,35.5,False,B2
7,0.75,1.75,2.333,674,34.6,-12122.0,0.974,-46714.0,0.89,15.8,999.0,400,34.8,-1293.0,0.902,274,34.3,-10829.0,0.872,34.3,False,B2
7,0.75,2.0,2.667,674,33.5,7662.0,1.016,-41948.0,0.871,15.8,999.0,400,33.8,13750.0,0.88,274,33.2,-6088.0,0.858,33.2,False,B2
7,0.75,2.25,3.0,674,32.2,6599.0,1.014,-30985.0,0.847,15.8,999.0,400,32.2,12442.0,0.855,274,32.1,-5843.0,0.836,32.1,False,B2
7,0.75,2.5,3.333,674,31.5,6768.0,1.014,-27680.0,0.818,15.8,999.0,400,31.2,6258.0,0.818,274,31.8,511.0,0.818,31.2,True,B2
7,0.75,2.75,3.667,674,30.9,15051.0,1.031,-28330.0,0.804,15.8,999.0,400,30.8,14278.0,0.807,274,31.0,774.0,0.799,30.8,True,B2
7,0.75,3.0,4.0,674,30.6,21966.0,1.045,-27380.0,0.782,15.8,999.0,400,30.5,18472.0,0.785,274,30.7,3494.0,0.777,30.5,True,B2
7,0.75,3.25,4.333,674,30.3,17254.0,1.035,-27370.0,0.761,15.8,999.0,400,30.2,17641.0,0.765,274,30.3,-387.0,0.755,30.2,False,B2
7,0.75,3.5,4.667,674,30.1,22823.0,1.047,-29638.0,0.746,15.8,999.0,400,30.0,16678.0,0.745,274,30.3,6145.0,0.748,30.0,True,B2
7,0.75,3.75,5.0,674,30.1,23752.0,1.049,-28582.0,0.731,15.8,999.0,400,30.0,15619.0,0.73,274,30.3,8133.0,0.734,30.0,True,B2
7,0.75,4.0,5.333,674,30.1,25305.0,1.052,-26671.0,0.72,15.8,999.0,400,30.0,16157.0,0.718,274,30.3,9148.0,0.723,30.0,True,B2
7,1.0,0.75,0.75,674,56.2,-40345.0,0.866,-46590.0,0.955,11.8,1001.0,400,55.2,-30566.0,0.965,274,57.7,-9779.0,0.942,55.2,False,B2
7,1.0,1.0,1.0,674,49.0,-50710.0,0.854,-56981.0,0.932,11.8,1001.0,400,48.5,-32310.0,0.945,274,49.6,-18400.0,0.912,48.5,False,B2
7,1.0,1.25,1.25,674,45.1,-37759.0,0.898,-47567.0,0.901,11.8,1001.0,400,44.5,-25773.0,0.915,274,46.0,-11986.0,0.88,44.5,False,B2
7,1.0,1.5,1.5,674,43.2,-17813.0,0.954,-35171.0,0.868,11.8,1001.0,400,42.5,-14098.0,0.882,274,44.2,-3715.0,0.847,42.5,False,B2
7,1.0,1.75,1.75,674,41.7,-8073.0,0.98,-29709.0,0.829,11.8,1001.0,400,41.2,-5691.0,0.85,274,42.3,-2382.0,0.799,41.2,False,B2
7,1.0,2.0,2.0,674,40.7,9796.0,1.024,-23785.0,0.806,11.8,1001.0,400,40.2,7100.0,0.82,274,41.2,2695.0,0.785,40.2,True,B2
7,1.0,2.25,2.25,674,39.3,5871.0,1.014,-19646.0,0.774,11.8,1001.0,400,38.8,4062.0,0.787,274,40.1,1810.0,0.755,38.8,True,B2
7,1.0,2.5,2.5,674,38.6,8864.0,1.021,-22969.0,0.742,11.8,1001.0,400,37.8,705.0,0.748,274,39.8,8159.0,0.734,37.8,True,B2
7,1.0,2.75,2.75,674,38.0,15501.0,1.037,-19617.0,0.724,11.8,1001.0,400,37.2,7074.0,0.733,274,39.1,8427.0,0.712,37.2,True,B2
7,1.0,3.0,3.0,674,37.7,21908.0,1.052,-19617.0,0.7,11.8,1001.0,400,37.0,11009.0,0.71,274,38.7,10899.0,0.686,37.0,False,B2
7,1.0,3.25,3.25,674,37.2,16522.0,1.039,-19617.0,0.677,11.8,1001.0,400,36.5,7232.0,0.688,274,38.3,9291.0,0.661,36.5,False,B2
7,1.0,3.5,3.5,674,37.1,20197.0,1.048,-21428.0,0.66,11.8,1001.0,400,36.2,5033.0,0.665,274,38.3,15165.0,0.653,36.2,False,B2
7,1.0,3.75,3.75,674,37.1,22272.0,1.053,-20870.0,0.644,11.8,1001.0,400,36.2,4721.0,0.647,274,38.3,17550.0,0.639,36.2,False,B2
7,1.0,4.0,4.0,674,37.1,24160.0,1.057,-19651.0,0.631,11.8,1001.0,400,36.2,5681.0,0.635,274,38.3,18479.0,0.624,36.2,False,B2
7,1.25,0.75,0.6,674,60.5,-36965.0,0.857,-40542.0,0.935,9.4,998.0,400,60.2,-23877.0,0.945,274,60.9,-13088.0,0.92,60.2,False,B2
7,1.25,1.0,0.8,674,53.7,-42139.0,0.86,-48037.0,0.901,9.4,998.0,400,54.0,-22332.0,0.91,274,53.3,-19807.0,0.887,53.3,False,B2
7,1.25,1.25,1.0,674,49.1,-39810.0,0.878,-45800.0,0.862,9.4,998.0,400,49.8,-18537.0,0.87,274,48.2,-21273.0,0.85,48.2,False,B2
7,1.25,1.5,1.2,674,46.9,-27292.0,0.92,-38931.0,0.825,9.4,998.0,400,47.0,-13217.0,0.833,274,46.7,-14075.0,0.814,46.7,False,B2
7,1.25,1.75,1.4,674,45.5,-16763.0,0.952,-37944.0,0.782,9.4,998.0,400,46.0,-3671.0,0.795,274,44.9,-13093.0,0.763,44.9,False,B2
7,1.25,2.0,1.6,674,44.4,-3273.0,0.991,-33375.0,0.758,9.4,998.0,400,45.0,8229.0,0.765,274,43.4,-11502.0,0.748,43.4,False,B2
7,1.25,2.25,1.8,674,43.0,-6341.0,0.983,-26553.0,0.721,9.4,998.0,400,43.5,6203.0,0.723,274,42.3,-12543.0,0.719,42.3,False,B2
7,1.25,2.5,2.0,674,42.1,-8111.0,0.978,-25048.0,0.684,9.4,998.0,400,42.2,1215.0,0.677,274,42.0,-9326.0,0.693,42.0,False,B2
7,1.25,2.75,2.2,674,41.5,-4452.0,0.988,-24355.0,0.66,9.4,998.0,400,41.8,4359.0,0.652,274,41.2,-8812.0,0.672,41.2,False,B2
7,1.25,3.0,2.4,674,41.2,789.0,1.002,-25136.0,0.636,9.4,998.0,400,41.5,7644.0,0.63,274,40.9,-6855.0,0.646,40.9,False,B2
7,1.25,3.25,2.6,674,40.8,-4687.0,0.988,-26597.0,0.611,9.4,998.0,400,41.0,5141.0,0.608,274,40.5,-9828.0,0.617,40.5,False,B2
7,1.25,3.5,2.8,674,40.7,-1580.0,0.996,-29943.0,0.595,9.4,998.0,400,40.8,3562.0,0.585,274,40.5,-5141.0,0.609,40.5,False,B2
7,1.25,3.75,3.0,674,40.7,-294.0,0.999,-29337.0,0.577,9.4,998.0,400,40.8,3049.0,0.565,274,40.5,-3343.0,0.595,40.5,False,B2
7,1.25,4.0,3.2,674,40.7,1254.0,1.003,-28252.0,0.564,9.4,998.0,400,40.8,3867.0,0.552,274,40.5,-2613.0,0.58,40.5,False,B2
7,1.5,0.75,0.5,674,63.8,-31936.0,0.86,-37049.0,0.918,7.9,997.0,400,64.0,-19007.0,0.93,274,63.5,-12930.0,0.901,63.5,False,B2
7,1.5,1.0,0.667,674,57.3,-34465.0,0.87,-43141.0,0.878,7.9,997.0,400,57.8,-16991.0,0.887,274,56.6,-17474.0,0.865,56.6,False,B2
7,1.5,1.25,0.833,674,53.0,-28815.0,0.9,-38320.0,0.835,7.9,997.0,400,53.8,-12130.0,0.843,274,51.8,-16685.0,0.825,51.8,False,B2
7,1.5,1.5,1.0,674,50.7,-17151.0,0.943,-31946.0,0.792,7.9,997.0,400,50.7,-9220.0,0.797,274,50.7,-7931.0,0.785,50.7,False,B2
7,1.5,1.75,1.167,674,49.3,-9028.0,0.971,-30793.0,0.743,7.9,997.0,400,49.5,-2514.0,0.757,274,48.9,-6514.0,0.723,48.9,False,B2
7,1.5,2.0,1.333,674,48.1,3104.0,1.01,-25898.0,0.718,7.9,997.0,400,48.5,8228.0,0.725,274,47.4,-5123.0,0.708,47.4,False,B2
7,1.5,2.25,1.5,674,46.7,598.0,1.002,-23156.0,0.677,7.9,997.0,400,47.0,6830.0,0.68,274,46.4,-6232.0,0.672,46.4,False,B2
7,1.5,2.5,1.667,674,45.8,141.0,1.0,-23137.0,0.636,7.9,997.0,400,45.8,3711.0,0.635,274,46.0,-3570.0,0.639,45.8,False,B2
7,1.5,2.75,1.833,674,45.1,1549.0,1.005,-22363.0,0.61,7.9,997.0,400,45.0,5297.0,0.608,274,45.3,-3748.0,0.613,45.0,False,B2
7,1.5,3.0,2.0,674,45.0,8243.0,1.025,-20447.0,0.583,7.9,997.0,400,45.0,10864.0,0.583,274,44.9,-2620.0,0.584,44.9,False,B2
7,1.5,3.25,2.167,674,44.5,4104.0,1.012,-21475.0,0.556,7.9,997.0,400,44.5,8851.0,0.557,274,44.5,-4747.0,0.555,44.5,False,B2
7,1.5,3.5,2.333,674,44.5,9422.0,1.028,-22413.0,0.539,7.9,997.0,400,44.5,10056.0,0.532,274,44.5,-633.0,0.547,44.5,False,B2
7,1.5,3.75,2.5,674,44.5,10414.0,1.031,-21685.0,0.518,7.9,997.0,400,44.5,9355.0,0.507,274,44.5,1059.0,0.533,44.5,False,B2
7,1.5,4.0,2.667,674,44.5,12325.0,1.037,-21005.0,0.504,7.9,997.0,400,44.5,10625.0,0.495,274,44.5,1701.0,0.518,44.5,False,B2
7,1.75,0.75,0.429,674,66.0,-25649.0,0.871,-28660.0,0.884,6.8,1003.0,400,66.0,-19552.0,0.907,274,66.1,-6097.0,0.85,66.0,False,B2
7,1.75,1.0,0.571,674,60.1,-23137.0,0.9,-31108.0,0.838,6.8,1003.0,400,60.5,-14512.0,0.863,274,59.5,-8625.0,0.803,59.5,False,B2
7,1.75,1.25,0.714,674,56.1,-16779.0,0.933,-28436.0,0.794,6.8,1003.0,400,56.8,-9659.0,0.815,274,55.1,-7120.0,0.763,55.1,False,B2
7,1.75,1.5,0.857,674,54.2,-2725.0,0.99,-19077.0,0.746,6.8,1003.0,400,54.0,-4864.0,0.765,274,54.4,2140.0,0.719,54.0,False,B2
7,1.75,1.75,1.0,674,52.8,5493.0,1.02,-19013.0,0.69,6.8,1003.0,400,52.8,435.0,0.715,274,52.9,5059.0,0.653,52.8,False,B2
7,1.75,2.0,1.143,674,51.6,17609.0,1.064,-16714.0,0.663,6.8,1003.0,400,51.7,10431.0,0.682,274,51.5,7178.0,0.635,51.5,False,B2
7,1.75,2.25,1.286,674,50.3,15447.0,1.055,-14859.0,0.619,6.8,1003.0,400,50.2,9321.0,0.632,274,50.4,6126.0,0.599,50.2,False,B2
7,1.75,2.5,1.429,674,49.4,16447.0,1.058,-16097.0,0.576,6.8,1003.0,400,49.0,7456.0,0.585,274,50.0,8991.0,0.562,49.0,False,B2
7,1.75,2.75,1.571,674,48.5,14816.0,1.051,-15610.0,0.545,6.8,1003.0,400,48.0,6112.0,0.552,274,49.3,8704.0,0.533,48.0,False,B2
7,1.75,3.0,1.714,674,48.4,21478.0,1.074,-14919.0,0.518,6.8,1003.0,400,48.0,11477.0,0.527,274,48.9,10001.0,0.504,48.0,False,B2
7,1.75,3.25,1.857,674,47.9,16818.0,1.057,-13500.0,0.488,6.8,1003.0,400,47.5,8419.0,0.5,274,48.5,8399.0,0.471,47.5,False,B2
7,1.75,3.5,2.0,674,47.9,21257.0,1.073,-15173.0,0.469,6.8,1003.0,400,47.5,9747.0,0.475,274,48.5,11511.0,0.46,47.5,False,B2
7,1.75,3.75,2.143,674,47.9,22193.0,1.076,-14772.0,0.447,6.8,1003.0,400,47.5,9291.0,0.45,274,48.5,12902.0,0.442,47.5,False,B2
7,1.75,4.0,2.286,674,47.9,24135.0,1.082,-14575.0,0.432,6.8,1003.0,400,47.5,10531.0,0.435,274,48.5,13604.0,0.427,47.5,False,B2
7,2.0,0.75,0.375,674,68.8,-6875.0,0.958,-15338.0,0.849,5.9,995.0,400,69.2,-6793.0,0.873,274,68.2,-82.0,0.814,68.2,False,B2
7,2.0,1.0,0.5,674,63.2,-4076.0,0.979,-17722.0,0.797,5.9,995.0,400,64.0,-1823.0,0.823,274,62.0,-2253.0,0.759,62.0,False,B2
7,2.0,1.25,0.625,674,59.2,981.0,1.005,-18003.0,0.746,5.9,995.0,400,60.5,3521.0,0.77,274,57.3,-2540.0,0.712,57.3,False,B2
7,2.0,1.5,0.75,674,57.1,13791.0,1.062,-11002.0,0.694,5.9,995.0,400,57.5,8094.0,0.715,274,56.6,5697.0,0.664,56.6,False,B2
7,2.0,1.75,0.875,674,55.6,19865.0,1.086,-13411.0,0.635,5.9,995.0,400,56.0,11268.0,0.66,274,55.1,8597.0,0.599,55.1,False,B2
7,2.0,2.0,1.0,674,54.5,30788.0,1.13,-11912.0,0.607,5.9,995.0,400,55.0,20699.0,0.625,274,53.6,10088.0,0.58,53.6,False,B2
7,2.0,2.25,1.125,674,53.1,28374.0,1.117,-10960.0,0.556,5.9,995.0,400,53.5,18847.0,0.57,274,52.6,9527.0,0.536,52.6,False,B2
7,2.0,2.5,1.25,674,52.2,30773.0,1.126,-11132.0,0.513,5.9,995.0,400,52.2,18183.0,0.522,274,52.2,12590.0,0.5,52.2,False,B2
7,2.0,2.75,1.375,674,51.3,30535.0,1.123,-10612.0,0.482,5.9,995.0,400,51.2,17204.0,0.49,274,51.5,13331.0,0.471,51.2,False,B2
7,2.0,3.0,1.5,674,51.2,35855.0,1.143,-10532.0,0.453,5.9,995.0,400,51.2,21754.0,0.463,274,51.1,14101.0,0.438,51.1,False,B2
7,2.0,3.25,1.625,674,50.7,32446.0,1.129,-11335.0,0.423,5.9,995.0,400,50.7,19791.0,0.435,274,50.7,12655.0,0.405,50.7,False,B2
7,2.0,3.5,1.75,674,50.7,34542.0,1.137,-11303.0,0.401,5.9,995.0,400,50.7,20276.0,0.407,274,50.7,14266.0,0.391,50.7,False,B2
7,2.0,3.75,1.875,674,50.7,36011.0,1.143,-11571.0,0.378,5.9,995.0,400,50.7,20374.0,0.383,274,50.7,15637.0,0.372,50.7,False,B2
7,2.0,4.0,2.0,674,50.7,37277.0,1.148,-11452.0,0.361,5.9,995.0,400,50.7,20965.0,0.365,274,50.7,16311.0,0.354,50.7,False,B2
7,2.25,0.75,0.333,674,69.4,-9494.0,0.937,-15775.0,0.823,5.3,1001.0,400,70.0,-7921.0,0.848,274,68.6,-1573.0,0.788,68.6,False,B2
7,2.25,1.0,0.444,674,64.1,-3071.0,0.982,-18561.0,0.76,5.3,1001.0,400,64.8,-888.0,0.785,274,63.1,-2183.0,0.723,63.1,False,B2
7,2.25,1.25,0.556,674,60.1,2422.0,1.013,-18673.0,0.703,5.3,1001.0,400,61.3,3243.0,0.73,274,58.4,-821.0,0.664,58.4,False,B2
7,2.25,1.5,0.667,674,58.0,13896.0,1.07,-11722.0,0.651,5.3,1001.0,400,58.2,7365.0,0.675,274,57.7,6530.0,0.617,57.7,False,B2
7,2.25,1.75,0.778,674,56.7,20138.0,1.098,-12962.0,0.592,5.3,1001.0,400,57.0,11457.0,0.62,274,56.2,8681.0,0.551,56.2,False,B2
7,2.25,2.0,0.889,674,55.6,31440.0,1.149,-11805.0,0.562,5.3,1001.0,400,56.0,19770.0,0.583,274,55.1,11670.0,0.533,55.1,False,B2
7,2.25,2.25,1.0,674,54.3,30075.0,1.139,-11110.0,0.51,5.3,1001.0,400,54.5,18362.0,0.525,274,54.0,11714.0,0.489,54.0,False,B2
7,2.25,2.5,1.111,674,53.4,31955.0,1.146,-10714.0,0.467,5.3,1001.0,400,53.2,17525.0,0.477,274,53.6,14431.0,0.453,53.2,False,B2
7,2.25,2.75,1.222,674,52.7,33065.0,1.149,-10137.0,0.435,5.3,1001.0,400,52.5,18239.0,0.443,274,52.9,14826.0,0.423,52.5,False,B2
7,2.25,3.0,1.333,674,52.5,38356.0,1.172,-10299.0,0.405,5.3,1001.0,400,52.5,22575.0,0.415,274,52.6,15781.0,0.391,52.5,False,B2
7,2.25,3.25,1.444,674,52.1,35169.0,1.157,-9837.0,0.374,5.3,1001.0,400,52.0,20828.0,0.388,274,52.2,14341.0,0.354,52.0,False,B2
7,2.25,3.5,1.556,674,52.1,37146.0,1.166,-11382.0,0.352,5.3,1001.0,400,52.0,21433.0,0.36,274,52.2,15713.0,0.339,52.0,False,B2
7,2.25,3.75,1.667,674,52.1,37865.0,1.169,-11649.0,0.328,5.3,1001.0,400,52.0,21502.0,0.335,274,52.2,16363.0,0.318,52.0,False,B2
7,2.25,4.0,1.778,674,52.1,39220.0,1.175,-11531.0,0.31,5.3,1001.0,400,52.0,22217.0,0.318,274,52.2,17003.0,0.299,52.0,False,B2
7,2.5,0.75,0.3,674,71.1,-176.0,0.999,-10650.0,0.8,4.7,1000.0,400,72.0,-195.0,0.818,274,69.7,18.0,0.774,69.7,False,B2
7,2.5,1.0,0.4,674,65.4,4475.0,1.03,-13230.0,0.73,4.7,1000.0,400,66.2,4687.0,0.75,274,64.2,-212.0,0.701,64.2,False,B2
7,2.5,1.25,0.5,674,61.6,11765.0,1.071,-11793.0,0.669,4.7,1000.0,400,63.0,10132.0,0.693,274,59.5,1633.0,0.635,59.5,False,B2
7,2.5,1.5,0.6,674,59.5,21691.0,1.125,-9093.0,0.616,4.7,1000.0,400,60.0,13624.0,0.637,274,58.8,8066.0,0.584,58.8,False,B2
7,2.5,1.75,0.7,674,58.2,27782.0,1.154,-9883.0,0.556,4.7,1000.0,400,58.8,17727.0,0.583,274,57.3,10055.0,0.518,57.3,False,B2
7,2.5,2.0,0.8,674,57.1,38527.0,1.208,-8031.0,0.527,4.7,1000.0,400,57.8,25783.0,0.545,274,56.2,12745.0,0.5,56.2,False,B2
7,2.5,2.25,0.9,674,55.8,38034.0,1.199,-8432.0,0.475,4.7,1000.0,400,56.2,25382.0,0.487,274,55.1,12652.0,0.456,55.1,False,B2
7,2.5,2.5,1.0,674,54.9,40483.0,1.21,-7543.0,0.432,4.7,1000.0,400,55.0,25212.0,0.44,274,54.7,15271.0,0.42,54.7,False,B2
7,2.5,2.75,1.1,674,54.2,42046.0,1.215,-7630.0,0.399,4.7,1000.0,400,54.2,26774.0,0.405,274,54.0,15272.0,0.391,54.0,False,B2
7,2.5,3.0,1.2,674,54.0,46960.0,1.238,-7929.0,0.368,4.7,1000.0,400,54.2,30937.0,0.375,274,53.6,16024.0,0.358,53.6,False,B2
7,2.5,3.25,1.3,674,53.6,44489.0,1.224,-9347.0,0.335,4.7,1000.0,400,53.8,29429.0,0.345,274,53.3,15060.0,0.321,53.3,False,B2
7,2.5,3.5,1.4,674,53.6,46606.0,1.235,-9397.0,0.313,4.7,1000.0,400,53.8,30206.0,0.318,274,53.3,16400.0,0.307,53.3,False,B2
7,2.5,3.75,1.5,674,53.6,46825.0,1.236,-9574.0,0.288,4.7,1000.0,400,53.8,29899.0,0.29,274,53.3,16926.0,0.285,53.3,False,B2
7,2.5,4.0,1.6,674,53.6,48390.0,1.244,-9425.0,0.27,4.7,1000.0,400,53.8,30819.0,0.273,274,53.3,17571.0,0.266,53.3,False,B2
7,2.75,0.75,0.273,674,71.7,746.0,1.006,-9493.0,0.788,4.3,998.0,400,72.5,277.0,0.802,274,70.4,469.0,0.766,70.4,True,B2
7,2.75,1.0,0.364,674,66.2,7018.0,1.051,-12313.0,0.714,4.3,998.0,400,67.0,6942.0,0.73,274,65.0,76.0,0.69,65.0,False,B2
7,2.75,1.25,0.455,674,62.3,13778.0,1.092,-11692.0,0.653,4.3,998.0,400,63.7,11660.0,0.672,274,60.2,2118.0,0.624,60.2,False,B2
7,2.75,1.5,0.545,674,60.2,23794.0,1.152,-8171.0,0.598,4.3,998.0,400,60.8,14828.0,0.618,274,59.5,8966.0,0.569,59.5,False,B2
7,2.75,1.75,0.636,674,58.9,28953.0,1.177,-9023.0,0.537,4.3,998.0,400,59.5,18299.0,0.562,274,58.0,10655.0,0.5,58.0,False,B2
7,2.75,2.0,0.727,674,57.7,36751.0,1.217,-8089.0,0.506,4.3,998.0,400,58.5,25836.0,0.522,274,56.6,10916.0,0.482,56.6,False,B2
7,2.75,2.25,0.818,674,56.4,35784.0,1.204,-8849.0,0.453,4.3,998.0,400,57.0,25000.0,0.465,274,55.5,10784.0,0.434,55.5,False,B2
7,2.75,2.5,0.909,674,55.5,37476.0,1.212,-8028.0,0.409,4.3,998.0,400,55.8,24429.0,0.417,274,55.1,13047.0,0.398,55.1,False,B2
7,2.75,2.75,1.0,674,54.7,37977.0,1.211,-8134.0,0.375,4.3,998.0,400,55.0,24976.0,0.38,274,54.4,13000.0,0.369,54.4,False,B2
7,2.75,3.0,1.091,674,54.6,42271.0,1.233,-8153.0,0.344,4.3,998.0,400,55.0,28859.0,0.35,274,54.0,13412.0,0.336,54.0,False,B2
7,2.75,3.25,1.182,674,54.2,40162.0,1.22,-9406.0,0.312,4.3,998.0,400,54.5,27670.0,0.32,274,53.6,12493.0,0.299,53.6,False,B2
7,2.75,3.5,1.273,674,54.2,42590.0,1.233,-9508.0,0.289,4.3,998.0,400,54.5,28622.0,0.292,274,53.6,13968.0,0.285,53.6,False,B2
7,2.75,3.75,1.364,674,54.2,42605.0,1.234,-9622.0,0.264,4.3,998.0,400,54.5,28242.0,0.265,274,53.6,14363.0,0.263,53.6,False,B2
7,2.75,4.0,1.455,674,54.2,44107.0,1.242,-9495.0,0.246,4.3,998.0,400,54.5,29105.0,0.247,274,53.6,15002.0,0.245,53.6,False,B2
7,3.0,0.75,0.25,674,72.0,-1316.0,0.988,-9595.0,0.776,3.9,999.0,400,72.5,-2224.0,0.795,274,71.2,909.0,0.748,71.2,False,B2
7,3.0,1.0,0.333,674,66.6,6382.0,1.051,-10300.0,0.697,3.9,999.0,400,67.0,4303.0,0.718,274,66.1,2079.0,0.668,66.1,False,B2
7,3.0,1.25,0.417,674,62.9,13024.0,1.095,-9675.0,0.634,3.9,999.0,400,64.0,9474.0,0.655,274,61.3,3550.0,0.602,61.3,False,B2
7,3.0,1.5,0.5,674,60.8,21713.0,1.151,-6222.0,0.579,3.9,999.0,400,61.0,11962.0,0.6,274,60.6,9751.0,0.547,60.6,False,B2
7,3.0,1.75,0.583,674,59.5,25665.0,1.17,-6891.0,0.513,3.9,999.0,400,59.8,14867.0,0.542,274,59.1,10799.0,0.471,59.1,False,B2
7,3.0,2.0,0.667,674,58.3,32960.0,1.21,-6383.0,0.482,3.9,999.0,400,58.8,21548.0,0.502,274,57.7,11412.0,0.453,57.7,False,B2
7,3.0,2.25,0.75,674,57.0,31535.0,1.195,-6400.0,0.429,3.9,999.0,400,57.2,20651.0,0.445,274,56.6,10884.0,0.405,56.6,False,B2
7,3.0,2.5,0.833,674,56.1,33227.0,1.203,-7065.0,0.386,3.9,999.0,400,56.0,19979.0,0.398,274,56.2,13248.0,0.369,56.0,False,B2
7,3.0,2.75,0.917,674,55.3,34480.0,1.208,-5893.0,0.352,3.9,999.0,400,55.2,20698.0,0.36,274,55.5,13782.0,0.339,55.2,False,B2
7,3.0,3.0,1.0,674,55.2,38729.0,1.232,-5344.0,0.32,3.9,999.0,400,55.2,24232.0,0.33,274,55.1,14498.0,0.307,55.1,False,B2
7,3.0,3.25,1.083,674,54.7,36934.0,1.219,-8172.0,0.288,3.9,999.0,400,54.8,23398.0,0.3,274,54.7,13536.0,0.27,54.7,False,B2
7,3.0,3.5,1.167,674,54.7,39180.0,1.233,-7684.0,0.266,3.9,999.0,400,54.8,24247.0,0.273,274,54.7,14933.0,0.255,54.7,False,B2
7,3.0,3.75,1.25,674,54.7,39330.0,1.234,-7694.0,0.24,3.9,999.0,400,54.8,23887.0,0.245,274,54.7,15444.0,0.234,54.7,False,B2
7,3.0,4.0,1.333,674,54.7,40722.0,1.242,-8319.0,0.223,3.9,999.0,400,54.8,24734.0,0.228,274,54.7,15989.0,0.215,54.7,False,B2
10,0.5,0.75,1.5,674,39.9,-70348.0,0.84,-78052.0,0.994,25.4,989.0,400,40.5,-36684.0,0.995,274,39.1,-33664.0,0.993,39.1,False,B2
10,0.5,1.0,2.0,674,33.7,-66462.0,0.863,-78788.0,0.988,25.4,989.0,400,35.0,-24102.0,0.99,274,31.8,-42360.0,0.985,31.8,False,B2
10,0.5,1.25,2.5,674,30.1,-44969.0,0.912,-74399.0,0.976,25.4,989.0,400,31.8,-5371.0,0.98,274,27.7,-39598.0,0.971,27.7,False,B2
10,0.5,1.5,3.0,674,27.6,-27966.0,0.947,-61910.0,0.961,25.4,989.0,400,29.0,4882.0,0.965,274,25.5,-32848.0,0.956,25.5,False,B2
10,0.5,1.75,3.5,674,26.9,16188.0,1.03,-39873.0,0.945,25.4,989.0,400,28.0,24474.0,0.94,274,25.2,-8286.0,0.953,25.2,False,B2
10,0.5,2.0,4.0,674,25.8,46720.0,1.086,-44881.0,0.936,25.4,989.0,400,27.3,50057.0,0.932,274,23.7,-3337.0,0.942,23.7,False,B2
10,0.5,2.25,4.5,674,24.5,51273.0,1.093,-41218.0,0.921,25.4,989.0,400,25.8,52564.0,0.915,274,22.6,-1291.0,0.931,22.6,False,B2
10,0.5,2.5,5.0,674,23.9,69554.0,1.125,-31853.0,0.911,25.4,989.0,400,25.2,63680.0,0.9,274,21.9,5875.0,0.927,21.9,True,B2
10,0.5,2.75,5.5,674,23.0,42944.0,1.076,-30423.0,0.884,25.4,989.0,400,24.0,38126.0,0.87,274,21.5,4818.0,0.905,21.5,True,B2
10,0.5,3.0,6.0,674,22.7,57026.0,1.101,-29773.0,0.874,25.4,989.0,400,23.8,52174.0,0.863,274,21.2,4853.0,0.891,21.2,True,B2
10,0.5,3.25,6.5,674,22.1,58921.0,1.104,-31849.0,0.866,25.4,989.0,400,23.2,57454.0,0.86,274,20.4,1467.0,0.876,20.4,True,B2
10,0.5,3.5,7.0,674,22.0,62829.0,1.11,-30315.0,0.849,25.4,989.0,400,23.0,58244.0,0.84,274,20.4,4585.0,0.861,20.4,True,B2
10,0.5,3.75,7.5,674,21.7,50039.0,1.087,-28164.0,0.834,25.4,989.0,400,22.8,51106.0,0.823,274,20.1,-1066.0,0.85,20.1,False,B2
10,0.5,4.0,8.0,674,21.7,60561.0,1.106,-26406.0,0.826,25.4,989.0,400,22.8,53655.0,0.81,274,20.1,6907.0,0.85,20.1,True,B2
10,0.75,0.75,1.0,674,48.8,-62846.0,0.829,-76437.0,0.991,17.3,1000.0,400,49.5,-32283.0,0.993,274,47.8,-30563.0,0.989,47.8,False,B2
10,0.75,1.0,1.333,674,42.0,-63701.0,0.846,-78092.0,0.979,17.3,1000.0,400,42.8,-29965.0,0.985,274,40.9,-33737.0,0.971,40.9,False,B2
10,0.75,1.25,1.667,674,37.7,-57558.0,0.87,-78372.0,0.955,17.3,1000.0,400,38.2,-26663.0,0.965,274,36.9,-30895.0,0.942,36.9,False,B2
10,0.75,1.5,2.0,674,35.0,-43406.0,0.906,-71031.0,0.936,17.3,1000.0,400,35.5,-18908.0,0.945,274,34.3,-24498.0,0.923,34.3,False,B2
10,0.75,1.75,2.333,674,33.5,-23439.0,0.95,-54235.0,0.917,17.3,1000.0,400,33.8,-12929.0,0.917,274,33.2,-10510.0,0.916,33.2,False,B2
10,0.75,2.0,2.667,674,32.0,-7549.0,0.984,-58638.0,0.904,17.3,1000.0,400,32.8,4506.0,0.905,274,31.0,-12055.0,0.901,31.0,False,B2
10,0.75,2.25,3.0,674,31.0,5844.0,1.012,-47121.0,0.884,17.3,1000.0,400,31.5,12164.0,0.885,274,30.3,-6320.0,0.883,30.3,False,B2
10,0.75,2.5,3.333,674,30.3,17757.0,1.036,-35677.0,0.868,17.3,1000.0,400,31.0,22782.0,0.865,274,29.2,-5026.0,0.872,29.2,False,B2
10,0.75,2.75,3.667,674,29.2,-221.0,1.0,-39624.0,0.84,17.3,1000.0,400,29.5,4265.0,0.835,274,28.8,-4486.0,0.847,28.8,False,B2
10,0.75,3.0,4.0,674,28.9,13290.0,1.026,-39539.0,0.826,17.3,1000.0,400,29.2,16952.0,0.825,274,28.5,-3662.0,0.828,28.5,False,B2
10,0.75,3.25,4.333,674,28.3,15426.0,1.03,-38454.0,0.815,17.3,1000.0,400,28.7,20831.0,0.82,274,27.7,-5406.0,0.807,27.7,False,B2
10,0.75,3.5,4.667,674,28.2,18857.0,1.037,-38034.0,0.794,17.3,1000.0,400,28.5,20633.0,0.795,274,27.7,-1776.0,0.792,27.7,False,B2
10,0.75,3.75,5.0,674,27.9,12012.0,1.024,-41232.0,0.776,17.3,1000.0,400,28.2,16071.0,0.772,274,27.4,-4059.0,0.781,27.4,False,B2
10,0.75,4.0,5.333,674,27.9,19288.0,1.038,-37672.0,0.766,17.3,1000.0,400,28.2,17230.0,0.757,274,27.4,2058.0,0.777,27.4,True,B2
10,1.0,0.75,0.75,674,55.6,-49580.0,0.839,-58492.0,0.97,13.0,1001.0,400,55.8,-28376.0,0.973,274,55.5,-21204.0,0.967,55.5,False,B2
10,1.0,1.0,1.0,674,48.7,-55929.0,0.842,-62518.0,0.944,13.0,1001.0,400,47.8,-38602.0,0.953,274,50.0,-17327.0,0.931,47.8,False,B2
10,1.0,1.25,1.25,674,44.1,-54437.0,0.858,-66534.0,0.911,13.0,1001.0,400,43.5,-33669.0,0.925,274,44.9,-20768.0,0.891,43.5,False,B2
10,1.0,1.5,1.5,674,41.7,-39603.0,0.901,-56144.0,0.883,13.0,1001.0,400,41.2,-23715.0,0.897,274,42.3,-15888.0,0.861,41.2,False,B2
10,1.0,1.75,1.75,674,40.4,-22159.0,0.946,-43519.0,0.859,13.0,1001.0,400,39.8,-16300.0,0.868,274,41.2,-5859.0,0.847,39.8,False,B2
10,1.0,2.0,2.0,674,39.0,-8169.0,0.98,-40486.0,0.838,13.0,1001.0,400,38.8,-3018.0,0.848,274,39.4,-5151.0,0.825,38.8,False,B2
10,1.0,2.25,2.25,674,38.0,4389.0,1.01,-30403.0,0.815,13.0,1001.0,400,37.5,3479.0,0.82,274,38.7,910.0,0.807,37.5,True,B2
10,1.0,2.5,2.5,674,37.2,15316.0,1.036,-22957.0,0.797,13.0,1001.0,400,37.0,13649.0,0.8,274,37.6,1667.0,0.792,37.0,True,B2
10,1.0,2.75,2.75,674,36.4,7796.0,1.018,-23623.0,0.764,13.0,1001.0,400,35.8,3581.0,0.765,274,37.2,4215.0,0.763,35.8,True,B2
10,1.0,3.0,3.0,674,36.1,17645.0,1.041,-26842.0,0.745,13.0,1001.0,400,35.5,12589.0,0.748,274,36.9,5057.0,0.741,35.5,True,B2
10,1.0,3.25,3.25,674,35.5,21361.0,1.049,-26045.0,0.731,13.0,1001.0,400,35.0,16483.0,0.743,274,36.1,4879.0,0.715,35.0,True,B2
10,1.0,3.5,3.5,674,35.3,25080.0,1.057,-26421.0,0.708,13.0,1001.0,400,34.8,16178.0,0.713,274,36.1,8902.0,0.701,34.8,True,B2
10,1.0,3.75,3.75,674,34.9,16834.0,1.038,-30592.0,0.69,13.0,1001.0,400,34.2,8778.0,0.69,274,35.8,8056.0,0.69,34.2,False,B2
10,1.0,4.0,4.0,674,34.9,24547.0,1.056,-28566.0,0.68,13.0,1001.0,400,34.2,10662.0,0.675,274,35.8,13885.0,0.686,34.2,False,B2
10,1.25,0.75,0.6,674,60.5,-41716.0,0.842,-47548.0,0.953,10.4,999.0,400,60.8,-23290.0,0.958,274,60.2,-18426.0,0.945,60.2,False,B2
10,1.25,1.0,0.8,674,54.0,-44873.0,0.854,-49727.0,0.921,10.4,999.0,400,53.2,-30727.0,0.93,274,55.1,-14146.0,0.909,53.2,False,B2
10,1.25,1.25,1.0,674,49.1,-45945.0,0.863,-52308.0,0.886,10.4,999.0,400,48.8,-28210.0,0.9,274,49.6,-17735.0,0.865,48.8,False,B2
10,1.25,1.5,1.2,674,46.7,-32669.0,0.907,-44970.0,0.855,10.4,999.0,400,46.2,-21292.0,0.87,274,47.4,-11378.0,0.832,46.2,False,B2
10,1.25,1.75,1.4,674,45.4,-16540.0,0.954,-31046.0,0.826,10.4,999.0,400,44.8,-13899.0,0.84,274,46.4,-2641.0,0.807,44.8,False,B2
10,1.25,2.0,1.6,674,43.6,-12885.0,0.965,-34714.0,0.798,10.4,999.0,400,43.2,-8540.0,0.812,274,44.2,-4344.0,0.777,43.2,False,B2
10,1.25,2.25,1.8,674,42.4,-3998.0,0.989,-24546.0,0.773,10.4,999.0,400,42.0,-2229.0,0.782,274,43.1,-1769.0,0.759,42.0,False,B2
10,1.25,2.5,2.0,674,41.5,1901.0,1.005,-20406.0,0.752,10.4,999.0,400,41.2,4426.0,0.76,274,42.0,-2525.0,0.741,41.2,False,B2
10,1.25,2.75,2.2,674,40.7,-9116.0,0.977,-26238.0,0.712,10.4,999.0,400,40.0,-7156.0,0.718,274,41.6,-1960.0,0.704,40.0,False,B2
10,1.25,3.0,2.4,674,40.4,-1851.0,0.995,-22779.0,0.69,10.4,999.0,400,39.8,-862.0,0.695,274,41.2,-989.0,0.682,39.8,False,B2
10,1.25,3.25,2.6,674,39.8,1000.0,1.003,-21683.0,0.677,10.4,999.0,400,39.2,2133.0,0.69,274,40.5,-1133.0,0.657,39.2,False,B2
10,1.25,3.5,2.8,674,39.6,4954.0,1.013,-21784.0,0.653,10.4,999.0,400,39.0,2669.0,0.66,274,40.5,2286.0,0.642,39.0,False,B2
10,1.25,3.75,3.0,674,39.2,-608.0,0.998,-25106.0,0.634,10.4,999.0,400,38.5,-3049.0,0.637,274,40.1,2441.0,0.628,38.5,False,B2
10,1.25,4.0,3.2,674,39.2,6259.0,1.016,-23238.0,0.623,10.4,999.0,400,38.5,-1077.0,0.623,274,40.1,7335.0,0.624,38.5,False,B2
10,1.5,0.75,0.5,674,63.8,-38955.0,0.835,-46118.0,0.936,8.7,1003.0,400,64.5,-19719.0,0.94,274,62.8,-19236.0,0.931,62.8,False,B2
10,1.5,1.0,0.667,674,57.7,-36387.0,0.866,-39930.0,0.893,8.7,1003.0,400,57.8,-20700.0,0.895,274,57.7,-15687.0,0.891,57.7,False,B2
10,1.5,1.25,0.833,674,52.7,-39063.0,0.869,-45283.0,0.852,8.7,1003.0,400,53.2,-18382.0,0.858,274,51.8,-20681.0,0.843,51.8,False,B2
10,1.5,1.5,1.0,674,50.0,-31386.0,0.9,-43727.0,0.818,8.7,1003.0,400,50.7,-11900.0,0.823,274,48.9,-19485.0,0.81,48.9,False,B2
10,1.5,1.75,1.167,674,48.4,-21260.0,0.935,-37411.0,0.783,8.7,1003.0,400,49.0,-7050.0,0.782,274,47.4,-14210.0,0.785,47.4,False,B2
10,1.5,2.0,1.333,674,46.7,-17094.0,0.949,-41450.0,0.751,8.7,1003.0,400,47.8,-548.0,0.75,274,45.3,-16546.0,0.752,45.3,False,B2
10,1.5,2.25,1.5,674,45.5,-8415.0,0.975,-32894.0,0.726,8.7,1003.0,400,46.5,6121.0,0.72,274,44.2,-14536.0,0.734,44.2,False,B2
10,1.5,2.5,1.667,674,44.7,-2694.0,0.992,-27383.0,0.702,8.7,1003.0,400,45.8,12417.0,0.695,274,43.1,-15111.0,0.712,43.1,False,B2
10,1.5,2.75,1.833,674,43.6,-14309.0,0.959,-27789.0,0.656,8.7,1003.0,400,44.2,312.0,0.642,274,42.7,-14621.0,0.675,42.7,False,B2
10,1.5,3.0,2.0,674,43.5,-5445.0,0.985,-25795.0,0.632,8.7,1003.0,400,44.0,6239.0,0.62,274,42.7,-11683.0,0.65,42.7,False,B2
10,1.5,3.25,2.167,674,43.0,-364.0,0.999,-23421.0,0.617,8.7,1003.0,400,43.8,11524.0,0.613,274,42.0,-11888.0,0.624,42.0,False,B2
10,1.5,3.5,2.333,674,42.9,3691.0,1.01,-21599.0,0.593,8.7,1003.0,400,43.5,12445.0,0.583,274,42.0,-8753.0,0.609,42.0,False,B2
10,1.5,3.75,2.5,674,42.4,-2150.0,0.994,-24326.0,0.573,8.7,1003.0,400,43.0,8253.0,0.56,274,41.6,-10403.0,0.591,41.6,False,B2
10,1.5,4.0,2.667,674,42.4,4223.0,1.012,-20558.0,0.562,8.7,1003.0,400,43.0,10517.0,0.545,274,41.6,-6295.0,0.588,41.6,False,B2
10,1.75,0.75,0.429,674,67.1,-23732.0,0.881,-32783.0,0.912,7.4,1000.0,400,67.8,-12177.0,0.92,274,66.1,-11555.0,0.901,66.1,False,B2
10,1.75,1.0,0.571,674,61.3,-19154.0,0.917,-24337.0,0.865,7.4,1000.0,400,61.0,-13004.0,0.873,274,61.7,-6149.0,0.854,61.0,False,B2
10,1.75,1.25,0.714,674,56.4,-19431.0,0.925,-33214.0,0.822,7.4,1000.0,400,57.0,-7358.0,0.835,274,55.5,-12073.0,0.803,55.5,False,B2
10,1.75,1.5,0.857,674,53.9,-10472.0,0.962,-30246.0,0.786,7.4,1000.0,400,54.5,-1199.0,0.797,274,52.9,-9272.0,0.77,52.9,False,B2
10,1.75,1.75,1.0,674,52.4,1463.0,1.005,-24549.0,0.748,7.4,1000.0,400,52.8,4237.0,0.752,274,51.8,-2775.0,0.741,51.8,False,B2
10,1.75,2.0,1.143,674,50.6,4687.0,1.016,-30318.0,0.712,7.4,1000.0,400,51.2,8971.0,0.72,274,49.6,-4284.0,0.701,49.6,False,B2
10,1.75,2.25,1.286,674,49.3,11355.0,1.038,-22984.0,0.685,7.4,1000.0,400,49.8,13566.0,0.69,274,48.5,-2211.0,0.679,48.5,False,B2
10,1.75,2.5,1.429,674,48.4,16560.0,1.054,-21147.0,0.657,7.4,1000.0,400,49.0,19742.0,0.662,274,47.4,-3182.0,0.65,47.4,False,B2
10,1.75,2.75,1.571,674,47.3,7879.0,1.025,-20998.0,0.608,7.4,1000.0,400,47.5,10085.0,0.608,274,47.1,-2205.0,0.609,47.1,False,B2
10,1.75,3.0,1.714,674,47.0,12674.0,1.04,-20457.0,0.582,7.4,1000.0,400,47.0,12449.0,0.583,274,47.1,224.0,0.58,47.0,False,B2
10,1.75,3.25,1.857,674,46.4,14665.0,1.046,-19235.0,0.564,7.4,1000.0,400,46.8,17414.0,0.57,274,46.0,-2748.0,0.555,46.0,False,B2
10,1.75,3.5,2.0,674,46.3,18315.0,1.058,-18877.0,0.537,7.4,1000.0,400,46.5,18806.0,0.537,274,46.0,-491.0,0.536,46.0,False,B2
10,1.75,3.75,2.143,674,46.0,15948.0,1.05,-21233.0,0.515,7.4,1000.0,400,46.2,17383.0,0.512,274,45.6,-1435.0,0.518,45.6,False,B2
10,1.75,4.0,2.286,674,46.0,21717.0,1.068,-20802.0,0.503,7.4,1000.0,400,46.2,19507.0,0.495,274,45.6,2210.0,0.515,45.6,False,B2
10,2.0,0.75,0.375,674,68.7,-20829.0,0.884,-29222.0,0.889,6.5,1004.0,400,69.0,-14286.0,0.9,274,68.2,-6543.0,0.872,68.2,False,B2
10,2.0,1.0,0.5,674,63.1,-15830.0,0.924,-23821.0,0.834,6.5,1004.0,400,62.7,-12844.0,0.848,274,63.5,-2986.0,0.814,62.7,False,B2
10,2.0,1.25,0.625,674,58.2,-17069.0,0.926,-30449.0,0.789,6.5,1004.0,400,59.0,-6853.0,0.81,274,56.9,-10215.0,0.759,56.9,False,B2
10,2.0,1.5,0.75,674,55.9,-6168.0,0.975,-26468.0,0.752,6.5,1004.0,400,56.8,10.0,0.77,274,54.7,-6179.0,0.726,54.7,False,B2
10,2.0,1.75,0.875,674,54.5,4282.0,1.017,-21914.0,0.711,6.5,1004.0,400,55.0,4654.0,0.72,274,53.6,-372.0,0.697,53.6,False,B2
10,2.0,2.0,1.0,674,53.0,9620.0,1.037,-24594.0,0.668,6.5,1004.0,400,53.8,9691.0,0.677,274,51.8,-71.0,0.653,51.8,False,B2
10,2.0,2.25,1.125,674,51.6,15702.0,1.058,-18938.0,0.638,6.5,1004.0,400,52.2,13586.0,0.642,274,50.7,2116.0,0.631,50.7,False,B2
10,2.0,2.5,1.25,674,50.7,19893.0,1.073,-16793.0,0.61,6.5,1004.0,400,51.5,18862.0,0.615,274,49.6,1031.0,0.602,49.6,False,B2
10,2.0,2.75,1.375,674,49.7,12190.0,1.044,-16912.0,0.559,6.5,1004.0,400,50.0,10226.0,0.557,274,49.3,1963.0,0.562,49.3,False,B2
10,2.0,3.0,1.5,674,49.4,16750.0,1.06,-15086.0,0.531,6.5,1004.0,400,49.5,12016.0,0.53,274,49.3,4733.0,0.533,49.3,False,B2
10,2.0,3.25,1.625,674,48.7,16308.0,1.058,-14423.0,0.512,6.5,1004.0,400,49.0,13975.0,0.515,274,48.2,2333.0,0.507,48.2,False,B2
10,2.0,3.5,1.75,674,48.5,20050.0,1.071,-13976.0,0.485,6.5,1004.0,400,48.8,15247.0,0.482,274,48.2,4803.0,0.489,48.2,False,B2
10,2.0,3.75,1.875,674,48.2,17368.0,1.061,-15632.0,0.461,6.5,1004.0,400,48.5,13466.0,0.458,274,47.8,3902.0,0.467,47.8,False,B2
10,2.0,4.0,2.0,674,48.2,21798.0,1.077,-14846.0,0.447,6.5,1004.0,400,48.5,15226.0,0.44,274,47.8,6572.0,0.456,47.8,False,B2
10,2.25,0.75,0.333,674,70.9,-7247.0,0.952,-14659.0,0.864,5.8,1001.0,400,71.8,-3962.0,0.877,274,69.7,-3285.0,0.843,69.7,False,B2
10,2.25,1.0,0.444,674,65.4,-976.0,0.994,-11177.0,0.8,5.8,1001.0,400,65.8,-1208.0,0.818,274,65.0,231.0,0.774,65.0,False,B2
10,2.25,1.25,0.556,674,60.7,-1421.0,0.993,-20701.0,0.749,5.8,1001.0,400,62.3,4470.0,0.772,274,58.4,-5891.0,0.715,58.4,False,B2
10,2.25,1.5,0.667,674,58.5,8250.0,1.039,-17541.0,0.711,5.8,1001.0,400,60.0,11348.0,0.73,274,56.2,-3098.0,0.682,56.2,False,B2
10,2.25,1.75,0.778,674,56.8,16710.0,1.076,-14065.0,0.665,5.8,1001.0,400,57.8,13007.0,0.677,274,55.5,3703.0,0.646,55.5,False,B2
10,2.25,2.0,0.889,674,55.3,22480.0,1.099,-15861.0,0.62,5.8,1001.0,400,56.5,18112.0,0.632,274,53.6,4369.0,0.602,53.6,False,B2
10,2.25,2.25,1.0,674,54.0,27640.0,1.118,-11596.0,0.591,5.8,1001.0,400,55.0,21160.0,0.598,274,52.6,6480.0,0.58,52.6,False,B2
10,2.25,2.5,1.111,674,53.1,31528.0,1.132,-11222.0,0.558,5.8,1001.0,400,54.2,26012.0,0.568,274,51.5,5516.0,0.544,51.5,False,B2
10,2.25,2.75,1.222,674,52.1,25892.0,1.107,-11140.0,0.507,5.8,1001.0,400,52.8,18931.0,0.51,274,51.1,6961.0,0.504,51.1,False,B2
10,2.25,3.0,1.333,674,51.9,31770.0,1.13,-11307.0,0.478,5.8,1001.0,400,52.5,22287.0,0.48,274,51.1,9483.0,0.474,51.1,False,B2
10,2.25,3.25,1.444,674,51.2,30671.0,1.124,-12537.0,0.455,5.8,1001.0,400,52.0,24649.0,0.465,274,50.0,6022.0,0.442,50.0,False,B2
10,2.25,3.5,1.556,674,51.0,34194.0,1.138,-11490.0,0.429,5.8,1001.0,400,51.7,25855.0,0.432,274,50.0,8338.0,0.423,50.0,False,B2
10,2.25,3.75,1.667,674,50.7,32601.0,1.131,-12433.0,0.405,5.8,1001.0,400,51.5,25114.0,0.407,274,49.6,7487.0,0.401,49.6,False,B2
10,2.25,4.0,1.778,674,50.7,35890.0,1.144,-11528.0,0.389,5.8,1001.0,400,51.5,26002.0,0.388,274,49.6,9888.0,0.391,49.6,False,B2
10,2.5,0.75,0.3,674,72.0,-5724.0,0.959,-13925.0,0.847,5.2,1001.0,400,72.8,-3775.0,0.863,274,70.8,-1948.0,0.825,70.8,False,B2
10,2.5,1.0,0.4,674,66.6,1663.0,1.01,-10707.0,0.776,5.2,1001.0,400,66.5,-1845.0,0.795,274,66.8,3508.0,0.748,66.5,False,B2
10,2.5,1.25,0.5,674,62.0,2579.0,1.014,-15114.0,0.72,5.2,1001.0,400,63.0,4119.0,0.745,274,60.6,-1540.0,0.682,60.6,False,B2
10,2.5,1.5,0.6,674,59.8,12425.0,1.066,-12688.0,0.675,5.2,1001.0,400,60.8,10243.0,0.7,274,58.4,2183.0,0.639,58.4,False,B2
10,2.5,1.75,0.7,674,58.3,21625.0,1.11,-8639.0,0.629,5.2,1001.0,400,58.8,13295.0,0.647,274,57.7,8330.0,0.602,57.7,False,B2
10,2.5,2.0,0.8,674,56.8,26279.0,1.129,-10067.0,0.585,5.2,1001.0,400,57.5,17663.0,0.603,274,55.8,8616.0,0.558,55.8,False,B2
10,2.5,2.25,0.9,674,55.6,33397.0,1.16,-9466.0,0.553,5.2,1001.0,400,56.0,21140.0,0.565,274,55.1,12257.0,0.536,55.1,False,B2
10,2.5,2.5,1.0,674,54.7,37661.0,1.176,-9149.0,0.521,5.2,1001.0,400,55.2,25289.0,0.535,274,54.0,12371.0,0.5,54.0,False,B2
10,2.5,2.75,1.1,674,53.7,33067.0,1.153,-8739.0,0.469,5.2,1001.0,400,53.8,19245.0,0.475,274,53.6,13823.0,0.46,53.6,False,B2
10,2.5,3.0,1.2,674,53.6,39127.0,1.18,-8576.0,0.439,5.2,1001.0,400,53.5,22589.0,0.445,274,53.6,16538.0,0.431,53.5,False,B2
10,2.5,3.25,1.3,674,52.8,38743.0,1.176,-8576.0,0.417,5.2,1001.0,400,53.0,24886.0,0.43,274,52.6,13858.0,0.398,52.6,False,B2
10,2.5,3.5,1.4,674,52.7,42455.0,1.192,-8917.0,0.389,5.2,1001.0,400,52.8,26246.0,0.395,274,52.6,16209.0,0.38,52.6,False,B2
10,2.5,3.75,1.5,674,52.4,41103.0,1.185,-9369.0,0.364,5.2,1001.0,400,52.5,25535.0,0.37,274,52.2,15568.0,0.354,52.2,False,B2
10,2.5,4.0,1.6,674,52.4,44565.0,1.201,-9677.0,0.347,5.2,1001.0,400,52.5,26556.0,0.35,274,52.2,18009.0,0.343,52.2,False,B2
10,2.75,0.75,0.273,674,73.3,190.0,1.002,-9564.0,0.829,4.7,1002.0,400,74.0,-1260.0,0.845,274,72.3,1450.0,0.807,72.3,False,B2
10,2.75,1.0,0.364,674,68.0,8439.0,1.06,-9005.0,0.752,4.7,1002.0,400,67.8,2188.0,0.77,274,68.2,6250.0,0.726,67.8,True,B2
10,2.75,1.25,0.455,674,63.4,10933.0,1.07,-11356.0,0.694,4.7,1002.0,400,64.2,8508.0,0.718,274,62.0,2425.0,0.661,62.0,False,B2
10,2.75,1.5,0.545,674,61.1,20542.0,1.124,-8970.0,0.647,4.7,1002.0,400,62.0,14272.0,0.67,274,59.9,6269.0,0.613,59.9,False,B2
10,2.75,1.75,0.636,674,59.6,29000.0,1.168,-7027.0,0.599,4.7,1002.0,400,60.0,17308.0,0.618,274,59.1,11693.0,0.573,59.1,False,B2
10,2.75,2.0,0.727,674,58.0,31281.0,1.172,-10023.0,0.555,4.7,1002.0,400,58.8,21409.0,0.573,274,56.9,9873.0,0.529,56.9,False,B2
10,2.75,2.25,0.818,674,56.8,37662.0,1.202,-7557.0,0.522,4.7,1002.0,400,57.2,24352.0,0.532,274,56.2,13310.0,0.507,56.2,False,B2
10,2.75,2.5,0.909,674,55.9,41424.0,1.217,-8168.0,0.49,4.7,1002.0,400,56.5,28458.0,0.502,274,55.1,12966.0,0.471,55.1,False,B2
10,2.75,2.75,1.0,674,54.9,38009.0,1.196,-7986.0,0.438,4.7,1002.0,400,55.0,23546.0,0.443,274,54.7,14463.0,0.431,54.7,False,B2
10,2.75,3.0,1.091,674,54.7,44037.0,1.226,-7542.0,0.408,4.7,1002.0,400,54.8,26926.0,0.412,274,54.7,17111.0,0.401,54.7,False,B2
10,2.75,3.25,1.182,674,54.0,44172.0,1.224,-7805.0,0.386,4.7,1002.0,400,54.2,29447.0,0.398,274,53.6,14725.0,0.369,53.6,False,B2
10,2.75,3.5,1.273,674,53.9,47969.0,1.242,-8914.0,0.356,4.7,1002.0,400,54.0,30892.0,0.36,274,53.6,17077.0,0.35,53.6,False,B2
10,2.75,3.75,1.364,674,53.6,46323.0,1.233,-9445.0,0.331,4.7,1002.0,400,53.8,30061.0,0.335,274,53.3,16262.0,0.325,53.3,False,B2
10,2.75,4.0,1.455,674,53.6,48957.0,1.246,-9745.0,0.313,4.7,1002.0,400,53.8,30361.0,0.312,274,53.3,18597.0,0.314,53.3,False,B2
10,3.0,0.75,0.25,674,73.6,-271.0,0.998,-9121.0,0.815,4.3,1000.0,400,74.2,-2251.0,0.83,274,72.6,1980.0,0.792,72.6,False,B2
10,3.0,1.0,0.333,674,68.4,8317.0,1.064,-8704.0,0.737,4.3,1000.0,400,68.2,1702.0,0.755,274,68.6,6615.0,0.712,68.2,True,B2
10,3.0,1.25,0.417,674,63.8,10290.0,1.071,-11604.0,0.677,4.3,1000.0,400,64.8,7386.0,0.703,274,62.4,2904.0,0.639,62.4,False,B2
10,3.0,1.5,0.5,674,61.6,19352.0,1.126,-9669.0,0.628,4.3,1000.0,400,62.5,12593.0,0.655,274,60.2,6759.0,0.588,60.2,False,B2
10,3.0,1.75,0.583,674,60.1,26807.0,1.167,-7511.0,0.58,4.3,1000.0,400,60.5,14955.0,0.603,274,59.5,11852.0,0.547,59.5,False,B2
10,3.0,2.0,0.667,674,58.5,29144.0,1.172,-10357.0,0.534,4.3,1000.0,400,59.2,18927.0,0.557,274,57.3,10218.0,0.5,57.3,False,B2
10,3.0,2.25,0.75,674,57.3,34905.0,1.201,-7212.0,0.5,4.3,1000.0,400,57.8,21522.0,0.515,274,56.6,13383.0,0.478,56.6,False,B2
10,3.0,2.5,0.833,674,56.4,38136.0,1.214,-7988.0,0.466,4.3,1000.0,400,57.0,24974.0,0.485,274,55.5,13162.0,0.438,55.5,False,B2
10,3.0,2.75,0.917,674,55.3,34483.0,1.19,-7947.0,0.412,4.3,1000.0,400,55.5,19909.0,0.422,274,55.1,14573.0,0.398,55.1,False,B2
10,3.0,3.0,1.0,674,55.2,40020.0,1.22,-7214.0,0.383,4.3,1000.0,400,55.2,22924.0,0.393,274,55.1,17096.0,0.369,55.1,False,B2
10,3.0,3.25,1.083,674,54.5,39485.0,1.213,-7705.0,0.361,4.3,1000.0,400,54.8,25212.0,0.378,274,54.0,14273.0,0.336,54.0,False,B2
10,3.0,3.5,1.167,674,54.3,42702.0,1.23,-8552.0,0.331,4.3,1000.0,400,54.5,26383.0,0.34,274,54.0,16319.0,0.318,54.0,False,B2
10,3.0,3.75,1.25,674,54.0,41359.0,1.221,-9186.0,0.306,4.3,1000.0,400,54.2,25469.0,0.315,274,53.6,15890.0,0.292,53.6,False,B2
10,3.0,4.0,1.333,674,54.0,43856.0,1.235,-9059.0,0.288,4.3,1000.0,400,54.2,25786.0,0.292,274,53.6,18070.0,0.281,53.6,False,B2
14,0.5,0.75,1.5,674,39.2,-86288.0,0.806,-94238.0,0.996,27.6,981.0,400,38.8,-55973.0,0.995,274,39.8,-30315.0,0.996,38.8,False,B2
14,0.5,1.0,2.0,674,33.4,-76058.0,0.844,-88623.0,0.993,27.6,981.0,400,33.8,-41793.0,0.993,274,32.8,-34264.0,0.993,32.8,False,B2
14,0.5,1.25,2.5,674,28.8,-79704.0,0.847,-93894.0,0.982,27.6,981.0,400,30.5,-24640.0,0.985,274,26.3,-55065.0,0.978,26.3,False,B2
14,0.5,1.5,3.0,674,27.0,-41490.0,0.922,-79149.0,0.975,27.6,981.0,400,28.7,3475.0,0.98,274,24.5,-44965.0,0.967,24.5,False,B2
14,0.5,1.75,3.5,674,25.7,-16422.0,0.97,-59887.0,0.957,27.6,981.0,400,26.8,7546.0,0.958,274,24.1,-23968.0,0.956,24.1,False,B2
14,0.5,2.0,4.0,674,25.2,33928.0,1.062,-37731.0,0.951,27.6,981.0,400,26.0,30559.0,0.948,274,24.1,3369.0,0.956,24.1,True,B2
14,0.5,2.25,4.5,674,23.9,39190.0,1.07,-46805.0,0.933,27.6,981.0,400,24.8,35290.0,0.925,274,22.6,3901.0,0.945,22.6,True,B2
14,0.5,2.5,5.0,674,23.3,62401.0,1.111,-44307.0,0.926,27.6,981.0,400,24.2,57096.0,0.922,274,21.9,5305.0,0.931,21.9,True,B2
14,0.5,2.75,5.5,674,22.6,62343.0,1.11,-38314.0,0.911,27.6,981.0,400,23.8,61549.0,0.905,274,20.8,794.0,0.92,20.8,True,B2
14,0.5,3.0,6.0,674,21.8,54505.0,1.095,-33986.0,0.899,27.6,981.0,400,22.5,43239.0,0.892,274,20.8,11266.0,0.909,20.8,True,B2
14,0.5,3.25,6.5,674,21.5,65386.0,1.114,-31146.0,0.89,27.6,981.0,400,22.2,53903.0,0.882,274,20.4,11484.0,0.901,20.4,True,B2
14,0.5,3.5,7.0,674,21.2,80049.0,1.139,-28317.0,0.881,27.6,981.0,400,22.0,65762.0,0.875,274,20.1,14287.0,0.891,20.1,True,B2
14,0.5,3.75,7.5,674,20.8,76648.0,1.132,-32838.0,0.871,27.6,981.0,400,21.8,74359.0,0.87,274,19.3,2290.0,0.872,19.3,True,B2
14,0.5,4.0,8.0,674,20.5,60607.0,1.104,-32518.0,0.852,27.6,981.0,400,21.2,50080.0,0.84,274,19.3,10527.0,0.869,19.3,True,B2
14,0.75,0.75,1.0,674,49.0,-64867.0,0.824,-70277.0,0.993,19.0,998.0,400,49.5,-35798.0,0.993,274,48.2,-29070.0,0.993,48.2,False,B2
14,0.75,1.0,1.333,674,42.6,-57447.0,0.861,-72895.0,0.988,19.0,998.0,400,43.0,-31824.0,0.99,274,42.0,-25623.0,0.985,42.0,False,B2
14,0.75,1.25,1.667,674,37.1,-67043.0,0.851,-82812.0,0.969,19.0,998.0,400,38.8,-22787.0,0.975,274,34.7,-44256.0,0.96,34.7,False,B2
14,0.75,1.5,2.0,674,34.7,-42428.0,0.909,-72421.0,0.953,19.0,998.0,400,36.5,-3905.0,0.963,274,32.1,-38522.0,0.938,32.1,False,B2
14,0.75,1.75,2.333,674,32.8,-31212.0,0.935,-58044.0,0.93,19.0,998.0,400,33.8,-8849.0,0.932,274,31.4,-22363.0,0.927,31.4,False,B2
14,0.75,2.0,2.667,674,31.9,-78.0,1.0,-52377.0,0.921,19.0,998.0,400,33.0,9526.0,0.917,274,30.3,-9604.0,0.927,30.3,False,B2
14,0.75,2.25,3.0,674,30.4,5540.0,1.011,-55245.0,0.899,19.0,998.0,400,31.5,13036.0,0.89,274,28.8,-7497.0,0.912,28.8,False,B2
14,0.75,2.5,3.333,674,30.1,35629.0,1.072,-41029.0,0.887,19.0,998.0,400,31.2,36503.0,0.882,274,28.5,-873.0,0.894,28.5,False,B2
14,0.75,2.75,3.667,674,29.1,30887.0,1.061,-33686.0,0.866,19.0,998.0,400,30.5,37197.0,0.858,274,27.0,-6311.0,0.88,27.0,False,B2
14,0.75,3.0,4.0,674,28.2,26816.0,1.052,-32011.0,0.853,19.0,998.0,400,29.0,24558.0,0.845,274,27.0,2258.0,0.865,27.0,True,B2
14,0.75,3.25,4.333,674,27.9,33460.0,1.065,-35656.0,0.838,19.0,998.0,400,28.7,30780.0,0.83,274,26.6,2680.0,0.85,26.6,True,B2
14,0.75,3.5,4.667,674,27.6,43978.0,1.085,-36530.0,0.826,19.0,998.0,400,28.5,38511.0,0.82,274,26.3,5467.0,0.836,26.3,True,B2
14,0.75,3.75,5.0,674,27.2,44153.0,1.085,-38767.0,0.813,19.0,998.0,400,28.2,46612.0,0.815,274,25.5,-2459.0,0.81,25.5,False,B2
14,0.75,4.0,5.333,674,26.9,36068.0,1.069,-42473.0,0.791,19.0,998.0,400,27.8,31328.0,0.78,274,25.5,4740.0,0.807,25.5,True,B2
14,1.0,0.75,0.75,674,55.5,-55063.0,0.824,-61282.0,0.979,14.3,1000.0,400,56.0,-29885.0,0.98,274,54.7,-25178.0,0.978,54.7,False,B2
14,1.0,1.0,1.0,674,49.3,-49731.0,0.86,-63542.0,0.966,14.3,1000.0,400,49.0,-31380.0,0.97,274,49.6,-18351.0,0.96,49.0,False,B2
14,1.0,1.25,1.25,674,43.3,-63137.0,0.839,-73472.0,0.935,14.3,1000.0,400,43.8,-32997.0,0.945,274,42.7,-30140.0,0.92,42.7,False,B2
14,1.0,1.5,1.5,674,40.7,-45300.0,0.889,-61198.0,0.915,14.3,1000.0,400,41.2,-19612.0,0.93,274,39.8,-25689.0,0.894,39.8,False,B2
14,1.0,1.75,1.75,674,38.9,-33230.0,0.921,-54319.0,0.89,14.3,1000.0,400,38.8,-20519.0,0.9,274,39.1,-12711.0,0.876,38.8,False,B2
14,1.0,2.0,2.0,674,37.8,-13585.0,0.968,-42907.0,0.874,14.3,1000.0,400,37.8,-9633.0,0.877,274,38.0,-3953.0,0.869,37.8,False,B2
14,1.0,2.25,2.25,674,36.5,-4631.0,0.989,-42760.0,0.846,14.3,1000.0,400,36.2,-4792.0,0.848,274,36.9,161.0,0.843,36.2,False,B2
14,1.0,2.5,2.5,674,36.2,20629.0,1.047,-30063.0,0.831,14.3,1000.0,400,36.0,13594.0,0.835,274,36.5,7035.0,0.825,36.0,True,B2
14,1.0,2.75,2.75,674,35.2,17299.0,1.039,-26495.0,0.809,14.3,1000.0,400,35.2,15433.0,0.81,274,35.0,1866.0,0.807,35.0,True,B2
14,1.0,3.0,3.0,674,34.4,16921.0,1.037,-23402.0,0.791,14.3,1000.0,400,34.0,8800.0,0.795,274,35.0,8120.0,0.785,34.0,True,B2
14,1.0,3.25,3.25,674,34.0,20397.0,1.045,-27256.0,0.772,14.3,1000.0,400,33.5,10346.0,0.775,274,34.7,10050.0,0.766,33.5,True,B2
14,1.0,3.5,3.5,674,33.7,30643.0,1.067,-27150.0,0.76,14.3,1000.0,400,33.2,17524.0,0.765,274,34.3,13119.0,0.752,33.2,True,B2
14,1.0,3.75,3.75,674,33.2,29676.0,1.065,-31523.0,0.743,14.3,1000.0,400,33.0,21458.0,0.755,274,33.6,8218.0,0.726,33.0,True,B2
14,1.0,4.0,4.0,674,32.9,25345.0,1.055,-33966.0,0.72,14.3,1000.0,400,32.5,10453.0,0.718,274,33.6,14892.0,0.723,32.5,True,B2
14,1.25,0.75,0.6,674,60.2,-47163.0,0.825,-52951.0,0.966,11.4,1000.0,400,60.8,-26490.0,0.97,274,59.5,-20673.0,0.96,59.5,False,B2
14,1.25,1.0,0.8,674,54.3,-41633.0,0.865,-53087.0,0.944,11.4,1000.0,400,53.8,-28943.0,0.948,274,55.1,-12689.0,0.938,53.8,False,B2
14,1.25,1.25,1.0,674,48.2,-56289.0,0.837,-62651.0,0.909,11.4,1000.0,400,48.0,-34355.0,0.92,274,48.5,-21934.0,0.894,48.0,False,B2
14,1.25,1.5,1.2,674,45.5,-43416.0,0.88,-55578.0,0.884,11.4,1000.0,400,45.5,-23935.0,0.9,274,45.6,-19481.0,0.861,45.5,False,B2
14,1.25,1.75,1.4,674,44.1,-26674.0,0.929,-43112.0,0.858,11.4,1000.0,400,43.8,-16870.0,0.868,274,44.5,-9805.0,0.843,43.8,False,B2
14,1.25,2.0,1.6,674,42.9,-10687.0,0.972,-32540.0,0.838,11.4,1000.0,400,42.8,-5762.0,0.845,274,43.1,-4925.0,0.828,42.8,False,B2
14,1.25,2.25,1.8,674,41.2,-9958.0,0.975,-36883.0,0.803,11.4,1000.0,400,41.0,-6208.0,0.807,274,41.6,-3750.0,0.796,41.0,False,B2
14,1.25,2.5,2.0,674,40.8,9331.0,1.024,-23184.0,0.786,11.4,1000.0,400,40.5,7221.0,0.792,274,41.2,2111.0,0.777,40.5,True,B2
14,1.25,2.75,2.2,674,39.6,4268.0,1.011,-21292.0,0.763,11.4,1000.0,400,39.5,6430.0,0.765,274,39.8,-2163.0,0.759,39.5,False,B2
14,1.25,3.0,2.4,674,39.0,4365.0,1.011,-19564.0,0.74,11.4,1000.0,400,38.5,872.0,0.743,274,39.8,3493.0,0.737,38.5,True,B2
14,1.25,3.25,2.6,674,38.6,8396.0,1.021,-22393.0,0.718,11.4,1000.0,400,38.0,2851.0,0.72,274,39.4,5545.0,0.715,38.0,True,B2
14,1.25,3.5,2.8,674,38.3,17077.0,1.042,-22213.0,0.705,11.4,1000.0,400,37.8,8980.0,0.71,274,39.1,8097.0,0.697,37.8,False,B2
14,1.25,3.75,3.0,674,37.8,17065.0,1.041,-24696.0,0.688,11.4,1000.0,400,37.5,12482.0,0.7,274,38.3,4584.0,0.672,37.5,False,B2
14,1.25,4.0,3.2,674,37.4,10388.0,1.025,-26599.0,0.665,11.4,1000.0,400,36.8,75.0,0.662,274,38.3,10312.0,0.668,36.8,False,B2
14,1.5,0.75,0.5,674,63.9,-41812.0,0.824,-44165.0,0.948,9.5,1000.0,400,64.8,-20428.0,0.953,274,62.8,-21385.0,0.942,62.8,False,B2
14,1.5,1.0,0.667,674,58.2,-37061.0,0.865,-44334.0,0.92,9.5,1000.0,400,58.0,-21619.0,0.92,274,58.4,-15442.0,0.92,58.0,False,B2
14,1.5,1.25,0.833,674,52.2,-48885.0,0.842,-53246.0,0.883,9.5,1000.0,400,52.5,-24607.0,0.887,274,51.8,-24278.0,0.876,51.8,False,B2
14,1.5,1.5,1.0,674,49.7,-33931.0,0.895,-43539.0,0.85,9.5,1000.0,400,50.2,-13190.0,0.86,274,48.9,-20741.0,0.836,48.9,False,B2
14,1.5,1.75,1.167,674,48.1,-21201.0,0.936,-37560.0,0.822,9.5,1000.0,400,48.2,-9046.0,0.825,274,47.8,-12155.0,0.818,47.8,False,B2
14,1.5,2.0,1.333,674,46.7,-9984.0,0.971,-33194.0,0.797,9.5,1000.0,400,47.0,-822.0,0.8,274,46.4,-9163.0,0.792,46.4,False,B2
14,1.5,2.25,1.5,674,45.3,-6574.0,0.981,-34811.0,0.758,9.5,1000.0,400,45.5,1612.0,0.757,274,44.9,-8186.0,0.759,44.9,False,B2
14,1.5,2.5,1.667,674,44.7,8095.0,1.023,-24935.0,0.74,9.5,1000.0,400,45.0,13566.0,0.74,274,44.2,-5471.0,0.741,44.2,False,B2
14,1.5,2.75,1.833,674,43.5,3957.0,1.011,-23230.0,0.715,9.5,1000.0,400,44.0,13593.0,0.713,274,42.7,-9635.0,0.719,42.7,False,B2
14,1.5,3.0,2.0,674,42.9,1792.0,1.005,-20054.0,0.688,9.5,1000.0,400,43.0,8156.0,0.685,274,42.7,-6364.0,0.693,42.7,False,B2
14,1.5,3.25,2.167,674,42.3,2193.0,1.006,-21114.0,0.662,9.5,1000.0,400,42.2,6478.0,0.655,274,42.3,-4285.0,0.672,42.2,False,B2
14,1.5,3.5,2.333,674,42.0,9877.0,1.027,-20972.0,0.648,9.5,1000.0,400,42.0,12005.0,0.645,274,42.0,-2128.0,0.653,42.0,False,B2
14,1.5,3.75,2.5,674,41.5,10012.0,1.027,-22355.0,0.632,9.5,1000.0,400,41.8,15359.0,0.635,274,41.2,-5347.0,0.628,41.2,False,B2
14,1.5,4.0,2.667,674,41.1,4537.0,1.012,-23894.0,0.608,9.5,1000.0,400,41.0,4945.0,0.598,274,41.2,-408.0,0.624,41.0,False,B2
14,1.75,0.75,0.429,674,66.9,-34793.0,0.835,-38479.0,0.93,8.2,1002.0,400,68.2,-14191.0,0.938,274,65.0,-20602.0,0.92,65.0,False,B2
14,1.75,1.0,0.571,674,61.3,-28530.0,0.883,-37230.0,0.898,8.2,1002.0,400,61.5,-14794.0,0.9,274,60.9,-13735.0,0.894,60.9,False,B2
14,1.75,1.25,0.714,674,55.5,-38596.0,0.86,-43357.0,0.856,8.2,1002.0,400,56.0,-17922.0,0.863,274,54.7,-20674.0,0.847,54.7,False,B2
14,1.75,1.5,0.857,674,53.0,-25606.0,0.911,-39083.0,0.82,8.2,1002.0,400,54.2,-4366.0,0.833,274,51.1,-21240.0,0.803,51.1,False,B2
14,1.75,1.75,1.0,674,50.7,-20849.0,0.931,-37662.0,0.788,8.2,1002.0,400,51.7,-3200.0,0.79,274,49.3,-17649.0,0.785,49.3,False,B2
14,1.75,2.0,1.143,674,49.3,-12287.0,0.961,-34914.0,0.761,8.2,1002.0,400,50.2,2307.0,0.765,274,47.8,-14593.0,0.755,47.8,False,B2
14,1.75,2.25,1.286,674,47.8,-8886.0,0.972,-36806.0,0.721,8.2,1002.0,400,48.8,4852.0,0.72,274,46.4,-13737.0,0.723,46.4,False,B2
14,1.75,2.5,1.429,674,47.2,5206.0,1.016,-27838.0,0.702,8.2,1002.0,400,48.2,16307.0,0.7,274,45.6,-11101.0,0.704,45.6,False,B2
14,1.75,2.75,1.571,674,46.0,1028.0,1.003,-27851.0,0.675,8.2,1002.0,400,47.2,16905.0,0.672,274,44.2,-15877.0,0.679,44.2,False,B2
14,1.75,3.0,1.714,674,45.4,-405.0,0.999,-24834.0,0.647,8.2,1002.0,400,46.2,12538.0,0.642,274,44.2,-12943.0,0.653,44.2,False,B2
14,1.75,3.25,1.857,674,44.8,133.0,1.0,-24348.0,0.619,8.2,1002.0,400,45.5,11021.0,0.61,274,43.8,-10888.0,0.631,43.8,False,B2
14,1.75,3.5,2.0,674,44.7,7739.0,1.023,-21425.0,0.601,8.2,1002.0,400,45.2,15113.0,0.598,274,43.8,-7374.0,0.606,43.8,False,B2
14,1.75,3.75,2.143,674,44.4,10437.0,1.031,-22596.0,0.582,8.2,1002.0,400,45.2,20353.0,0.583,274,43.1,-9915.0,0.58,43.1,False,B2
14,1.75,4.0,2.286,674,44.1,7330.0,1.021,-22175.0,0.555,8.2,1002.0,400,44.8,13618.0,0.542,274,43.1,-6288.0,0.573,43.1,False,B2
14,2.0,0.75,0.375,674,69.1,-23875.0,0.869,-29403.0,0.911,7.1,1000.0,400,70.5,-8908.0,0.92,274,67.2,-14967.0,0.898,67.2,False,B2
14,2.0,1.0,0.5,674,63.4,-21457.0,0.9,-30198.0,0.875,7.1,1000.0,400,63.5,-13468.0,0.88,274,63.1,-7989.0,0.869,63.1,False,B2
14,2.0,1.25,0.625,674,58.0,-27424.0,0.888,-34498.0,0.834,7.1,1000.0,400,58.5,-13843.0,0.843,274,57.3,-13581.0,0.821,57.3,False,B2
14,2.0,1.5,0.75,674,55.6,-13057.0,0.949,-35443.0,0.798,7.1,1000.0,400,56.8,-1234.0,0.812,274,54.0,-11822.0,0.777,54.0,False,B2
14,2.0,1.75,0.875,674,53.6,-7131.0,0.974,-29901.0,0.764,7.1,1000.0,400,54.2,-490.0,0.767,274,52.6,-6641.0,0.759,52.6,False,B2
14,2.0,2.0,1.0,674,52.2,2421.0,1.009,-28838.0,0.731,7.1,1000.0,400,53.0,6400.0,0.735,274,51.1,-3979.0,0.726,51.1,False,B2
14,2.0,2.25,1.125,674,50.9,7708.0,1.027,-29091.0,0.687,7.1,1000.0,400,51.5,9204.0,0.688,274,50.0,-1496.0,0.686,50.0,False,B2
14,2.0,2.5,1.25,674,50.1,18001.0,1.062,-20906.0,0.665,7.1,1000.0,400,50.7,16941.0,0.665,274,49.3,1060.0,0.664,49.3,False,B2
14,2.0,2.75,1.375,674,49.0,13807.0,1.047,-23043.0,0.635,7.1,1000.0,400,49.8,17522.0,0.637,274,47.8,-3715.0,0.631,47.8,False,B2
14,2.0,3.0,1.5,674,48.4,12828.0,1.043,-20457.0,0.604,7.1,1000.0,400,48.8,13690.0,0.605,274,47.8,-862.0,0.602,47.8,False,B2
14,2.0,3.25,1.625,674,47.8,13476.0,1.045,-20308.0,0.574,7.1,1000.0,400,48.0,12478.0,0.57,274,47.4,998.0,0.58,47.4,False,B2
14,2.0,3.5,1.75,674,47.3,16022.0,1.053,-17489.0,0.555,7.1,1000.0,400,47.5,14556.0,0.555,274,47.1,1467.0,0.555,47.1,False,B2
14,2.0,3.75,1.875,674,47.0,18590.0,1.061,-18729.0,0.536,7.1,1000.0,400,47.5,19465.0,0.54,274,46.4,-875.0,0.529,46.4,False,B2
14,2.0,4.0,2.0,674,46.7,16640.0,1.054,-17904.0,0.509,7.1,1000.0,400,47.0,14093.0,0.5,274,46.4,2547.0,0.522,46.4,False,B2
14,2.25,0.75,0.333,674,70.9,-18113.0,0.889,-23864.0,0.892,6.4,1001.0,400,71.8,-10966.0,0.912,274,69.7,-7146.0,0.861,69.7,False,B2
14,2.25,1.0,0.444,674,65.1,-14615.0,0.923,-24191.0,0.846,6.4,1001.0,400,65.0,-12673.0,0.863,274,65.3,-1942.0,0.821,65.0,False,B2
14,2.25,1.25,0.556,674,60.1,-17717.0,0.918,-25352.0,0.801,6.4,1001.0,400,60.2,-12009.0,0.825,274,59.9,-5708.0,0.766,59.9,False,B2
14,2.25,1.5,0.667,674,57.7,-4610.0,0.98,-25330.0,0.764,6.4,1001.0,400,58.8,1045.0,0.795,274,56.2,-5655.0,0.719,56.2,False,B2
14,2.25,1.75,0.778,674,55.6,807.0,1.003,-20046.0,0.726,6.4,1001.0,400,56.2,1697.0,0.743,274,54.7,-890.0,0.701,54.7,False,B2
14,2.25,2.0,0.889,674,54.3,10314.0,1.042,-18492.0,0.69,6.4,1001.0,400,55.0,8425.0,0.705,274,53.3,1889.0,0.668,53.3,False,B2
14,2.25,2.25,1.0,674,53.0,14713.0,1.058,-18350.0,0.644,6.4,1001.0,400,53.5,10455.0,0.655,274,52.2,4259.0,0.628,52.2,False,B2
14,2.25,2.5,1.111,674,52.2,25173.0,1.098,-14506.0,0.62,6.4,1001.0,400,52.8,17937.0,0.63,274,51.5,7236.0,0.606,51.5,False,B2
14,2.25,2.75,1.222,674,51.0,20152.0,1.076,-13846.0,0.589,6.4,1001.0,400,51.7,17298.0,0.6,274,50.0,2854.0,0.573,50.0,False,B2
14,2.25,3.0,1.333,674,50.4,19368.0,1.072,-13185.0,0.558,6.4,1001.0,400,50.7,13775.0,0.568,274,50.0,5593.0,0.544,50.0,False,B2
14,2.25,3.25,1.444,674,49.9,20479.0,1.076,-12886.0,0.525,6.4,1001.0,400,50.0,12805.0,0.527,274,49.6,7674.0,0.522,49.6,False,B2
14,2.25,3.5,1.556,674,49.3,20883.0,1.076,-12314.0,0.504,6.4,1001.0,400,49.2,12334.0,0.51,274,49.3,8549.0,0.496,49.2,False,B2
14,2.25,3.75,1.667,674,49.0,23268.0,1.085,-12679.0,0.485,6.4,1001.0,400,49.2,16712.0,0.495,274,48.5,6556.0,0.471,48.5,False,B2
14,2.25,4.0,1.778,674,48.7,21429.0,1.078,-13321.0,0.458,6.4,1001.0,400,48.8,11491.0,0.455,274,48.5,9938.0,0.464,48.5,False,B2
14,2.5,0.75,0.3,674,72.4,-12747.0,0.912,-17290.0,0.877,5.7,1000.0,400,73.5,-5885.0,0.892,274,70.8,-6862.0,0.854,70.8,False,B2
14,2.5,1.0,0.4,674,66.8,-8299.0,0.951,-15047.0,0.823,5.7,1000.0,400,67.2,-5122.0,0.835,274,66.1,-3177.0,0.807,66.1,False,B2
14,2.5,1.25,0.5,674,62.2,-7622.0,0.96,-20728.0,0.776,5.7,1000.0,400,63.0,-2202.0,0.795,274,60.9,-5421.0,0.748,60.9,False,B2
14,2.5,1.5,0.6,674,59.8,3822.0,1.019,-21827.0,0.736,5.7,1000.0,400,61.5,9105.0,0.76,274,57.3,-5283.0,0.701,57.3,False,B2
14,2.5,1.75,0.7,674,57.7,8412.0,1.039,-17372.0,0.696,5.7,1000.0,400,59.0,9657.0,0.708,274,55.8,-1245.0,0.679,55.8,False,B2
14,2.5,2.0,0.8,674,56.2,15124.0,1.068,-16823.0,0.657,5.7,1000.0,400,57.2,13121.0,0.667,274,54.7,2004.0,0.642,54.7,False,B2
14,2.5,2.25,0.9,674,54.9,19810.0,1.087,-16158.0,0.61,5.7,1000.0,400,55.8,15607.0,0.615,274,53.6,4202.0,0.602,53.6,False,B2
14,2.5,2.5,1.0,674,54.2,29331.0,1.126,-12011.0,0.586,5.7,1000.0,400,55.0,22489.0,0.59,274,52.9,6842.0,0.58,52.9,False,B2
14,2.5,2.75,1.1,674,53.0,24973.0,1.104,-11772.0,0.552,5.7,1000.0,400,54.0,22335.0,0.56,274,51.5,2637.0,0.54,51.5,False,B2
14,2.5,3.0,1.2,674,52.5,26496.0,1.109,-11314.0,0.519,5.7,1000.0,400,53.2,21027.0,0.525,274,51.5,5470.0,0.511,51.5,False,B2
14,2.5,3.25,1.3,674,51.9,27808.0,1.114,-11608.0,0.487,5.7,1000.0,400,52.5,20164.0,0.485,274,51.1,7644.0,0.489,51.1,False,B2
14,2.5,3.5,1.4,674,51.3,28072.0,1.114,-11165.0,0.464,5.7,1000.0,400,51.7,20095.0,0.468,274,50.7,7977.0,0.46,50.7,False,B2
14,2.5,3.75,1.5,674,51.0,29940.0,1.121,-11946.0,0.444,5.7,1000.0,400,51.7,24392.0,0.453,274,50.0,5548.0,0.431,50.0,False,B2
14,2.5,4.0,1.6,674,50.7,28721.0,1.115,-11062.0,0.417,5.7,1000.0,400,51.2,20110.0,0.412,274,50.0,8611.0,0.423,50.0,False,B2
14,2.75,0.75,0.273,674,73.3,-10612.0,0.92,-15168.0,0.862,5.2,998.0,400,74.5,-5757.0,0.88,274,71.5,-4855.0,0.836,71.5,False,B2
14,2.75,1.0,0.364,674,67.8,-4884.0,0.968,-13266.0,0.803,5.2,998.0,400,68.0,-5768.0,0.818,274,67.5,885.0,0.781,67.5,False,B2
14,2.75,1.25,0.455,674,63.2,-3541.0,0.98,-16041.0,0.748,5.2,998.0,400,63.7,-2126.0,0.772,274,62.4,-1415.0,0.712,62.4,False,B2
14,2.75,1.5,0.545,674,61.0,8148.0,1.045,-15099.0,0.706,5.2,998.0,400,62.3,8647.0,0.735,274,59.1,-499.0,0.664,59.1,False,B2
14,2.75,1.75,0.636,674,58.9,12677.0,1.065,-11853.0,0.663,5.2,998.0,400,59.8,8867.0,0.682,274,57.7,3810.0,0.635,57.7,False,B2
14,2.75,2.0,0.727,674,57.4,18763.0,1.093,-11193.0,0.625,5.2,998.0,400,58.2,13314.0,0.642,274,56.2,5449.0,0.599,56.2,False,B2
14,2.75,2.25,0.818,674,56.1,22260.0,1.108,-12153.0,0.577,5.2,998.0,400,56.8,15185.0,0.59,274,55.1,7075.0,0.558,55.1,False,B2
14,2.75,2.5,0.909,674,55.5,32707.0,1.156,-11617.0,0.553,5.2,998.0,400,56.0,21443.0,0.565,274,54.7,11264.0,0.536,54.7,False,B2
14,2.75,2.75,1.0,674,54.3,28889.0,1.133,-11081.0,0.519,5.2,998.0,400,55.0,20924.0,0.535,274,53.3,7965.0,0.496,53.3,False,B2
14,2.75,3.0,1.091,674,53.9,30711.0,1.14,-10545.0,0.485,5.2,998.0,400,54.2,20107.0,0.497,274,53.3,10604.0,0.467,53.3,False,B2
14,2.75,3.25,1.182,674,53.3,32676.0,1.148,-10295.0,0.453,5.2,998.0,400,53.5,19947.0,0.458,274,52.9,12729.0,0.445,52.9,False,B2
14,2.75,3.5,1.273,674,52.7,33371.0,1.15,-9849.0,0.43,5.2,998.0,400,52.8,19768.0,0.44,274,52.6,13603.0,0.416,52.6,False,B2
14,2.75,3.75,1.364,674,52.4,35404.0,1.158,-10091.0,0.409,5.2,998.0,400,52.8,23897.0,0.425,274,51.8,11507.0,0.387,51.8,False,B2
14,2.75,4.0,1.455,674,52.1,34359.0,1.152,-11190.0,0.381,5.2,998.0,400,52.2,20208.0,0.385,274,51.8,14151.0,0.376,51.8,False,B2
14,3.0,0.75,0.25,674,74.9,-1202.0,0.99,-10113.0,0.849,4.8,1001.0,400,76.2,220.0,0.87,274,73.0,-1422.0,0.818,73.0,False,B2
14,3.0,1.0,0.333,674,69.6,5889.0,1.044,-8427.0,0.786,4.8,1001.0,400,70.0,2168.0,0.802,274,69.0,3721.0,0.763,69.0,True,B2
14,3.0,1.25,0.417,674,64.7,6547.0,1.043,-12211.0,0.726,4.8,1001.0,400,65.2,4502.0,0.75,274,63.9,2045.0,0.69,63.9,False,B2
14,3.0,1.5,0.5,674,62.5,17269.0,1.107,-10398.0,0.684,4.8,1001.0,400,63.7,14051.0,0.713,274,60.6,3218.0,0.642,60.6,False,B2
14,3.0,1.75,0.583,674,60.4,22885.0,1.134,-8525.0,0.638,4.8,1001.0,400,61.3,14653.0,0.657,274,59.1,8232.0,0.609,59.1,False,B2
14,3.0,2.0,0.667,674,58.9,29225.0,1.164,-7947.0,0.599,4.8,1001.0,400,59.8,19674.0,0.618,274,57.7,9551.0,0.573,57.7,False,B2
14,3.0,2.25,0.75,674,57.6,32428.0,1.176,-7562.0,0.552,4.8,1001.0,400,58.2,21263.0,0.565,274,56.6,11165.0,0.533,56.6,False,B2
14,3.0,2.5,0.833,674,57.0,42312.0,1.227,-6968.0,0.528,4.8,1001.0,400,57.5,27102.0,0.54,274,56.2,15211.0,0.511,56.2,False,B2
14,3.0,2.75,0.917,674,55.8,39328.0,1.203,-9298.0,0.493,4.8,1001.0,400,56.5,27219.0,0.507,274,54.7,12109.0,0.471,54.7,False,B2
14,3.0,3.0,1.0,674,55.3,41326.0,1.211,-8646.0,0.457,4.8,1001.0,400,55.8,26406.0,0.468,274,54.7,14920.0,0.442,54.7,False,B2
14,3.0,3.25,1.083,674,54.7,43674.0,1.222,-8992.0,0.424,4.8,1001.0,400,55.0,26573.0,0.427,274,54.4,17102.0,0.42,54.4,False,B2
14,3.0,3.5,1.167,674,54.2,44608.0,1.224,-8430.0,0.402,4.8,1001.0,400,54.2,26871.0,0.41,274,54.0,17737.0,0.391,54.0,False,B2
14,3.0,3.75,1.25,674,53.9,46823.0,1.234,-8248.0,0.38,4.8,1001.0,400,54.2,30665.0,0.393,274,53.3,16157.0,0.361,53.3,False,B2
14,3.0,4.0,1.333,674,53.6,45733.0,1.227,-10414.0,0.352,4.8,1001.0,400,53.8,27039.0,0.352,274,53.3,18694.0,0.35,53.3,False,B2
20,0.5,0.75,1.5,674,37.5,-119046.0,0.74,-120453.0,0.997,29.7,970.0,400,36.5,-81188.0,0.995,274,39.1,-37858.0,1.0,36.5,False,B2
20,0.5,1.0,2.0,674,31.9,-109449.0,0.781,-117360.0,0.994,29.7,970.0,400,31.8,-68168.0,0.993,274,32.1,-41282.0,0.996,31.8,False,B2
20,0.5,1.25,2.5,674,28.3,-90322.0,0.828,-99181.0,0.988,29.7,970.0,400,29.5,-39460.0,0.993,274,26.6,-50862.0,0.982,26.6,False,B2
20,0.5,1.5,3.0,674,25.7,-75227.0,0.862,-94255.0,0.984,29.7,970.0,400,27.5,-18456.0,0.985,274,23.0,-56771.0,0.982,23.0,False,B2
20,0.5,1.75,3.5,674,24.3,-40681.0,0.926,-71769.0,0.973,29.7,970.0,400,25.5,-4377.0,0.975,274,22.6,-36303.0,0.971,22.6,False,B2
20,0.5,2.0,4.0,674,23.6,-12431.0,0.978,-55450.0,0.958,29.7,970.0,400,24.5,5194.0,0.955,274,22.3,-17625.0,0.964,22.3,False,B2
20,0.5,2.25,4.5,674,22.4,4929.0,1.009,-56256.0,0.951,29.7,970.0,400,23.2,13397.0,0.943,274,21.2,-8469.0,0.964,21.2,False,B2
20,0.5,2.5,5.0,674,22.0,28390.0,1.05,-50418.0,0.936,29.7,970.0,400,22.8,27257.0,0.927,274,20.8,1132.0,0.949,20.8,True,B2
20,0.5,2.75,5.5,674,21.4,52062.0,1.091,-42785.0,0.933,29.7,970.0,400,22.0,37615.0,0.925,274,20.4,14447.0,0.945,20.4,True,B2
20,0.5,3.0,6.0,674,20.6,40691.0,1.07,-38448.0,0.92,29.7,970.0,400,21.8,43254.0,0.91,274,19.0,-2563.0,0.934,19.0,False,B2
20,0.5,3.25,6.5,674,20.0,46775.0,1.08,-32141.0,0.914,29.7,970.0,400,20.8,34307.0,0.905,274,19.0,12468.0,0.927,19.0,True,B2
20,0.5,3.5,7.0,674,19.6,52579.0,1.09,-31015.0,0.907,29.7,970.0,400,20.2,39513.0,0.897,274,18.6,13066.0,0.92,18.6,True,B2
20,0.5,3.75,7.5,674,19.6,70545.0,1.12,-35002.0,0.895,29.7,970.0,400,20.2,51896.0,0.89,274,18.6,18649.0,0.901,18.6,True,B2
20,0.5,4.0,8.0,674,19.3,80951.0,1.137,-33497.0,0.89,29.7,970.0,400,20.0,61778.0,0.887,274,18.2,19173.0,0.894,18.2,True,B2
20,0.75,0.75,1.0,674,49.0,-70006.0,0.811,-76646.0,0.996,20.8,998.0,400,50.0,-34909.0,0.995,274,47.4,-35098.0,0.996,47.4,False,B2
20,0.75,1.0,1.333,674,42.6,-62782.0,0.849,-76508.0,0.99,20.8,998.0,400,43.8,-27804.0,0.993,274,40.9,-34978.0,0.985,40.9,False,B2
20,0.75,1.25,1.667,674,37.8,-56047.0,0.875,-68297.0,0.978,20.8,998.0,400,39.2,-18666.0,0.988,274,35.8,-37381.0,0.964,35.8,False,B2
20,0.75,1.5,2.0,674,34.0,-56037.0,0.882,-83945.0,0.964,20.8,998.0,400,36.0,-10862.0,0.97,274,31.0,-45175.0,0.956,31.0,False,B2
20,0.75,1.75,2.333,674,32.0,-33239.0,0.932,-67506.0,0.954,20.8,998.0,400,33.5,-1131.0,0.96,274,29.9,-32108.0,0.945,29.9,False,B2
20,0.75,2.0,2.667,674,30.4,-26191.0,0.948,-62750.0,0.933,20.8,998.0,400,31.5,-3743.0,0.932,274,28.8,-22448.0,0.934,28.8,False,B2
20,0.75,2.25,3.0,674,29.2,-6344.0,0.988,-62570.0,0.923,20.8,998.0,400,30.5,11352.0,0.917,274,27.4,-17696.0,0.931,27.4,False,B2
20,0.75,2.5,3.333,674,28.6,14299.0,1.028,-56510.0,0.907,20.8,998.0,400,29.8,21775.0,0.9,274,27.0,-7476.0,0.916,27.0,False,B2
20,0.75,2.75,3.667,674,28.2,41985.0,1.081,-46678.0,0.899,20.8,998.0,400,29.2,38901.0,0.892,274,26.6,3084.0,0.909,26.6,True,B2
20,0.75,3.0,4.0,674,27.4,36189.0,1.069,-36834.0,0.878,20.8,998.0,400,29.0,45261.0,0.87,274,25.2,-9073.0,0.891,25.2,False,B2
20,0.75,3.25,4.333,674,26.6,33511.0,1.063,-33134.0,0.868,20.8,998.0,400,27.5,32043.0,0.86,274,25.2,1467.0,0.88,25.2,True,B2
20,0.75,3.5,4.667,674,26.1,39539.0,1.074,-33650.0,0.859,20.8,998.0,400,27.0,38311.0,0.853,274,24.8,1228.0,0.869,24.8,True,B2
20,0.75,3.75,5.0,674,26.1,51626.0,1.097,-30147.0,0.841,20.8,998.0,400,27.0,45621.0,0.838,274,24.8,6005.0,0.847,24.8,True,B2
20,0.75,4.0,5.333,674,25.8,56819.0,1.107,-32444.0,0.834,20.8,998.0,400,26.8,51120.0,0.833,274,24.5,5698.0,0.836,24.5,True,B2
20,1.0,0.75,0.75,674,54.9,-65413.0,0.795,-73281.0,0.987,15.7,1000.0,400,55.5,-35822.0,0.988,274,54.0,-29591.0,0.985,54.0,False,B2
20,1.0,1.0,1.0,674,48.7,-59479.0,0.836,-72694.0,0.978,15.7,1000.0,400,48.8,-35362.0,0.983,274,48.5,-24117.0,0.971,48.5,False,B2
20,1.0,1.25,1.25,674,43.8,-56037.0,0.858,-68002.0,0.955,15.7,1000.0,400,43.5,-34997.0,0.97,274,44.2,-21039.0,0.934,43.5,False,B2
20,1.0,1.5,1.5,674,39.3,-66012.0,0.844,-83145.0,0.938,15.7,1000.0,400,40.0,-31812.0,0.948,274,38.3,-34199.0,0.923,38.3,False,B2
20,1.0,1.75,1.75,674,37.5,-44556.0,0.898,-71534.0,0.923,15.7,1000.0,400,37.5,-24701.0,0.935,274,37.6,-19855.0,0.905,37.5,False,B2
20,1.0,2.0,2.0,674,36.1,-36411.0,0.919,-61439.0,0.899,15.7,1000.0,400,35.8,-26488.0,0.902,274,36.5,-9923.0,0.894,35.8,False,B2
20,1.0,2.25,2.25,674,34.3,-31758.0,0.931,-61027.0,0.887,15.7,1000.0,400,34.2,-19455.0,0.887,274,34.3,-12303.0,0.887,34.2,False,B2
20,1.0,2.5,2.5,674,33.8,-11646.0,0.975,-49097.0,0.865,15.7,1000.0,400,33.5,-10093.0,0.868,274,34.3,-1553.0,0.861,33.5,False,B2
20,1.0,2.75,2.75,674,33.4,12311.0,1.027,-39975.0,0.858,15.7,1000.0,400,33.0,4123.0,0.86,274,33.9,8188.0,0.854,33.0,True,B2
20,1.0,3.0,3.0,674,32.6,10130.0,1.022,-33492.0,0.835,15.7,1000.0,400,32.8,10025.0,0.835,274,32.5,105.0,0.836,32.5,True,B2
20,1.0,3.25,3.25,674,31.8,8072.0,1.017,-32184.0,0.823,15.7,1000.0,400,31.2,-751.0,0.825,274,32.5,8823.0,0.821,31.2,False,B2
20,1.0,3.5,3.5,674,31.3,14136.0,1.03,-34504.0,0.813,15.7,1000.0,400,30.8,5143.0,0.818,274,32.1,8993.0,0.807,30.8,True,B2
20,1.0,3.75,3.75,674,31.3,25917.0,1.054,-32012.0,0.794,15.7,1000.0,400,30.8,12440.0,0.802,274,32.1,13477.0,0.781,30.8,True,B2
20,1.0,4.0,4.0,674,31.0,32399.0,1.067,-35283.0,0.786,15.7,1000.0,400,30.5,18212.0,0.797,274,31.8,14187.0,0.77,30.5,True,B2
20,1.25,0.75,0.6,674,60.2,-50389.0,0.815,-56762.0,0.972,12.5,1000.0,400,60.8,-28917.0,0.975,274,59.5,-21471.0,0.967,59.5,False,B2
20,1.25,1.0,0.8,674,54.2,-46567.0,0.852,-58602.0,0.958,12.5,1000.0,400,54.2,-28872.0,0.965,274,54.0,-17695.0,0.949,54.0,False,B2
20,1.25,1.25,1.0,674,49.0,-47531.0,0.863,-54438.0,0.932,12.5,1000.0,400,48.2,-34453.0,0.948,274,50.0,-13078.0,0.909,48.2,False,B2
20,1.25,1.5,1.2,674,44.2,-59291.0,0.843,-70764.0,0.909,12.5,1000.0,400,44.5,-33361.0,0.922,274,43.8,-25931.0,0.891,43.8,False,B2
20,1.25,1.75,1.4,674,42.7,-37053.0,0.904,-53420.0,0.889,12.5,1000.0,400,42.5,-22552.0,0.905,274,43.1,-14501.0,0.865,42.5,False,B2
20,1.25,2.0,1.6,674,41.2,-29425.0,0.926,-48964.0,0.861,12.5,1000.0,400,40.8,-23174.0,0.87,274,42.0,-6251.0,0.847,40.8,False,B2
20,1.25,2.25,1.8,674,39.6,-24156.0,0.941,-48262.0,0.843,12.5,1000.0,400,39.2,-16616.0,0.85,274,40.1,-7540.0,0.832,39.2,False,B2
20,1.25,2.5,2.0,674,39.2,-5424.0,0.987,-35216.0,0.819,12.5,1000.0,400,38.5,-7901.0,0.828,274,40.1,2478.0,0.807,38.5,False,B2
20,1.25,2.75,2.2,674,38.7,16602.0,1.04,-28477.0,0.81,12.5,1000.0,400,38.0,5265.0,0.818,274,39.8,11337.0,0.799,38.0,True,B2
20,1.25,3.0,2.4,674,37.8,9733.0,1.023,-24072.0,0.785,12.5,1000.0,400,37.5,7102.0,0.79,274,38.3,2631.0,0.777,37.5,True,B2
20,1.25,3.25,2.6,674,37.2,15649.0,1.037,-20554.0,0.77,12.5,1000.0,400,36.5,4873.0,0.775,274,38.3,10776.0,0.763,36.5,True,B2
20,1.25,3.5,2.8,674,36.6,18831.0,1.044,-23157.0,0.754,12.5,1000.0,400,35.8,6601.0,0.76,274,38.0,12231.0,0.745,35.8,True,B2
20,1.25,3.75,3.0,674,36.6,29752.0,1.07,-21189.0,0.733,12.5,1000.0,400,35.8,13327.0,0.745,274,38.0,16425.0,0.715,35.8,True,B2
20,1.25,4.0,3.2,674,36.4,36568.0,1.085,-23029.0,0.726,12.5,1000.0,400,35.5,18773.0,0.74,274,37.6,17795.0,0.704,35.5,True,B2
20,1.5,0.75,0.5,674,63.9,-45391.0,0.812,-48101.0,0.963,10.4,1000.0,400,65.0,-22026.0,0.965,274,62.4,-23365.0,0.96,62.4,False,B2
20,1.5,1.0,0.667,674,58.5,-37286.0,0.865,-44720.0,0.942,10.4,1000.0,400,58.5,-21788.0,0.948,274,58.4,-15498.0,0.934,58.4,False,B2
20,1.5,1.25,0.833,674,53.1,-40557.0,0.869,-43459.0,0.912,10.4,1000.0,400,52.2,-29199.0,0.925,274,54.4,-11358.0,0.894,52.2,False,B2
20,1.5,1.5,1.0,674,48.8,-45878.0,0.863,-52117.0,0.889,10.4,1000.0,400,48.8,-25590.0,0.9,274,48.9,-20288.0,0.872,48.8,False,B2
20,1.5,1.75,1.167,674,47.2,-27561.0,0.92,-39989.0,0.866,10.4,1000.0,400,46.5,-17990.0,0.88,274,48.2,-9571.0,0.847,46.5,False,B2
20,1.5,2.0,1.333,674,45.7,-18957.0,0.947,-32543.0,0.837,10.4,1000.0,400,45.0,-14864.0,0.845,274,46.7,-4093.0,0.825,45.0,False,B2
20,1.5,2.25,1.5,674,44.1,-13689.0,0.963,-34746.0,0.815,10.4,1000.0,400,43.8,-5575.0,0.823,274,44.5,-8114.0,0.803,43.8,False,B2
20,1.5,2.5,1.667,674,43.3,-3225.0,0.991,-31133.0,0.783,10.4,1000.0,400,42.8,-1824.0,0.79,274,44.2,-1401.0,0.774,42.8,False,B2
20,1.5,2.75,1.833,674,42.6,10448.0,1.028,-22859.0,0.773,10.4,1000.0,400,42.0,7238.0,0.78,274,43.4,3210.0,0.763,42.0,True,B2
20,1.5,3.0,2.0,674,41.7,5775.0,1.015,-19154.0,0.748,10.4,1000.0,400,41.5,9881.0,0.752,274,42.0,-4107.0,0.741,41.5,False,B2
20,1.5,3.25,2.167,674,41.1,7455.0,1.019,-17524.0,0.724,10.4,1000.0,400,40.5,5552.0,0.725,274,42.0,1903.0,0.723,40.5,True,B2
20,1.5,3.5,2.333,674,40.5,7714.0,1.02,-21829.0,0.705,10.4,1000.0,400,39.8,4107.0,0.705,274,41.6,3607.0,0.704,39.8,True,B2
20,1.5,3.75,2.5,674,40.5,17095.0,1.044,-19113.0,0.682,10.4,1000.0,400,39.8,10057.0,0.69,274,41.6,7038.0,0.672,39.8,False,B2
20,1.5,4.0,2.667,674,40.2,22568.0,1.058,-19073.0,0.675,10.4,1000.0,400,39.5,14608.0,0.685,274,41.2,7960.0,0.661,39.5,False,B2
20,1.75,0.75,0.429,674,67.1,-38375.0,0.82,-40822.0,0.947,8.9,997.0,400,68.8,-14759.0,0.948,274,64.6,-23616.0,0.945,64.6,False,B2
20,1.75,1.0,0.571,674,61.9,-29640.0,0.879,-38422.0,0.921,8.9,997.0,400,63.0,-11239.0,0.925,274,60.2,-18401.0,0.916,60.2,False,B2
20,1.75,1.25,0.714,674,57.0,-26996.0,0.901,-29203.0,0.884,8.9,997.0,400,57.0,-14980.0,0.89,274,56.9,-12016.0,0.876,56.9,False,B2
20,1.75,1.5,0.857,674,52.7,-32608.0,0.891,-40127.0,0.856,8.9,997.0,400,53.5,-12530.0,0.858,274,51.5,-20078.0,0.854,51.5,False,B2
20,1.75,1.75,1.0,674,50.6,-21732.0,0.93,-36028.0,0.829,8.9,997.0,400,51.2,-6293.0,0.833,274,49.6,-15439.0,0.825,49.6,False,B2
20,1.75,2.0,1.143,674,49.0,-16647.0,0.948,-34278.0,0.797,8.9,997.0,400,49.8,-3682.0,0.792,274,47.8,-12965.0,0.803,47.8,False,B2
20,1.75,2.25,1.286,674,47.2,-13626.0,0.959,-36755.0,0.773,8.9,997.0,400,48.2,2776.0,0.767,274,45.6,-16403.0,0.781,45.6,False,B2
20,1.75,2.5,1.429,674,46.4,-4219.0,0.987,-32705.0,0.74,8.9,997.0,400,47.2,6192.0,0.733,274,45.3,-10411.0,0.752,45.3,False,B2
20,1.75,2.75,1.571,674,45.7,8888.0,1.026,-25708.0,0.728,8.9,997.0,400,46.5,14952.0,0.72,274,44.5,-6064.0,0.741,44.5,False,B2
20,1.75,3.0,1.714,674,44.8,4631.0,1.013,-22748.0,0.702,8.9,997.0,400,46.0,17518.0,0.693,274,43.1,-12886.0,0.715,43.1,False,B2
20,1.75,3.25,1.857,674,44.2,4846.0,1.014,-19173.0,0.677,8.9,997.0,400,45.0,14062.0,0.665,274,43.1,-9216.0,0.693,43.1,False,B2
20,1.75,3.5,2.0,674,43.5,3204.0,1.009,-17958.0,0.656,8.9,997.0,400,44.0,11057.0,0.642,274,42.7,-7853.0,0.675,42.7,False,B2
20,1.75,3.75,2.143,674,43.5,12090.0,1.034,-16472.0,0.634,8.9,997.0,400,44.0,16824.0,0.627,274,42.7,-4734.0,0.642,42.7,False,B2
20,1.75,4.0,2.286,674,43.2,17317.0,1.049,-16847.0,0.626,8.9,997.0,400,43.8,21330.0,0.623,274,42.3,-4013.0,0.631,42.3,False,B2
20,2.0,0.75,0.375,674,69.6,-29788.0,0.843,-34914.0,0.935,7.8,1001.0,400,71.2,-11389.0,0.94,274,67.2,-18400.0,0.927,67.2,False,B2
20,2.0,1.0,0.5,674,64.2,-23339.0,0.894,-32874.0,0.905,7.8,1001.0,400,65.0,-10704.0,0.912,274,63.1,-12634.0,0.894,63.1,False,B2
20,2.0,1.25,0.625,674,59.1,-24413.0,0.902,-26343.0,0.865,7.8,1001.0,400,59.0,-14831.0,0.875,274,59.1,-9582.0,0.85,59.0,False,B2
20,2.0,1.5,0.75,674,55.0,-26237.0,0.903,-35879.0,0.832,7.8,1001.0,400,56.0,-9488.0,0.843,274,53.6,-16749.0,0.818,53.6,False,B2
20,2.0,1.75,0.875,674,52.8,-18044.0,0.936,-34383.0,0.806,7.8,1001.0,400,53.8,-3589.0,0.818,274,51.5,-14455.0,0.788,51.5,False,B2
20,2.0,2.0,1.0,674,50.9,-16275.0,0.945,-34462.0,0.77,7.8,1001.0,400,51.7,-3479.0,0.772,274,49.6,-12796.0,0.766,49.6,False,B2
20,2.0,2.25,1.125,674,49.1,-12901.0,0.958,-37229.0,0.745,7.8,1001.0,400,50.2,3151.0,0.748,274,47.4,-16052.0,0.741,47.4,False,B2
20,2.0,2.5,1.25,674,48.4,-3766.0,0.988,-33823.0,0.712,7.8,1001.0,400,49.2,6589.0,0.713,274,47.1,-10356.0,0.712,47.1,False,B2
20,2.0,2.75,1.375,674,47.5,5041.0,1.016,-27773.0,0.699,7.8,1001.0,400,48.2,11805.0,0.698,274,46.4,-6764.0,0.701,46.4,False,B2
20,2.0,3.0,1.5,674,46.6,1828.0,1.006,-25251.0,0.672,7.8,1001.0,400,47.8,14673.0,0.67,274,44.9,-12845.0,0.675,44.9,False,B2
20,2.0,3.25,1.625,674,46.0,2508.0,1.008,-21749.0,0.647,7.8,1001.0,400,46.8,11785.0,0.642,274,44.9,-9277.0,0.653,44.9,False,B2
20,2.0,3.5,1.75,674,45.3,-436.0,0.999,-22358.0,0.622,7.8,1001.0,400,45.8,7206.0,0.613,274,44.5,-7642.0,0.635,44.5,False,B2
20,2.0,3.75,1.875,674,45.3,7748.0,1.024,-20437.0,0.598,7.8,1001.0,400,45.8,12905.0,0.598,274,44.5,-5157.0,0.599,44.5,False,B2
20,2.0,4.0,2.0,674,45.1,15156.0,1.046,-19625.0,0.589,7.8,1001.0,400,45.5,17287.0,0.593,274,44.5,-2131.0,0.584,44.5,False,B2
20,2.25,0.75,0.333,674,71.7,-19520.0,0.882,-27372.0,0.917,7.0,999.0,400,73.0,-7766.0,0.922,274,69.7,-11754.0,0.909,69.7,False,B2
20,2.25,1.0,0.444,674,66.3,-14613.0,0.925,-26306.0,0.881,7.0,999.0,400,67.0,-6757.0,0.887,274,65.3,-7856.0,0.872,65.3,False,B2
20,2.25,1.25,0.556,674,61.4,-12413.0,0.943,-20560.0,0.84,7.0,999.0,400,61.5,-7673.0,0.848,274,61.3,-4740.0,0.828,61.3,False,B2
20,2.25,1.5,0.667,674,57.7,-11579.0,0.951,-31902.0,0.807,7.0,999.0,400,59.0,613.0,0.815,274,55.8,-12192.0,0.796,55.8,False,B2
20,2.25,1.75,0.778,674,55.9,1157.0,1.005,-27334.0,0.779,7.0,999.0,400,57.0,7553.0,0.787,274,54.4,-6396.0,0.766,54.4,False,B2
20,2.25,2.0,0.889,674,54.3,4874.0,1.019,-26332.0,0.737,7.0,999.0,400,55.2,8093.0,0.735,274,52.9,-3219.0,0.741,52.9,False,B2
20,2.25,2.25,1.0,674,52.7,9705.0,1.036,-27373.0,0.706,7.0,999.0,400,53.8,14267.0,0.703,274,51.1,-4563.0,0.712,51.1,False,B2
20,2.25,2.5,1.111,674,51.9,18266.0,1.067,-24060.0,0.669,7.0,999.0,400,52.8,17147.0,0.662,274,50.7,1119.0,0.679,50.7,False,B2
20,2.25,2.75,1.222,674,51.0,27458.0,1.099,-18415.0,0.654,7.0,999.0,400,51.7,22429.0,0.647,274,50.0,5029.0,0.664,50.0,False,B2
20,2.25,3.0,1.333,674,50.1,23811.0,1.084,-18151.0,0.625,7.0,999.0,400,51.2,25072.0,0.62,274,48.5,-1261.0,0.631,48.5,False,B2
20,2.25,3.25,1.444,674,49.6,25032.0,1.087,-14995.0,0.598,7.0,999.0,400,50.2,22845.0,0.593,274,48.5,2187.0,0.606,48.5,False,B2
20,2.25,3.5,1.556,674,48.8,22959.0,1.079,-15286.0,0.571,7.0,999.0,400,49.2,18982.0,0.56,274,48.2,3977.0,0.588,48.2,False,B2
20,2.25,3.75,1.667,674,48.5,25154.0,1.086,-14056.0,0.545,7.0,999.0,400,49.0,21584.0,0.54,274,47.8,3570.0,0.551,47.8,False,B2
20,2.25,4.0,1.778,674,48.2,30279.0,1.103,-13635.0,0.534,7.0,999.0,400,48.5,23745.0,0.532,274,47.8,6533.0,0.536,47.8,False,B2
20,2.5,0.75,0.3,674,73.0,-19177.0,0.874,-22943.0,0.904,6.3,998.0,400,73.8,-13790.0,0.92,274,71.9,-5387.0,0.88,71.9,False,B2
20,2.5,1.0,0.4,674,67.8,-14007.0,0.922,-23211.0,0.865,6.3,998.0,400,68.0,-12006.0,0.882,274,67.5,-2001.0,0.839,67.5,False,B2
20,2.5,1.25,0.5,674,62.8,-14007.0,0.931,-18935.0,0.819,6.3,998.0,400,62.5,-13614.0,0.84,274,63.1,-393.0,0.788,62.5,False,B2
20,2.5,1.5,0.6,674,59.2,-12051.0,0.945,-24625.0,0.782,6.3,998.0,400,60.0,-6665.0,0.807,274,58.0,-5386.0,0.745,58.0,False,B2
20,2.5,1.75,0.7,674,57.3,-1157.0,0.995,-21374.0,0.752,6.3,998.0,400,58.0,810.0,0.777,274,56.2,-1967.0,0.715,56.2,False,B2
20,2.5,2.0,0.8,674,55.6,2121.0,1.009,-19385.0,0.709,6.3,998.0,400,56.2,983.0,0.723,274,54.7,1138.0,0.69,54.7,False,B2
20,2.5,2.25,0.9,674,54.0,6887.0,1.028,-20334.0,0.677,6.3,998.0,400,54.8,6845.0,0.688,274,52.9,42.0,0.661,52.9,False,B2
20,2.5,2.5,1.0,674,53.3,14890.0,1.059,-16924.0,0.639,6.3,998.0,400,53.8,9591.0,0.647,274,52.6,5299.0,0.628,52.6,False,B2
20,2.5,2.75,1.1,674,52.4,23438.0,1.092,-14890.0,0.623,6.3,998.0,400,52.8,14455.0,0.63,274,51.8,8983.0,0.613,51.8,False,B2
20,2.5,3.0,1.2,674,51.6,21878.0,1.084,-14298.0,0.591,6.3,998.0,400,52.5,18178.0,0.598,274,50.4,3700.0,0.58,50.4,False,B2
20,2.5,3.25,1.3,674,51.0,22421.0,1.085,-13706.0,0.564,6.3,998.0,400,51.5,15626.0,0.57,274,50.4,6795.0,0.555,50.4,False,B2
20,2.5,3.5,1.4,674,50.3,21389.0,1.08,-13115.0,0.536,6.3,998.0,400,50.5,12827.0,0.535,274,50.0,8562.0,0.536,50.0,False,B2
20,2.5,3.75,1.5,674,50.0,23390.0,1.087,-12859.0,0.507,6.3,998.0,400,50.2,14771.0,0.512,274,49.6,8619.0,0.5,49.6,False,B2
20,2.5,4.0,1.6,674,49.7,28159.0,1.104,-12360.0,0.497,6.3,998.0,400,49.8,16678.0,0.505,274,49.6,11480.0,0.485,49.6,False,B2
20,2.75,0.75,0.273,674,74.5,-9786.0,0.927,-13900.0,0.893,5.7,1001.0,400,75.5,-5900.0,0.91,274,73.0,-3886.0,0.869,73.0,False,B2
20,2.75,1.0,0.364,674,69.1,-5665.0,0.965,-13781.0,0.849,5.7,1001.0,400,69.8,-2889.0,0.863,274,68.2,-2776.0,0.828,68.2,False,B2
20,2.75,1.25,0.455,674,64.4,-3146.0,0.983,-12224.0,0.8,5.7,1001.0,400,64.8,-1899.0,0.818,274,63.9,-1247.0,0.774,63.9,False,B2
20,2.75,1.5,0.545,674,60.8,-1233.0,0.994,-21007.0,0.76,5.7,1001.0,400,62.3,4500.0,0.78,274,58.8,-5733.0,0.73,58.8,False,B2
20,2.75,1.75,0.636,674,58.9,7792.0,1.038,-19401.0,0.73,5.7,1001.0,400,60.2,10686.0,0.75,274,56.9,-2894.0,0.701,56.9,False,B2
20,2.75,2.0,0.727,674,57.1,9866.0,1.045,-17846.0,0.684,5.7,1001.0,400,58.2,10262.0,0.693,274,55.5,-397.0,0.672,55.5,False,B2
20,2.75,2.25,0.818,674,55.3,12349.0,1.055,-20845.0,0.651,5.7,1001.0,400,56.5,14239.0,0.657,274,53.6,-1890.0,0.642,53.6,False,B2
20,2.75,2.5,0.909,674,54.6,19874.0,1.086,-17350.0,0.613,5.7,1001.0,400,55.5,16951.0,0.615,274,53.3,2923.0,0.609,53.3,False,B2
20,2.75,2.75,1.0,674,53.7,27571.0,1.117,-12199.0,0.596,5.7,1001.0,400,54.5,21078.0,0.598,274,52.6,6492.0,0.595,52.6,False,B2
20,2.75,3.0,1.091,674,53.0,25701.0,1.107,-12757.0,0.562,5.7,1001.0,400,54.2,24738.0,0.565,274,51.1,963.0,0.558,51.1,False,B2
20,2.75,3.25,1.182,674,52.4,26324.0,1.108,-11347.0,0.536,5.7,1001.0,400,53.2,22282.0,0.537,274,51.1,4042.0,0.533,51.1,False,B2
20,2.75,3.5,1.273,674,51.6,25793.0,1.105,-11132.0,0.507,5.7,1001.0,400,52.2,19908.0,0.502,274,50.7,5885.0,0.515,50.7,False,B2
20,2.75,3.75,1.364,674,51.3,27876.0,1.112,-12114.0,0.479,5.7,1001.0,400,52.0,22121.0,0.48,274,50.4,5755.0,0.478,50.4,False,B2
20,2.75,4.0,1.455,674,51.0,31902.0,1.128,-11092.0,0.467,5.7,1001.0,400,51.5,24096.0,0.472,274,50.4,7806.0,0.46,50.4,False,B2
20,3.0,0.75,0.25,674,75.2,-11130.0,0.911,-13686.0,0.88,5.2,1001.0,400,76.2,-8302.0,0.897,274,73.7,-2828.0,0.854,73.7,False,B2
20,3.0,1.0,0.333,674,70.2,-5800.0,0.961,-11862.0,0.834,5.2,1001.0,400,71.0,-3998.0,0.848,274,69.0,-1801.0,0.814,69.0,False,B2
20,3.0,1.25,0.417,674,65.6,-474.0,0.997,-11374.0,0.774,5.2,1001.0,400,65.8,-3458.0,0.797,274,65.3,2983.0,0.741,65.3,False,B2
20,3.0,1.5,0.5,674,62.3,3947.0,1.022,-14953.0,0.73,5.2,1001.0,400,63.5,4525.0,0.757,274,60.6,-577.0,0.69,60.6,False,B2
20,3.0,1.75,0.583,674,60.4,12471.0,1.066,-13801.0,0.697,5.2,1001.0,400,61.5,10549.0,0.723,274,58.8,1921.0,0.661,58.8,False,B2
20,3.0,2.0,0.667,674,58.6,13585.0,1.069,-12374.0,0.651,5.2,1001.0,400,59.5,9650.0,0.665,274,57.3,3935.0,0.631,57.3,False,B2
20,3.0,2.25,0.75,674,57.0,17247.0,1.084,-13107.0,0.617,5.2,1001.0,400,58.0,14705.0,0.63,274,55.5,2542.0,0.599,55.5,False,B2
20,3.0,2.5,0.833,674,56.2,24438.0,1.117,-12449.0,0.579,5.2,1001.0,400,57.0,17236.0,0.588,274,55.1,7202.0,0.566,55.1,False,B2
20,3.0,2.75,0.917,674,55.3,31619.0,1.148,-11956.0,0.562,5.2,1001.0,400,56.0,21257.0,0.57,274,54.4,10362.0,0.551,54.4,False,B2
20,3.0,3.0,1.0,674,54.6,30389.0,1.14,-11463.0,0.527,5.2,1001.0,400,55.8,24429.0,0.537,274,52.9,5960.0,0.511,52.9,False,B2
20,3.0,3.25,1.083,674,54.0,31177.0,1.141,-10970.0,0.499,5.2,1001.0,400,54.8,22258.0,0.507,274,52.9,8918.0,0.485,52.9,False,B2
20,3.0,3.5,1.167,674,53.3,31335.0,1.141,-10477.0,0.47,5.2,1001.0,400,53.8,20527.0,0.472,274,52.6,10808.0,0.467,52.6,False,B2
20,3.0,3.75,1.25,674,53.0,33527.0,1.149,-10264.0,0.442,5.2,1001.0,400,53.5,22333.0,0.45,274,52.2,11194.0,0.431,52.2,False,B2
20,3.0,4.0,1.333,674,52.7,37344.0,1.166,-9848.0,0.43,5.2,1001.0,400,53.0,24168.0,0.443,274,52.2,13176.0,0.412,52.2,False,B2
28,0.5,0.75,1.5,674,37.7,-119817.0,0.736,-125373.0,0.999,31.1,958.0,400,36.5,-81833.0,0.998,274,39.4,-37984.0,1.0,36.5,False,B2
28,0.5,1.0,2.0,674,31.5,-120761.0,0.759,-128193.0,0.997,31.1,958.0,400,31.5,-70618.0,0.998,274,31.4,-50143.0,0.996,31.4,False,B2
28,0.5,1.25,2.5,674,28.3,-93694.0,0.821,-105503.0,0.993,31.1,958.0,400,28.7,-50106.0,0.995,274,27.7,-43588.0,0.989,27.7,False,B2
28,0.5,1.5,3.0,674,25.2,-85559.0,0.843,-105193.0,0.99,31.1,958.0,400,27.0,-23711.0,0.993,274,22.6,-61848.0,0.985,22.6,False,B2
28,0.5,1.75,3.5,674,24.0,-45303.0,0.918,-79821.0,0.984,31.1,958.0,400,25.5,-1001.0,0.988,274,21.9,-44302.0,0.978,21.9,False,B2
28,0.5,2.0,4.0,674,22.8,-22145.0,0.961,-63722.0,0.972,31.1,958.0,400,24.0,7153.0,0.97,274,21.2,-29298.0,0.974,21.2,False,B2
28,0.5,2.25,4.5,674,22.0,3238.0,1.006,-53949.0,0.964,31.1,958.0,400,22.8,14168.0,0.96,274,20.8,-10930.0,0.971,20.8,False,B2
28,0.5,2.5,5.0,674,21.1,16239.0,1.028,-53174.0,0.95,31.1,958.0,400,21.8,19222.0,0.94,274,20.1,-2982.0,0.964,20.1,False,B2
28,0.5,2.75,5.5,674,20.3,28313.0,1.049,-53127.0,0.945,31.1,958.0,400,21.0,24645.0,0.935,274,19.3,3668.0,0.96,19.3,True,B2
28,0.5,3.0,6.0,674,20.2,47784.0,1.082,-47570.0,0.932,31.1,958.0,400,20.8,29934.0,0.917,274,19.3,17850.0,0.953,19.3,True,B2
28,0.5,3.25,6.5,674,19.3,37127.0,1.063,-42586.0,0.924,31.1,958.0,400,20.2,36485.0,0.915,274,17.9,642.0,0.938,17.9,True,B2
28,0.5,3.5,7.0,674,19.3,74811.0,1.127,-38550.0,0.923,31.1,958.0,400,20.2,58383.0,0.912,274,17.9,16428.0,0.938,17.9,True,B2
28,0.5,3.75,7.5,674,19.0,87306.0,1.148,-39704.0,0.914,31.1,958.0,400,19.8,59206.0,0.902,274,17.9,28100.0,0.931,17.9,True,B2
28,0.5,4.0,8.0,674,18.7,84810.0,1.143,-43050.0,0.904,31.1,958.0,400,19.5,65231.0,0.897,274,17.5,19579.0,0.912,17.5,True,B2
28,0.75,0.75,1.0,674,49.1,-70422.0,0.81,-77292.0,0.996,22.1,997.0,400,49.5,-40731.0,0.995,274,48.5,-29692.0,0.996,48.5,False,B2
28,0.75,1.0,1.333,674,42.1,-72536.0,0.828,-86551.0,0.993,22.1,997.0,400,43.0,-36263.0,0.995,274,40.9,-36273.0,0.989,40.9,False,B2
28,0.75,1.25,1.667,674,37.5,-64010.0,0.859,-76085.0,0.985,22.1,997.0,400,38.2,-31318.0,0.988,274,36.5,-32691.0,0.982,36.5,False,B2
28,0.75,1.5,2.0,674,33.8,-57444.0,0.88,-80488.0,0.978,22.1,997.0,400,36.0,-9593.0,0.983,274,30.7,-47851.0,0.971,30.7,False,B2
28,0.75,1.75,2.333,674,32.0,-30639.0,0.938,-65195.0,0.969,22.1,997.0,400,33.8,2469.0,0.973,274,29.6,-33108.0,0.964,29.6,False,B2
28,0.75,2.0,2.667,674,30.1,-22171.0,0.956,-59693.0,0.953,22.1,997.0,400,31.5,4268.0,0.953,274,28.1,-26439.0,0.953,28.1,False,B2
28,0.75,2.25,3.0,674,28.9,-6651.0,0.987,-55772.0,0.941,22.1,997.0,400,30.0,7743.0,0.938,274,27.4,-14394.0,0.945,27.4,False,B2
28,0.75,2.5,3.333,674,27.7,2849.0,1.005,-55661.0,0.923,22.1,997.0,400,28.7,12911.0,0.915,274,26.3,-10062.0,0.934,26.3,False,B2
28,0.75,2.75,3.667,674,27.3,26543.0,1.05,-47237.0,0.914,22.1,997.0,400,28.2,26177.0,0.905,274,25.9,367.0,0.927,25.9,True,B2
28,0.75,3.0,4.0,674,27.0,44907.0,1.085,-37367.0,0.901,22.1,997.0,400,28.0,36088.0,0.887,274,25.5,8819.0,0.92,25.5,True,B2
28,0.75,3.25,4.333,674,26.0,35474.0,1.066,-32934.0,0.886,22.1,997.0,400,27.3,39381.0,0.877,274,24.1,-3907.0,0.898,24.1,False,B2
28,0.75,3.5,4.667,674,26.0,66993.0,1.125,-25376.0,0.883,22.1,997.0,400,27.3,60109.0,0.875,274,24.1,6884.0,0.894,24.1,True,B2
28,0.75,3.75,5.0,674,25.5,71226.0,1.132,-25376.0,0.869,22.1,997.0,400,26.5,55918.0,0.86,274,24.1,15307.0,0.883,24.1,True,B2
28,0.75,4.0,5.333,674,25.1,58809.0,1.108,-27390.0,0.853,22.1,997.0,400,26.0,50684.0,0.848,274,23.7,8124.0,0.861,23.7,True,B2
28,1.0,0.75,0.75,674,54.7,-70395.0,0.782,-79080.0,0.991,16.7,1000.0,400,56.0,-34119.0,0.99,274,52.9,-36276.0,0.993,52.9,False,B2
28,1.0,1.0,1.0,674,47.9,-70949.0,0.809,-84027.0,0.985,16.7,1000.0,400,49.0,-34407.0,0.988,274,46.4,-36542.0,0.982,46.4,False,B2
28,1.0,1.25,1.25,674,43.3,-62403.0,0.845,-77868.0,0.973,16.7,1000.0,400,43.5,-36093.0,0.978,274,43.1,-26310.0,0.967,43.1,False,B2
28,1.0,1.5,1.5,674,38.6,-72027.0,0.834,-90600.0,0.961,16.7,1000.0,400,40.2,-27424.0,0.97,274,36.1,-44603.0,0.949,36.1,False,B2
28,1.0,1.75,1.75,674,36.6,-54697.0,0.878,-79375.0,0.944,16.7,1000.0,400,37.8,-21142.0,0.953,274,35.0,-33555.0,0.931,35.0,False,B2
28,1.0,2.0,2.0,674,34.7,-48633.0,0.895,-73774.0,0.926,16.7,1000.0,400,35.5,-21626.0,0.93,274,33.6,-27007.0,0.92,33.6,False,B2
28,1.0,2.25,2.25,674,33.5,-35903.0,0.924,-68971.0,0.912,16.7,1000.0,400,34.2,-16755.0,0.912,274,32.5,-19148.0,0.912,32.5,False,B2
28,1.0,2.5,2.5,674,32.0,-31954.0,0.933,-68274.0,0.892,16.7,1000.0,400,32.8,-14260.0,0.885,274,31.0,-17694.0,0.901,31.0,False,B2
28,1.0,2.75,2.75,674,31.6,-11220.0,0.977,-60309.0,0.881,16.7,1000.0,400,32.2,-2435.0,0.875,274,30.7,-8785.0,0.891,30.7,False,B2
28,1.0,3.0,3.0,674,31.3,6113.0,1.013,-51643.0,0.868,16.7,1000.0,400,32.0,7038.0,0.858,274,30.3,-925.0,0.883,30.3,False,B2
28,1.0,3.25,3.25,674,30.3,-881.0,0.998,-49944.0,0.852,16.7,1000.0,400,31.2,8965.0,0.845,274,28.8,-9846.0,0.861,28.8,False,B2
28,1.0,3.5,3.5,674,30.3,26443.0,1.054,-39801.0,0.849,16.7,1000.0,400,31.2,26379.0,0.843,274,28.8,63.0,0.858,28.8,True,B2
28,1.0,3.75,3.75,674,29.7,26477.0,1.053,-33582.0,0.834,16.7,1000.0,400,30.2,18293.0,0.825,274,28.8,8185.0,0.847,28.8,True,B2
28,1.0,4.0,4.0,674,29.2,19428.0,1.039,-37546.0,0.818,16.7,1000.0,400,29.8,15184.0,0.812,274,28.5,4244.0,0.825,28.5,True,B2
28,1.25,0.75,0.6,674,61.1,-44696.0,0.834,-53259.0,0.984,13.4,999.0,400,61.5,-26078.0,0.983,274,60.6,-18618.0,0.985,60.6,False,B2
28,1.25,1.0,0.8,674,54.5,-43710.0,0.861,-58871.0,0.967,13.4,999.0,400,55.0,-24414.0,0.97,274,53.6,-19296.0,0.964,53.6,False,B2
28,1.25,1.25,1.0,674,49.3,-44980.0,0.871,-58664.0,0.945,13.4,999.0,400,48.5,-33442.0,0.953,274,50.4,-11538.0,0.934,48.5,False,B2
28,1.25,1.5,1.2,674,44.1,-58780.0,0.846,-72128.0,0.929,13.4,999.0,400,44.8,-30446.0,0.94,274,43.1,-28334.0,0.912,43.1,False,B2
28,1.25,1.75,1.4,674,42.1,-41673.0,0.894,-57755.0,0.907,13.4,999.0,400,42.5,-21811.0,0.915,274,41.6,-19862.0,0.894,41.6,False,B2
28,1.25,2.0,1.6,674,40.5,-30140.0,0.926,-50577.0,0.886,13.4,999.0,400,40.5,-18648.0,0.892,274,40.5,-11491.0,0.876,40.5,False,B2
28,1.25,2.25,1.8,674,39.3,-17109.0,0.959,-46853.0,0.868,13.4,999.0,400,39.2,-12612.0,0.873,274,39.4,-4498.0,0.861,39.2,False,B2
28,1.25,2.5,2.0,674,37.8,-14632.0,0.965,-45943.0,0.843,13.4,999.0,400,37.5,-12324.0,0.843,274,38.3,-2308.0,0.843,37.5,False,B2
28,1.25,2.75,2.2,674,37.5,6912.0,1.016,-35501.0,0.829,13.4,999.0,400,37.0,-699.0,0.833,274,38.3,7612.0,0.825,37.0,False,B2
28,1.25,3.0,2.4,674,37.1,20095.0,1.047,-31045.0,0.815,13.4,999.0,400,36.5,4730.0,0.812,274,38.0,15365.0,0.818,36.5,True,B2
28,1.25,3.25,2.6,674,36.4,19288.0,1.045,-27097.0,0.794,13.4,999.0,400,36.2,12115.0,0.795,274,36.5,7174.0,0.792,36.2,True,B2
28,1.25,3.5,2.8,674,36.4,43803.0,1.101,-22016.0,0.789,13.4,999.0,400,36.2,27348.0,0.79,274,36.5,16455.0,0.788,36.2,True,B2
28,1.25,3.75,3.0,674,35.6,39988.0,1.092,-20184.0,0.769,13.4,999.0,400,35.0,17841.0,0.767,274,36.5,22147.0,0.77,35.0,True,B2
28,1.25,4.0,3.2,674,35.2,36100.0,1.082,-24675.0,0.748,13.4,999.0,400,34.5,16319.0,0.752,274,36.1,19781.0,0.741,34.5,True,B2
28,1.5,0.75,0.5,674,64.7,-44151.0,0.817,-47459.0,0.978,11.1,1001.0,400,65.8,-21563.0,0.978,274,63.1,-22588.0,0.978,63.1,False,B2
28,1.5,1.0,0.667,674,58.5,-39818.0,0.858,-48716.0,0.955,11.1,1001.0,400,59.2,-19602.0,0.958,274,57.3,-20217.0,0.953,57.3,False,B2
28,1.5,1.25,0.833,674,53.7,-37752.0,0.879,-43036.0,0.929,11.1,1001.0,400,53.2,-25172.0,0.935,274,54.4,-12580.0,0.92,53.2,False,B2
28,1.5,1.5,1.0,674,49.0,-45057.0,0.868,-52234.0,0.911,11.1,1001.0,400,49.5,-22728.0,0.922,274,48.2,-22329.0,0.894,48.2,False,B2
28,1.5,1.75,1.167,674,46.7,-34547.0,0.903,-45927.0,0.886,11.1,1001.0,400,46.8,-18325.0,0.897,274,46.7,-16222.0,0.869,46.7,False,B2
28,1.5,2.0,1.333,674,45.1,-24895.0,0.932,-37715.0,0.861,11.1,1001.0,400,44.8,-16004.0,0.87,274,45.6,-8891.0,0.847,44.8,False,B2
28,1.5,2.25,1.5,674,44.1,-11194.0,0.97,-34651.0,0.84,11.1,1001.0,400,44.0,-5626.0,0.848,274,44.2,-5569.0,0.828,44.0,False,B2
28,1.5,2.5,1.667,674,42.4,-10835.0,0.972,-35617.0,0.812,11.1,1001.0,400,42.2,-3980.0,0.815,274,42.7,-6855.0,0.807,42.2,False,B2
28,1.5,2.75,1.833,674,41.5,-2542.0,0.993,-30407.0,0.795,11.1,1001.0,400,41.2,963.0,0.802,274,42.0,-3505.0,0.785,41.2,False,B2
28,1.5,3.0,2.0,674,41.1,8247.0,1.021,-23670.0,0.779,11.1,1001.0,400,40.8,5349.0,0.78,274,41.6,2899.0,0.777,40.8,True,B2
28,1.5,3.25,2.167,674,40.4,7093.0,1.018,-20937.0,0.757,11.1,1001.0,400,40.5,11754.0,0.76,274,40.1,-4661.0,0.752,40.1,False,B2
28,1.5,3.5,2.333,674,40.4,26261.0,1.066,-19771.0,0.746,11.1,1001.0,400,40.5,23092.0,0.745,274,40.1,3169.0,0.748,40.1,True,B2
28,1.5,3.75,2.5,674,39.6,20543.0,1.051,-19935.0,0.724,11.1,1001.0,400,39.2,12486.0,0.72,274,40.1,8057.0,0.73,39.2,True,B2
28,1.5,4.0,2.667,674,39.2,17117.0,1.042,-20336.0,0.702,11.1,1001.0,400,38.8,10893.0,0.705,274,39.8,6224.0,0.697,38.8,False,B2
28,1.75,0.75,0.429,674,68.1,-34613.0,0.837,-36620.0,0.964,9.6,1002.0,400,69.5,-14177.0,0.963,274,66.1,-20435.0,0.967,66.1,False,B2
28,1.75,1.0,0.571,674,61.9,-32650.0,0.87,-42622.0,0.936,9.6,1002.0,400,63.2,-11193.0,0.938,274,59.9,-21457.0,0.934,59.9,False,B2
28,1.75,1.25,0.714,674,57.3,-29900.0,0.893,-36170.0,0.905,9.6,1002.0,400,57.5,-14691.0,0.907,274,56.9,-15209.0,0.901,56.9,False,B2
28,1.75,1.5,0.857,674,52.4,-39645.0,0.872,-45288.0,0.884,9.6,1002.0,400,53.8,-12882.0,0.89,274,50.4,-26763.0,0.876,50.4,False,B2
28,1.75,1.75,1.0,674,50.1,-30368.0,0.906,-41019.0,0.858,9.6,1002.0,400,51.0,-8895.0,0.863,274,48.9,-21474.0,0.85,48.9,False,B2
28,1.75,2.0,1.143,674,48.7,-19804.0,0.94,-34827.0,0.829,9.6,1002.0,400,49.2,-4760.0,0.83,274,47.8,-15044.0,0.828,47.8,False,B2
28,1.75,2.25,1.286,674,47.6,-7077.0,0.979,-34206.0,0.807,9.6,1002.0,400,48.5,5351.0,0.807,274,46.4,-12428.0,0.807,46.4,False,B2
28,1.75,2.5,1.429,674,46.0,-5703.0,0.984,-35217.0,0.777,9.6,1002.0,400,46.8,7438.0,0.772,274,44.9,-13141.0,0.785,44.9,False,B2
28,1.75,2.75,1.571,674,45.1,1448.0,1.004,-30120.0,0.758,9.6,1002.0,400,45.8,11576.0,0.755,274,44.2,-10128.0,0.763,44.2,False,B2
28,1.75,3.0,1.714,674,44.7,11353.0,1.032,-23442.0,0.739,9.6,1002.0,400,45.2,15783.0,0.73,274,43.8,-4430.0,0.752,43.8,False,B2
28,1.75,3.25,1.857,674,43.9,11472.0,1.032,-19960.0,0.717,9.6,1002.0,400,45.0,22164.0,0.71,274,42.3,-10691.0,0.726,42.3,False,B2
28,1.75,3.5,2.0,674,43.9,26130.0,1.072,-18094.0,0.702,9.6,1002.0,400,45.0,30676.0,0.69,274,42.3,-4546.0,0.719,42.3,False,B2
28,1.75,3.75,2.143,674,43.0,16340.0,1.045,-17098.0,0.677,9.6,1002.0,400,43.5,18630.0,0.662,274,42.3,-2290.0,0.697,42.3,False,B2
28,1.75,4.0,2.286,674,42.6,13536.0,1.037,-18698.0,0.654,9.6,1002.0,400,43.0,17523.0,0.647,274,42.0,-3987.0,0.664,42.0,False,B2
28,2.0,0.75,0.375,674,70.3,-31769.0,0.835,-34235.0,0.953,8.4,999.0,400,71.8,-12142.0,0.95,274,68.2,-19627.0,0.956,68.2,False,B2
28,2.0,1.0,0.5,674,64.1,-30337.0,0.866,-39192.0,0.921,8.4,999.0,400,65.5,-9274.0,0.922,274,62.0,-21063.0,0.92,62.0,False,B2
28,2.0,1.25,0.625,674,60.1,-21982.0,0.912,-28179.0,0.889,8.4,999.0,400,60.0,-11443.0,0.89,274,60.2,-10539.0,0.887,60.0,False,B2
28,2.0,1.5,0.75,674,55.3,-28443.0,0.897,-37162.0,0.862,8.4,999.0,400,56.5,-7435.0,0.863,274,53.6,-21008.0,0.861,53.6,False,B2
28,2.0,1.75,0.875,674,53.1,-18754.0,0.935,-31556.0,0.832,8.4,999.0,400,53.8,-3677.0,0.835,274,52.2,-15077.0,0.828,52.2,False,B2
28,2.0,2.0,1.0,674,50.7,-19517.0,0.936,-36776.0,0.801,8.4,999.0,400,51.7,-2070.0,0.8,274,49.3,-17446.0,0.803,49.3,False,B2
28,2.0,2.25,1.125,674,49.4,-11189.0,0.964,-36674.0,0.777,8.4,999.0,400,50.5,3949.0,0.775,274,47.8,-15138.0,0.781,47.8,False,B2
28,2.0,2.5,1.25,674,47.8,-9892.0,0.969,-37372.0,0.745,8.4,999.0,400,48.8,5978.0,0.738,274,46.4,-15870.0,0.755,46.4,False,B2
28,2.0,2.75,1.375,674,46.9,-3313.0,0.99,-32808.0,0.724,8.4,999.0,400,47.8,9503.0,0.718,274,45.6,-12815.0,0.734,45.6,False,B2
28,2.0,3.0,1.5,674,46.4,5689.0,1.017,-26908.0,0.703,8.4,999.0,400,47.2,13347.0,0.693,274,45.3,-7658.0,0.719,45.3,False,B2
28,2.0,3.25,1.625,674,45.7,5542.0,1.017,-24411.0,0.681,8.4,999.0,400,47.0,19253.0,0.672,274,43.8,-13712.0,0.693,43.8,False,B2
28,2.0,3.5,1.75,674,45.7,19414.0,1.058,-18093.0,0.666,8.4,999.0,400,47.0,27414.0,0.652,274,43.8,-8000.0,0.686,43.8,False,B2
28,2.0,3.75,1.875,674,44.8,11960.0,1.035,-17454.0,0.641,8.4,999.0,400,45.5,17550.0,0.625,274,43.8,-5590.0,0.664,43.8,False,B2
28,2.0,4.0,2.0,674,44.4,10101.0,1.029,-18232.0,0.619,8.4,999.0,400,45.0,16903.0,0.61,274,43.4,-6802.0,0.631,43.4,False,B2
28,2.25,0.75,0.333,674,72.7,-19167.0,0.885,-25830.0,0.938,7.4,1000.0,400,73.5,-10206.0,0.94,274,71.5,-8961.0,0.934,71.5,False,B2
28,2.25,1.0,0.444,674,66.5,-19651.0,0.902,-29667.0,0.901,7.4,1000.0,400,67.2,-9348.0,0.907,274,65.3,-10304.0,0.891,65.3,False,B2
28,2.25,1.25,0.556,674,62.3,-13887.0,0.938,-22045.0,0.866,7.4,1000.0,400,61.8,-11540.0,0.873,274,63.1,-2346.0,0.858,61.8,False,B2
28,2.25,1.5,0.667,674,57.6,-20505.0,0.918,-33639.0,0.837,7.4,1000.0,400,58.5,-7239.0,0.845,274,56.2,-13266.0,0.825,56.2,False,B2
28,2.25,1.75,0.778,674,55.5,-9961.0,0.962,-28288.0,0.807,7.4,1000.0,400,56.0,-2487.0,0.818,274,54.7,-7474.0,0.792,54.7,False,B2
28,2.25,2.0,0.889,674,53.4,-7639.0,0.972,-29584.0,0.774,7.4,1000.0,400,54.2,726.0,0.78,274,52.2,-8365.0,0.766,52.2,False,B2
28,2.25,2.25,1.0,674,52.2,2371.0,1.008,-28308.0,0.746,7.4,1000.0,400,53.0,7020.0,0.75,274,51.1,-4648.0,0.741,51.1,False,B2
28,2.25,2.5,1.111,674,50.6,3734.0,1.013,-29230.0,0.712,7.4,1000.0,400,51.2,8869.0,0.71,274,49.6,-5135.0,0.715,49.6,False,B2
28,2.25,2.75,1.222,674,49.7,9291.0,1.032,-24976.0,0.687,7.4,1000.0,400,50.2,11444.0,0.688,274,48.9,-2153.0,0.686,48.9,False,B2
28,2.25,3.0,1.333,674,49.3,17464.0,1.059,-19500.0,0.665,7.4,1000.0,400,49.8,14805.0,0.66,274,48.5,2660.0,0.672,48.5,False,B2
28,2.25,3.25,1.444,674,48.5,16894.0,1.056,-19055.0,0.641,7.4,1000.0,400,49.5,20278.0,0.64,274,47.1,-3383.0,0.642,47.1,False,B2
28,2.25,3.5,1.556,674,48.5,30138.0,1.099,-15593.0,0.626,7.4,1000.0,400,49.5,28010.0,0.62,274,47.1,2128.0,0.635,47.1,False,B2
28,2.25,3.75,1.667,674,47.5,19971.0,1.065,-14445.0,0.598,7.4,1000.0,400,47.8,15371.0,0.588,274,47.1,4600.0,0.613,47.1,False,B2
28,2.25,4.0,1.778,674,46.9,16513.0,1.053,-14922.0,0.571,7.4,1000.0,400,47.2,15880.0,0.568,274,46.4,632.0,0.577,46.4,False,B2
28,2.5,0.75,0.3,674,74.3,-13238.0,0.911,-19492.0,0.924,6.7,998.0,400,75.0,-8550.0,0.932,274,73.4,-4687.0,0.912,73.4,False,B2
28,2.5,1.0,0.4,674,68.1,-13607.0,0.924,-24151.0,0.884,6.7,998.0,400,68.8,-7637.0,0.895,274,67.2,-5971.0,0.869,67.2,False,B2
28,2.5,1.25,0.5,674,64.2,-5555.0,0.972,-17515.0,0.846,6.7,998.0,400,63.7,-7675.0,0.858,274,65.0,2120.0,0.828,63.7,False,B2
28,2.5,1.5,0.6,674,59.6,-9742.0,0.956,-24683.0,0.815,6.7,998.0,400,60.8,-1707.0,0.83,274,58.0,-8035.0,0.792,58.0,False,B2
28,2.5,1.75,0.7,674,57.9,3200.0,1.014,-19981.0,0.785,6.7,998.0,400,58.5,4506.0,0.802,274,56.9,-1306.0,0.759,56.9,False,B2
28,2.5,2.0,0.8,674,55.8,4058.0,1.017,-21316.0,0.748,6.7,998.0,400,56.8,6430.0,0.757,274,54.4,-2372.0,0.734,54.4,False,B2
28,2.5,2.25,0.9,674,54.6,13607.0,1.054,-20239.0,0.718,6.7,998.0,400,55.5,12599.0,0.725,274,53.3,1008.0,0.708,53.3,True,B2
28,2.5,2.5,1.0,674,53.1,16263.0,1.063,-19307.0,0.68,6.7,998.0,400,53.8,13822.0,0.68,274,52.2,2440.0,0.679,52.2,False,B2
28,2.5,2.75,1.1,674,52.2,22696.0,1.086,-15053.0,0.654,6.7,998.0,400,52.8,17125.0,0.657,274,51.5,5571.0,0.65,51.5,False,B2
28,2.5,3.0,1.2,674,51.8,30290.0,1.114,-13653.0,0.631,6.7,998.0,400,52.2,19942.0,0.627,274,51.1,10348.0,0.635,51.1,False,B2
28,2.5,3.25,1.3,674,51.0,29623.0,1.109,-13043.0,0.607,6.7,998.0,400,52.0,25328.0,0.608,274,49.6,4295.0,0.606,49.6,False,B2
28,2.5,3.5,1.4,674,51.0,42162.0,1.155,-12433.0,0.591,6.7,998.0,400,52.0,32736.0,0.588,274,49.6,9425.0,0.595,49.6,False,B2
28,2.5,3.75,1.5,674,50.0,33334.0,1.12,-11823.0,0.559,6.7,998.0,400,50.2,21479.0,0.552,274,49.6,11855.0,0.569,49.6,False,B2
28,2.5,4.0,1.6,674,49.4,31148.0,1.112,-12526.0,0.533,6.7,998.0,400,49.8,22354.0,0.532,274,48.9,8793.0,0.533,48.9,False,B2
28,2.75,0.75,0.273,674,75.4,-15044.0,0.893,-18501.0,0.917,6.1,1002.0,400,75.8,-12130.0,0.927,274,74.8,-2914.0,0.901,74.8,False,B2
28,2.75,1.0,0.364,674,69.1,-15854.0,0.907,-23409.0,0.872,6.1,1002.0,400,69.5,-10880.0,0.885,274,68.6,-4974.0,0.854,68.6,False,B2
28,2.75,1.25,0.455,674,65.1,-9716.0,0.949,-17894.0,0.831,6.1,1002.0,400,64.5,-11370.0,0.848,274,66.1,1654.0,0.807,64.5,False,B2
28,2.75,1.5,0.545,674,60.7,-14253.0,0.933,-24639.0,0.798,6.1,1002.0,400,61.5,-6772.0,0.82,274,59.5,-7481.0,0.766,59.5,False,B2
28,2.75,1.75,0.636,674,58.9,-1786.0,0.992,-19407.0,0.767,6.1,1002.0,400,59.2,-1554.0,0.792,274,58.4,-233.0,0.73,58.4,False,B2
28,2.75,2.0,0.727,674,56.7,-2126.0,0.991,-21194.0,0.727,6.1,1002.0,400,57.5,762.0,0.745,274,55.5,-2888.0,0.701,55.5,False,B2
28,2.75,2.25,0.818,674,55.5,6976.0,1.029,-19175.0,0.697,6.1,1002.0,400,56.2,6500.0,0.713,274,54.4,476.0,0.675,54.4,False,B2
28,2.75,2.5,0.909,674,54.0,9425.0,1.038,-18670.0,0.657,6.1,1002.0,400,54.5,8027.0,0.665,274,53.3,1397.0,0.646,53.3,False,B2
28,2.75,2.75,1.0,674,53.1,14872.0,1.059,-15241.0,0.631,6.1,1002.0,400,53.5,10642.0,0.64,274,52.6,4230.0,0.617,52.6,False,B2
28,2.75,3.0,1.091,674,52.7,21568.0,1.085,-13998.0,0.607,6.1,1002.0,400,53.0,13036.0,0.61,274,52.2,8532.0,0.602,52.2,False,B2
28,2.75,3.25,1.182,674,51.9,21418.0,1.083,-13447.0,0.583,6.1,1002.0,400,52.8,18182.0,0.59,274,50.7,3237.0,0.573,50.7,False,B2
28,2.75,3.5,1.273,674,51.9,33022.0,1.128,-12895.0,0.567,6.1,1002.0,400,52.8,24957.0,0.57,274,50.7,8064.0,0.562,50.7,False,B2
28,2.75,3.75,1.364,674,50.9,24936.0,1.095,-12344.0,0.534,6.1,1002.0,400,51.0,14762.0,0.532,274,50.7,10174.0,0.536,50.7,False,B2
28,2.75,4.0,1.455,674,50.3,22631.0,1.085,-12307.0,0.507,6.1,1002.0,400,50.5,15624.0,0.512,274,50.0,7007.0,0.5,50.0,False,B2
28,3.0,0.75,0.25,674,76.6,-6721.0,0.946,-11087.0,0.907,5.6,1002.0,400,77.0,-6404.0,0.92,274,75.9,-317.0,0.887,75.9,False,B2
28,3.0,1.0,0.333,674,70.3,-7890.0,0.948,-16559.0,0.859,5.6,1002.0,400,70.8,-5460.0,0.873,274,69.7,-2431.0,0.839,69.7,False,B2
28,3.0,1.25,0.417,674,66.3,-1611.0,0.991,-13049.0,0.81,5.6,1002.0,400,66.0,-4129.0,0.828,274,66.8,2518.0,0.785,66.0,False,B2
28,3.0,1.5,0.5,674,62.2,-3266.0,0.983,-19432.0,0.776,5.6,1002.0,400,63.2,1735.0,0.797,274,60.6,-5002.0,0.745,60.6,False,B2
28,3.0,1.75,0.583,674,60.4,8036.0,1.041,-16492.0,0.743,5.6,1002.0,400,61.0,6373.0,0.767,274,59.5,1663.0,0.708,59.5,True,B2
28,3.0,2.0,0.667,674,58.2,7737.0,1.037,-19627.0,0.703,5.6,1002.0,400,59.2,8860.0,0.72,274,56.6,-1123.0,0.679,56.6,False,B2
28,3.0,2.25,0.75,674,56.8,15025.0,1.069,-18159.0,0.672,5.6,1002.0,400,57.8,13465.0,0.685,274,55.5,1560.0,0.653,55.5,False,B2
28,3.0,2.5,0.833,674,55.2,16239.0,1.072,-19178.0,0.632,5.6,1002.0,400,55.8,13167.0,0.637,274,54.4,3072.0,0.624,54.4,False,B2
28,3.0,2.75,0.917,674,54.3,21610.0,1.095,-15196.0,0.604,5.6,1002.0,400,54.8,15748.0,0.61,274,53.6,5862.0,0.595,53.6,False,B2
28,3.0,3.0,1.0,674,53.9,28333.0,1.122,-12554.0,0.58,5.6,1002.0,400,54.2,18350.0,0.58,274,53.3,9983.0,0.58,53.3,False,B2
28,3.0,3.25,1.083,674,53.1,27990.0,1.118,-11941.0,0.553,5.6,1002.0,400,54.0,23001.0,0.56,274,51.8,4989.0,0.544,51.8,False,B2
28,3.0,3.5,1.167,674,53.1,39237.0,1.166,-10895.0,0.537,5.6,1002.0,400,54.0,29659.0,0.54,274,51.8,9578.0,0.533,51.8,False,B2
28,3.0,3.75,1.25,674,52.1,32000.0,1.133,-10730.0,0.504,5.6,1002.0,400,52.2,20183.0,0.502,274,51.8,11817.0,0.507,51.8,False,B2
28,3.0,4.0,1.333,674,51.5,30048.0,1.124,-10193.0,0.478,5.6,1002.0,400,51.7,21289.0,0.482,274,51.1,8759.0,0.471,51.1,False,B2
