bm,norm,zlook,ema,hz,sl,tp,is_t,is_pf,is_wr,is_pnl,is_mdd,oos_t,oos_pf,oos_wr,oos_pnl,oos_mdd,tot_t,tot_pf,tot_wr,tot_pnl,tot_mdd,robust_pf
20,225,75,40,1.95,3.0,0.75,1258,1.23499921842407,74.88076311605724,107903.96726182301,-18847.219812786097,405,1.253770620972466,75.30864197530865,49442.53585341103,-20074.40327053162,1663,1.240591371753316,74.98496692723992,157346.50311523405,-20074.403270531606,1.23499921842407
20,225,75,40,1.9,3.0,0.75,1288,1.234797645548491,74.76708074534162,109919.92031672769,-18222.47537288069,413,1.250690824519673,75.30266343825666,49722.49934140658,-19647.110017540545,1701,1.2395273287852486,74.89711934156378,159642.41965813428,-19647.110017540588,1.234797645548491
20,225,75,40,1.85,3.0,0.75,1304,1.2315527183918646,74.76993865030674,109703.78616670638,-17667.17373831423,421,1.2657756460451666,75.53444180522565,53065.00878994586,-19222.114239097864,1725,1.241699170965075,74.95652173913044,162768.79495665221,-19222.11423909788,1.2315527183918646
20,225,75,40,1.8,3.0,0.75,1329,1.2266069174658285,74.86832204665161,109943.34335280236,-17048.961234496746,429,1.2971859829460741,75.75757575757575,59450.842013165384,-19222.114239097864,1758,1.2472121181707663,75.08532423208192,169394.18536596774,-19222.11423909785,1.2266069174658285
20,225,75,40,2.0,3.0,0.75,1241,1.2215742611932596,74.85898468976632,101511.41854480343,-18037.219812786097,398,1.2503060646151152,75.62814070351759,48717.469585694635,-18054.40327053162,1639,1.2301410256924346,75.045759609518,150228.88813049806,-18054.40327053162,1.2215742611932596
20,225,75,40,1.85,3.0,1.0,1237,1.2246936178290107,70.33144704931286,121368.77024975583,-18150.299488266828,403,1.221114203009818,70.96774193548387,53025.375873445955,-19807.610356189543,1640,1.2235930784166225,70.48780487804878,174394.1461232018,-20074.90272733303,1.221114203009818
20,225,100,40,2.0,3.0,0.75,1138,1.2140275308339112,76.01054481546574,91590.9745303163,-15576.179728313364,384,1.2577868559256788,76.5625,48279.61887413578,-19810.911515693733,1522,1.2273486150546498,76.14980289093299,139870.59340445208,-19810.911515693733,1.2140275308339112
20,225,75,40,2.0,2.5,1.0,1205,1.2097392040990924,68.79668049792531,110057.984558797,-16694.19768053478,388,1.239353194239242,69.84536082474227,55309.28316654863,-19635.577110972226,1593,1.218793193594486,69.05210295040804,165367.26772534562,-21467.64462330997,1.2097392040990924
20,225,100,40,2.0,3.0,1.0,1078,1.2089655519399534,71.61410018552876,102425.76018310396,-20586.51267525529,367,1.2234757654552353,72.20708446866485,50358.92696813142,-20198.905698809758,1445,1.2135354874211295,71.76470588235294,152784.68715123538,-20586.51267525529,1.2089655519399534
20,250,75,40,1.8,3.0,0.75,1346,1.209289621200793,74.962852897474,104469.09403586728,-17548.882528637732,424,1.2089098352684295,74.52830188679245,43849.088187158704,-20514.156978734536,1770,1.209177196821385,74.85875706214689,148318.18222302597,-20514.156978734536,1.2089098352684295
20,250,100,40,2.0,3.0,0.75,1141,1.2195345244908395,76.33654688869413,93761.56983715686,-14827.46567808601,389,1.2077938489190758,75.32133676092545,40461.84912496188,-26610.233836934785,1530,1.2158579291247449,76.07843137254902,134223.41896211874,-26610.233836934785,1.2077938489190758
20,225,75,40,1.75,3.0,0.75,1350,1.2064145638288586,74.66666666666667,103001.33042481604,-17668.771164093967,436,1.2636661279437824,75.45871559633028,54859.32250679427,-20289.493855469264,1786,1.2232616035373323,74.86002239641657,157860.65293161033,-20289.49385546925,1.2064145638288586
20,225,75,60,1.8,3.0,0.75,1329,1.2222900867869464,74.94356659142213,108879.70756606672,-18263.46579506174,429,1.2061278482540727,74.82517482517483,43578.273524901524,-17950.69336472021,1758,1.21741728477104,74.91467576791808,152457.98109096824,-18263.46579506174,1.2061278482540727
20,250,75,40,1.9,3.0,0.75,1299,1.2034458089371882,74.98075442648191,98705.49167906048,-16071.15715375261,412,1.2190388877979734,74.75728155339806,44199.661817365195,-20636.450231725612,1711,1.2080261696180816,74.92694330800701,142905.15349642566,-20636.450231725612,1.2034458089371882
20,225,75,40,1.9,3.0,1.0,1222,1.2307723012933471,70.45826513911621,123036.29431893135,-19266.1178357288,395,1.202582277125009,70.63291139240506,48314.03130359053,-20374.271394113166,1617,1.2220596179482541,70.50092764378479,171350.32562252186,-21239.974489920205,1.202582277125009
20,225,75,40,1.95,2.5,1.0,1220,1.2022636653355792,68.52459016393442,107572.20149084245,-17084.155489239856,394,1.2450803298948632,69.79695431472081,56549.371523503796,-19635.577110972226,1614,1.21521895115062,68.83519206939282,164121.57301434624,-21857.602432015046,1.2022636653355792
20,225,75,40,1.95,3.0,1.0,1197,1.2375270246988195,70.67669172932331,124060.63854241435,-19702.515201568604,388,1.2019260309977189,70.61855670103093,47448.69747044657,-21006.350894648203,1585,1.2264802213858887,70.66246056782335,171509.33601286093,-21006.35089464826,1.2019260309977189
20,225,75,60,1.95,3.0,0.75,1260,1.2236115399223448,74.76190476190476,104128.5490712354,-21532.80587473866,406,1.2011710934439914,74.63054187192118,40658.29817522732,-19277.042021555244,1666,1.216819740944266,74.72989195678271,144786.8472464627,-21532.80587473866,1.2011710934439914
20,225,75,40,1.8,3.0,1.0,1262,1.200768880795045,70.12678288431061,112476.14519251537,-20172.60430248265,411,1.256742138939942,71.28953771289538,61668.15350440549,-19807.610356189543,1673,1.2175656370177845,70.412432755529,174144.29869692086,-20172.60430248265,1.200768880795045
20,225,75,40,1.7,3.0,0.75,1381,1.1999899155564457,74.72845763939175,102210.30517356511,-19589.67696797903,447,1.2275627386652161,75.6152125279642,49551.60714078054,-19364.701266893462,1828,1.2082277615355075,74.945295404814,151761.91231434565,-19589.67696797903,1.1999899155564457
20,275,100,40,2.0,3.0,0.75,1146,1.2156744748782862,76.52705061082024,92914.2742295951,-15565.275952769261,386,1.1988992279546529,75.38860103626943,39480.1430288799,-26610.374328990292,1532,1.2103832522655091,76.2402088772846,132394.417258475,-26610.374328990292,1.1988992279546529
20,225,75,40,1.9,2.5,1.0,1245,1.1988469568825828,68.35341365461848,107686.02891250972,-15931.747810779925,401,1.258255734354171,70.07481296758105,59979.674566188405,-19635.577110972226,1646,1.216677936457144,68.77278250303766,167665.70347869812,-21747.978974086436,1.1988469568825828
20,225,75,60,2.0,3.0,0.75,1243,1.2071613449911471,74.73853580048271,96515.52207675413,-20722.80587473866,399,1.1977792918978671,74.93734335839599,39933.231907510926,-17257.042021555244,1642,1.2043247139288125,74.78684531059683,136448.75398426506,-20722.80587473866,1.1977792918978671
20,250,75,40,1.85,3.0,0.75,1329,1.197769808821837,74.79307750188111,98276.8109164785,-15282.728117821716,416,1.2158904697095572,74.51923076923077,43976.43024893485,-20941.450231725612,1745,1.2030381764011775,74.72779369627507,142253.24116541335,-20941.450231725612,1.197769808821837
20,250,75,40,1.75,3.0,0.75,1365,1.1972107549614164,74.7985347985348,100089.22401147804,-16926.705601862886,439,1.2116208110506803,74.71526195899773,45444.11209025864,-23232.911899382016,1804,1.201495125039114,74.77827050997783,145533.3361017367,-23232.911899382016,1.1972107549614164
20,250,75,40,1.95,3.0,0.75,1273,1.198373668379906,75.01963864886096,94542.91461431913,-17375.866899007488,404,1.1971776093636208,74.75247524752476,39939.421776670715,-20848.667641015272,1677,1.1980169430964531,74.95527728085868,134482.33639098983,-20848.667641015272,1.1971776093636208
20,225,75,40,2.0,3.0,1.0,1182,1.2470498389159328,70.98138747884941,127134.14084201875,-19777.48322429885,382,1.196364498029733,70.68062827225131,46208.6091134914,-19046.810899783304,1564,1.2311452794989415,70.9079283887468,173342.74995551014,-20226.874647008153,1.196364498029733
20,250,100,40,1.95,3.0,0.75,1158,1.2092444681679622,76.3385146804836,91233.23931910013,-14573.530720919844,399,1.196259570293419,75.18796992481202,39337.743899731504,-28263.479121403143,1557,1.2051551316250355,76.04367373153501,130570.98321883165,-28263.479121403143,1.196259570293419
20,300,175,80,1.5,3.0,0.75,1119,1.1960305403123626,76.05004468275246,84505.36396235257,-14688.457997330115,363,1.2073158928001486,77.13498622589532,36703.940384938614,-21790.97669011666,1482,1.1993160406465153,76.3157894736842,121209.30434729118,-21790.97669011666,1.1960305403123626
20,225,100,40,1.95,3.0,0.75,1158,1.1950707177675772,76.07944732297064,86008.12138730168,-20537.296793131565,394,1.2182095421403907,76.14213197969544,42751.05302205571,-25180.394376674958,1552,1.2021893143941251,76.09536082474227,128759.17440935741,-25180.394376674958,1.1950707177675772
20,200,75,40,2.0,3.0,0.75,1257,1.194766695251165,74.78122513922037,91687.6063045245,-20904.389521367957,392,1.2188346343063097,74.74489795918367,42280.334822469085,-20504.24710184394,1649,1.2017702330342792,74.7725894481504,133967.94112699357,-20904.389521367957,1.194766695251165
20,225,75,40,1.85,2.5,1.0,1261,1.194671578200118,68.2791435368755,106778.06161728113,-15446.22047070181,409,1.278144120253631,70.4156479217604,64905.85178861205,-19245.01137379564,1670,1.219584824926263,68.80239520958084,171683.9134058932,-20582.90721149926,1.194671578200118
20,225,100,40,1.8,3.0,0.75,1213,1.1943379651700647,75.92745259686727,89337.11983403933,-20900.10567835583,411,1.196529444734842,75.4257907542579,40758.366797658164,-25909.585615776305,1624,1.1950192706300575,75.80049261083744,130095.4866316975,-25909.585615776305,1.1943379651700647
20,250,75,40,1.7,3.0,0.75,1391,1.1931851356678627,74.91013659237959,100024.74482257028,-19589.67696797903,451,1.2121532378117905,74.94456762749445,46669.37858808444,-25033.154237016934,1842,1.1988410063340758,74.9185667752443,146694.12341065472,-25033.154237016934,1.1931851356678627
20,150,125,20,2.0,3.0,0.75,1141,1.1931498691425917,75.98597721297108,83446.73007996455,-19453.127713425216,356,1.2188422157139913,74.15730337078652,38211.87305943953,-13680.002726345047,1497,1.200544896475648,75.55110220440882,121658.60313940408,-19453.127713425216,1.1931498691425917
20,225,75,40,1.75,3.0,1.0,1280,1.1914064261356088,70.0,109295.39518120163,-19815.509158616114,417,1.2256722467463088,70.9832134292566,56014.69152211743,-19223.93202932246,1697,1.2017884464911668,70.24160282852093,165310.08670331907,-19815.509158616114,1.1914064261356088
20,175,125,20,1.9,3.0,0.75,1183,1.1948575029825104,76.24683009298394,87478.41848484713,-16665.341849308315,384,1.1904211935832563,75.52083333333333,36582.21008386674,-16004.902578521942,1567,1.1935280091241571,76.06892150606254,124060.62856871387,-16665.341849308315,1.1904211935832563
20,175,100,20,2.0,3.0,0.75,1140,1.1899904687216198,76.57894736842105,82181.56334648619,-20157.968684293475,390,1.2905314790854034,75.8974358974359,52943.27594905153,-20740.36843052956,1530,1.2197919183356654,76.40522875816994,135124.83929553773,-20740.36843052956,1.1899904687216198
20,175,100,20,1.9,3.0,0.75,1179,1.1895460017633142,76.42069550466498,84582.74550485719,-16815.91367332934,411,1.2773513361435604,75.91240875912409,53670.52828726235,-20625.135802167788,1590,1.2161052935287762,76.28930817610063,138253.27379211952,-20625.135802167788,1.1895460017633142
20,150,75,40,1.95,3.0,0.75,1287,1.1892297905660738,74.43667443667444,91092.72283382183,-18279.115775302234,406,1.1924842019802582,74.8768472906404,39134.62420901444,-23132.94016628177,1693,1.1901961485887138,74.54223272297696,130227.34704283626,-23132.94016628177,1.1892297905660738
20,175,75,20,2.0,3.0,1.0,1206,1.1911880960586805,70.56384742951907,103060.12221992401,-24056.10659117927,381,1.1891254314107578,70.07874015748031,44283.12697042624,-21019.95928235905,1587,1.1905634609901214,70.4473850031506,147343.24919035024,-30898.03767829915,1.1891254314107578
20,200,75,40,1.95,3.0,0.75,1280,1.1885815366075505,74.609375,90709.01000834405,-20904.389521367957,400,1.2360928317579154,75.0,45792.98565098361,-20371.263874307042,1680,1.2022345791300149,74.70238095238095,136501.99565932766,-20904.389521367957,1.1885815366075505
20,275,100,60,2.0,2.5,0.75,1170,1.1883210378698914,74.87179487179488,83499.40692295982,-20923.77522376173,391,1.2027145879481602,74.93606138107417,40312.047826534326,-14334.979337738841,1561,1.1927777424216561,74.88789237668162,123811.45474949415,-20923.77522376173,1.1883210378698914
20,175,100,40,1.95,3.0,0.75,1164,1.2267855603200446,76.63230240549828,98086.88851342333,-14325.306011833127,398,1.1882093170976593,75.37688442211055,37183.74252558329,-19721.537212515614,1562,1.2146896250782382,76.3124199743918,135270.63103900664,-19721.537212515614,1.1882093170976593
20,175,100,20,1.95,3.0,0.75,1162,1.1879812960380787,76.50602409638554,83028.337214001,-16815.91367332934,400,1.29748760837412,75.75,55199.44834822469,-20240.273219891096,1562,1.220375994873254,76.3124199743918,138227.78556222568,-20240.273219891096,1.1879812960380787
20,250,75,40,2.0,3.0,0.75,1259,1.1879080863045004,74.90071485305798,89011.411869162,-18077.731749762897,399,1.2126257915440977,74.93734335839599,42090.03240164653,-22017.72726641655,1658,1.1951930665175856,74.90952955367914,131101.44427080854,-22017.72726641655,1.1879080863045004
20,175,75,20,1.65,3.0,0.75,1442,1.186921768526563,75.10402219140083,100211.36179119447,-22929.05917669028,460,1.262635375234623,75.21739130434783,56436.619965351274,-21090.968234771353,1902,1.2085859316919727,75.13144058885383,156647.98175654575,-22929.05917669028,1.186921768526563
20,275,100,40,1.95,3.0,0.75,1168,1.1864635090254583,75.9417808219178,83222.754285851,-15565.275952769261,398,1.1883631114086273,74.87437185929649,38309.89121872546,-26441.878013657624,1566,1.1870581590940485,75.67049808429118,121532.64550457647,-26441.878013657624,1.1864635090254583
20,275,100,60,2.0,2.5,1.0,1114,1.1863524167075805,70.19748653500898,94316.08039567152,-15714.010966834649,370,1.2173638492019376,70.8108108108108,49680.104885111796,-13852.44523268033,1484,1.1960000832546402,70.35040431266846,143996.18528078333,-15714.010966834649,1.1863524167075805
20,250,75,60,1.9,3.0,0.75,1300,1.2012803882589285,75.07692307692308,98349.88575271997,-18638.21933316547,413,1.1859095277750236,74.57627118644068,38478.427184944376,-20356.642497818902,1713,1.1967067981310575,74.95621716287215,136828.31293766433,-20356.642497818902,1.1859095277750236
