date,entry_time,exit_time,direction,prior_gamma_sign,entry_price,exit_price,qty,bars_held,pnl_pts,pnl_$,reason
2020-12-08,2020-12-08 10:00:00-05:00,2020-12-08 13:30:00-05:00,SHORT,-1,12551.75,12610.83599878839,1,7,-59.0859987883905,-1181.71997576781,SL
2020-12-10,2020-12-10 10:00:00-05:00,2020-12-10 14:30:00-05:00,SHORT,-1,12373.5,12371.25,2,9,2.25,90.0,FC
2020-12-11,2020-12-11 10:00:00-05:00,2020-12-11 14:30:00-05:00,SHORT,-1,12314.5,12335.75,1,9,-21.25,-425.0,FC
2020-12-22,2020-12-22 10:00:00-05:00,2020-12-22 11:30:00-05:00,LONG,1,12749.25,12678.152555092725,2,3,-71.09744490727462,-2843.897796290985,SL
2020-12-23,2020-12-23 10:00:00-05:00,2020-12-23 14:30:00-05:00,SHORT,-1,12689.5,12710.75,1,9,-21.25,-425.0,FC
2020-12-30,2020-12-30 10:00:00-05:00,2020-12-30 14:30:00-05:00,SHORT,-1,12865.25,12855.75,2,9,9.5,380.0,FC
2020-12-31,2020-12-31 10:00:00-05:00,2020-12-31 14:30:00-05:00,SHORT,-1,12833.0,12830.75,1,9,2.25,45.0,FC
2021-01-04,2021-01-04 10:00:00-05:00,2021-01-04 14:30:00-05:00,SHORT,-1,12879.75,12646.5,1,9,233.25,4665.0,FC
2021-01-11,2021-01-11 10:00:00-05:00,2021-01-11 14:30:00-05:00,SHORT,-1,12958.75,12917.0,1,9,41.75,835.0,FC
2021-01-12,2021-01-12 10:00:00-05:00,2021-01-12 14:30:00-05:00,SHORT,-1,12890.5,12878.75,1,9,11.75,235.0,FC
2021-01-15,2021-01-15 10:00:00-05:00,2021-01-15 14:30:00-05:00,SHORT,-1,12901.0,12847.0,1,9,54.0,1080.0,FC
2021-01-29,2021-01-29 10:00:00-05:00,2021-01-29 14:30:00-05:00,SHORT,-1,13082.75,12930.75,1,9,152.0,3040.0,FC
2021-02-05,2021-02-05 10:00:00-05:00,2021-02-05 12:30:00-05:00,SHORT,-1,13538.75,13604.402816537457,1,5,-65.6528165374566,-1313.056330749132,SL
2021-02-12,2021-02-12 10:00:00-05:00,2021-02-12 12:00:00-05:00,SHORT,-1,13693.75,13749.382378632068,2,4,-55.63237863206814,-2225.2951452827256,SL
2021-02-18,2021-02-18 10:00:00-05:00,2021-02-18 14:30:00-05:00,SHORT,-1,13567.5,13614.25,1,9,-46.75,-935.0,FC
2021-02-22,2021-02-22 10:00:00-05:00,2021-02-22 14:30:00-05:00,SHORT,-1,13428.0,13353.5,2,9,74.5,2980.0,FC
2021-02-23,2021-02-23 10:00:00-05:00,2021-02-23 11:00:00-05:00,SHORT,-1,12885.25,13082.066278247365,1,2,-196.8162782473646,-3936.325564947292,SL
2021-02-25,2021-02-25 10:00:00-05:00,2021-02-25 14:30:00-05:00,SHORT,-1,13219.75,13013.5,2,9,206.25,8250.0,FC
2021-02-26,2021-02-26 10:00:00-05:00,2021-02-26 14:30:00-05:00,SHORT,-1,12876.5,12950.75,1,9,-74.25,-1485.0,FC
2021-03-04,2021-03-04 10:00:00-05:00,2021-03-04 12:00:00-05:00,SHORT,-1,12589.5,12771.904086829323,2,4,-182.4040868293232,-7296.163473172928,SL
2021-03-05,2021-03-05 10:00:00-05:00,2021-03-05 14:30:00-05:00,SHORT,-1,12421.75,12592.0,1,9,-170.25,-3405.0,FC
2021-03-12,2021-03-12 10:00:00-05:00,2021-03-12 14:30:00-05:00,SHORT,-1,12880.75,12874.0,2,9,6.75,270.0,FC
2021-03-18,2021-03-18 10:00:00-04:00,2021-03-18 14:30:00-04:00,SHORT,-1,12995.25,12886.25,1,9,109.0,2180.0,FC
2021-03-19,2021-03-19 10:00:00-04:00,2021-03-19 14:30:00-04:00,SHORT,-1,12774.75,12859.0,1,9,-84.25,-1685.0,FC
2021-03-25,2021-03-25 10:00:00-04:00,2021-03-25 14:30:00-04:00,SHORT,-1,12789.0,12660.75,2,9,128.25,5130.0,FC
2021-03-29,2021-03-29 10:00:00-04:00,2021-03-29 13:30:00-04:00,SHORT,-1,12854.25,12975.17161628237,1,7,-120.92161628237045,-2418.432325647409,SL
2021-03-30,2021-03-30 10:00:00-04:00,2021-03-30 14:30:00-04:00,SHORT,-1,12831.5,12850.5,2,9,-19.0,-760.0,FC
2021-04-13,2021-04-13 10:00:00-04:00,2021-04-13 14:30:00-04:00,LONG,1,13941.5,13944.5,1,9,3.0,60.0,FC
2021-04-16,2021-04-16 10:00:00-04:00,2021-04-16 12:30:00-04:00,SHORT,-1,13963.75,14033.967159790916,1,5,-70.21715979091641,-1404.3431958183282,SL
2021-04-19,2021-04-19 10:00:00-04:00,2021-04-19 14:30:00-04:00,SHORT,-1,13995.25,13889.0,2,9,106.25,4250.0,FC
2021-04-20,2021-04-20 10:00:00-04:00,2021-04-20 14:30:00-04:00,SHORT,-1,13904.75,13769.0,1,9,135.75,2715.0,FC
2021-04-27,2021-04-27 10:00:00-04:00,2021-04-27 14:30:00-04:00,SHORT,-1,13955.5,13965.25,1,9,-9.75,-195.0,FC
2021-04-29,2021-04-29 10:00:00-04:00,2021-04-29 14:30:00-04:00,SHORT,-1,13966.75,13937.75,2,9,29.0,1160.0,FC
2021-04-30,2021-04-30 10:00:00-04:00,2021-04-30 14:30:00-04:00,SHORT,-1,13906.75,13860.5,1,9,46.25,925.0,FC
2021-05-03,2021-05-03 10:00:00-04:00,2021-05-03 10:30:00-04:00,SHORT,-1,13874.75,13936.99795507521,1,1,-62.247955075210484,-1244.9591015042097,SL
2021-05-04,2021-05-04 10:00:00-04:00,2021-05-04 14:30:00-04:00,SHORT,-1,13543.25,13452.0,2,9,91.25,3650.0,FC
2021-05-05,2021-05-05 10:00:00-04:00,2021-05-05 14:30:00-04:00,SHORT,-1,13595.5,13558.75,1,9,36.75,735.0,FC
2021-05-06,2021-05-06 10:00:00-04:00,2021-05-06 12:00:00-04:00,SHORT,-1,13427.75,13523.794864968122,1,4,-96.04486496812206,-1920.8972993624411,SL
2021-05-10,2021-05-10 10:00:00-04:00,2021-05-10 14:30:00-04:00,SHORT,-1,13536.25,13392.25,2,9,144.0,5760.0,FC
2021-05-11,2021-05-11 10:00:00-04:00,2021-05-11 14:30:00-04:00,SHORT,-1,13270.75,13373.25,1,9,-102.5,-2050.0,FC
2021-05-12,2021-05-12 10:00:00-04:00,2021-05-12 14:30:00-04:00,SHORT,-1,13157.75,13024.25,2,9,133.5,5340.0,FC
2021-05-17,2021-05-17 10:00:00-04:00,2021-05-17 14:30:00-04:00,SHORT,-1,13286.25,13229.0,1,9,57.25,1145.0,FC
2021-05-18,2021-05-18 10:00:00-04:00,2021-05-18 14:30:00-04:00,SHORT,-1,13327.25,13305.25,1,9,22.0,440.0,FC
2021-05-19,2021-05-19 10:00:00-04:00,2021-05-19 12:30:00-04:00,SHORT,-1,13043.75,13170.120787233489,1,5,-126.37078723348895,-2527.415744669779,SL
2021-05-26,2021-05-26 10:00:00-04:00,2021-05-26 14:30:00-04:00,SHORT,-1,13671.0,13704.25,2,9,-33.25,-1330.0,FC
2021-05-27,2021-05-27 10:00:00-04:00,2021-05-27 14:30:00-04:00,SHORT,-1,13655.5,13666.75,1,9,-11.25,-225.0,FC
2021-06-01,2021-06-01 10:00:00-04:00,2021-06-01 10:30:00-04:00,LONG,1,13722.75,13667.848046029127,2,1,-54.901953970873365,-2196.0781588349346,SL
2021-06-03,2021-06-03 10:00:00-04:00,2021-06-03 11:30:00-04:00,SHORT,-1,13497.0,13593.211455159413,1,3,-96.21145515941316,-1924.2291031882633,SL
2021-06-15,2021-06-15 10:00:00-04:00,2021-06-15 11:30:00-04:00,LONG,1,14097.25,14045.444808060727,2,3,-51.805191939272845,-2072.207677570914,SL
2021-06-21,2021-06-21 10:00:00-04:00,2021-06-21 14:30:00-04:00,SHORT,-1,14057.25,14134.75,1,9,-77.5,-1550.0,FC
2021-06-29,2021-06-29 10:00:00-04:00,2021-06-29 14:30:00-04:00,LONG,1,14513.75,14550.25,2,9,36.5,1460.0,FC
2021-06-30,2021-06-30 10:00:00-04:00,2021-06-30 14:30:00-04:00,SHORT,-1,14535.25,14536.0,1,9,-0.75,-15.0,FC
2021-07-01,2021-07-01 10:00:00-04:00,2021-07-01 14:30:00-04:00,SHORT,-1,14545.25,14533.75,2,9,11.5,460.0,FC
2021-07-06,2021-07-06 10:00:00-04:00,2021-07-06 12:00:00-04:00,LONG,1,14753.5,14706.800204442741,1,4,-46.69979555725877,-933.9959111451753,SL
2021-07-15,2021-07-15 10:00:00-04:00,2021-07-15 14:30:00-04:00,SHORT,-1,14893.0,14753.25,2,9,139.75,5590.0,FC
2021-07-19,2021-07-19 10:00:00-04:00,2021-07-19 14:30:00-04:00,SHORT,-1,14483.5,14514.75,1,9,-31.25,-625.0,FC
2021-07-20,2021-07-20 10:00:00-04:00,2021-07-20 11:30:00-04:00,SHORT,-1,14585.75,14672.253184853236,2,3,-86.50318485323623,-3460.1273941294494,SL
2021-07-27,2021-07-27 10:00:00-04:00,2021-07-27 14:30:00-04:00,SHORT,-1,15042.75,14870.5,1,9,172.25,3445.0,FC
2021-07-29,2021-07-29 10:00:00-04:00,2021-07-29 14:30:00-04:00,LONG,1,15054.25,15055.75,1,9,1.5,30.0,FC
2021-08-02,2021-08-02 10:00:00-04:00,2021-08-02 12:00:00-04:00,SHORT,-1,14976.75,15050.580690238354,1,4,-73.83069023835378,-1476.6138047670756,SL
2021-08-03,2021-08-03 10:00:00-04:00,2021-08-03 12:00:00-04:00,SHORT,-1,14905.25,14971.169788543166,2,4,-65.91978854316585,-2636.791541726634,SL
2021-08-12,2021-08-12 10:00:00-04:00,2021-08-12 11:00:00-04:00,SHORT,-1,14974.75,15027.771804332984,1,2,-53.021804332984175,-1060.4360866596835,SL
2021-08-17,2021-08-17 10:00:00-04:00,2021-08-17 11:00:00-04:00,SHORT,-1,14976.5,15050.06577719255,2,2,-73.56577719255074,-2942.6310877020296,SL
2021-08-19,2021-08-19 10:00:00-04:00,2021-08-19 11:30:00-04:00,SHORT,-1,14802.25,14905.593384499345,1,3,-103.34338449934512,-2066.8676899869024,SL
2021-08-26,2021-08-26 10:00:00-04:00,2021-08-26 14:30:00-04:00,SHORT,-1,15335.25,15313.75,2,9,21.5,860.0,FC
2021-08-27,2021-08-27 10:00:00-04:00,2021-08-27 10:30:00-04:00,SHORT,-1,15307.0,15357.527274911228,1,1,-50.52727491122823,-1010.5454982245647,SL
2021-09-07,2021-09-07 10:00:00-04:00,2021-09-07 13:00:00-04:00,SHORT,-1,15642.75,15695.409912457275,2,6,-52.65991245727491,-2106.3964982909965,SL
2021-09-08,2021-09-08 10:00:00-04:00,2021-09-08 14:30:00-04:00,SHORT,-1,15634.75,15608.0,1,9,26.75,535.0,FC
2021-09-13,2021-09-13 10:00:00-04:00,2021-09-13 14:30:00-04:00,SHORT,-1,15438.75,15355.25,1,9,83.5,1670.0,FC
2021-09-14,2021-09-14 10:00:00-04:00,2021-09-14 14:30:00-04:00,SHORT,-1,15432.25,15377.0,1,9,55.25,1105.0,FC
2021-09-15,2021-09-15 10:00:00-04:00,2021-09-15 13:00:00-04:00,SHORT,-1,15356.0,15425.02219555742,1,6,-69.02219555741976,-1380.4439111483953,SL
2021-09-16,2021-09-16 10:00:00-04:00,2021-09-16 14:30:00-04:00,SHORT,-1,15409.5,15474.75,2,9,-65.25,-2610.0,FC
2021-09-17,2021-09-17 10:00:00-04:00,2021-09-17 14:30:00-04:00,SHORT,-1,15402.75,15288.25,1,9,114.5,2290.0,FC
2021-09-20,2021-09-20 10:00:00-04:00,2021-09-20 14:30:00-04:00,SHORT,-1,15107.5,14841.75,1,9,265.75,5315.0,FC
2021-09-21,2021-09-21 10:00:00-04:00,2021-09-21 14:30:00-04:00,SHORT,-1,15067.25,15005.75,1,9,61.5,1230.0,FC
2021-09-27,2021-09-27 10:00:00-04:00,2021-09-27 14:30:00-04:00,SHORT,-1,15122.5,15212.5,1,9,-90.0,-1800.0,FC
2021-09-28,2021-09-28 10:00:00-04:00,2021-09-28 14:30:00-04:00,SHORT,-1,14951.0,14831.25,2,9,119.75,4790.0,FC
2021-09-29,2021-09-29 10:00:00-04:00,2021-09-29 14:30:00-04:00,SHORT,-1,14883.0,14822.5,1,9,60.5,1210.0,FC
2021-10-01,2021-10-01 10:00:00-04:00,2021-10-01 14:30:00-04:00,SHORT,-1,14629.75,14740.75,1,9,-111.0,-2220.0,FC
2021-10-04,2021-10-04 10:00:00-04:00,2021-10-04 14:30:00-04:00,SHORT,-1,14596.75,14425.5,2,9,171.25,6850.0,FC
2021-10-06,2021-10-06 10:00:00-04:00,2021-10-06 10:30:00-04:00,SHORT,-1,14538.0,14663.764961476605,1,1,-125.7649614766051,-2515.299229532102,SL
2021-10-08,2021-10-08 10:00:00-04:00,2021-10-08 14:30:00-04:00,SHORT,-1,14849.25,14866.0,2,9,-16.75,-670.0,FC
2021-10-12,2021-10-12 10:00:00-04:00,2021-10-12 14:30:00-04:00,SHORT,-1,14661.25,14699.25,1,9,-38.0,-760.0,FC
2021-10-14,2021-10-14 10:00:00-04:00,2021-10-14 14:30:00-04:00,LONG,1,14945.0,15042.75,2,9,97.75,3910.0,FC
2021-10-21,2021-10-21 10:00:00-04:00,2021-10-21 14:30:00-04:00,LONG,1,15380.25,15428.25,1,9,48.0,960.0,FC
2021-11-04,2021-11-04 10:00:00-04:00,2021-11-04 14:30:00-04:00,LONG,1,16246.0,16355.75,1,9,109.75,2195.0,FC
2021-11-05,2021-11-05 10:00:00-04:00,2021-11-05 13:30:00-04:00,LONG,1,16416.75,16326.030340616264,1,7,-90.71965938373614,-1814.3931876747229,SL
2021-11-09,2021-11-09 10:00:00-05:00,2021-11-09 14:30:00-05:00,SHORT,-1,16226.0,16214.5,2,9,11.5,460.0,FC
2021-11-10,2021-11-10 10:00:00-05:00,2021-11-10 14:30:00-05:00,SHORT,-1,16172.5,15937.75,1,9,234.75,4695.0,FC
2021-11-12,2021-11-12 10:00:00-05:00,2021-11-12 11:00:00-05:00,SHORT,-1,16020.25,16086.101073098098,1,2,-65.85107309809791,-1317.0214619619583,SL
2021-11-15,2021-11-15 10:00:00-05:00,2021-11-15 10:30:00-05:00,LONG,1,16229.0,16166.570838738879,2,1,-62.42916126112141,-2497.1664504448563,SL
2021-11-22,2021-11-22 10:00:00-05:00,2021-11-22 11:30:00-05:00,LONG,1,16721.5,16653.902588375626,1,3,-67.59741162437422,-1351.9482324874843,SL
2021-11-23,2021-11-23 10:00:00-05:00,2021-11-23 14:30:00-05:00,SHORT,-1,16398.0,16161.75,2,9,236.25,9450.0,FC
2021-11-24,2021-11-24 10:00:00-05:00,2021-11-24 11:30:00-05:00,SHORT,-1,16181.25,16305.220433485263,1,3,-123.97043348526313,-2479.4086697052626,SL
2021-12-02,2021-12-02 10:00:00-05:00,2021-12-02 14:30:00-05:00,SHORT,-1,15993.5,16020.0,2,9,-26.5,-1060.0,FC
2021-12-03,2021-12-03 10:00:00-05:00,2021-12-03 14:30:00-05:00,SHORT,-1,15842.0,15616.5,1,9,225.5,4510.0,FC
2021-12-06,2021-12-06 10:00:00-05:00,2021-12-06 13:30:00-05:00,SHORT,-1,15666.75,15850.552291233782,1,7,-183.80229123378194,-3676.045824675639,SL
2021-12-09,2021-12-09 10:00:00-05:00,2021-12-09 10:30:00-05:00,LONG,1,16348.75,16272.83221436869,2,1,-75.91778563131084,-3036.7114252524334,SL
2021-12-10,2021-12-10 10:00:00-05:00,2021-12-10 14:30:00-05:00,SHORT,-1,16221.0,16264.75,1,9,-43.75,-875.0,FC
2021-12-14,2021-12-14 10:00:00-05:00,2021-12-14 14:30:00-05:00,SHORT,-1,15926.25,15827.75,2,9,98.5,3940.0,FC
2021-12-15,2021-12-15 10:00:00-05:00,2021-12-15 14:30:00-05:00,SHORT,-1,15840.5,15913.75,1,9,-73.25,-1465.0,FC
2021-12-16,2021-12-16 10:00:00-05:00,2021-12-16 14:30:00-05:00,SHORT,-1,16169.75,15851.75,2,9,318.0,12720.0,FC
2021-12-17,2021-12-17 10:00:00-05:00,2021-12-17 14:30:00-05:00,SHORT,-1,15782.0,15852.0,1,9,-70.0,-1400.0,FC
2021-12-20,2021-12-20 10:00:00-05:00,2021-12-20 14:30:00-05:00,SHORT,-1,15630.25,15573.25,2,9,57.0,2280.0,FC
2021-12-21,2021-12-21 10:00:00-05:00,2021-12-21 12:00:00-05:00,SHORT,-1,15664.75,15785.490490641992,1,4,-120.74049064199244,-2414.8098128398487,SL
2021-12-28,2021-12-28 10:00:00-05:00,2021-12-28 10:30:00-05:00,LONG,1,16575.5,16499.523149012508,2,1,-75.97685098749207,-3039.074039499683,SL
2021-12-29,2021-12-29 10:00:00-05:00,2021-12-29 14:30:00-05:00,SHORT,-1,16510.5,16481.75,1,9,28.75,575.0,FC
2021-12-30,2021-12-30 10:00:00-05:00,2021-12-30 14:30:00-05:00,SHORT,-1,16499.75,16525.75,1,9,-26.0,-520.0,FC
2021-12-31,2021-12-31 10:00:00-05:00,2021-12-31 14:30:00-05:00,SHORT,-1,16395.75,16364.0,2,9,31.75,1270.0,FC
2022-01-03,2022-01-03 10:00:00-05:00,2022-01-03 10:30:00-05:00,SHORT,-1,16316.5,16421.519899505744,1,1,-105.01989950574352,-2100.3979901148705,SL
2022-01-05,2022-01-05 10:00:00-05:00,2022-01-05 14:30:00-05:00,SHORT,-1,16212.75,15972.75,2,9,240.0,9600.0,FC
2022-01-06,2022-01-06 10:00:00-05:00,2022-01-06 11:30:00-05:00,SHORT,-1,15718.5,15884.130975877788,1,3,-165.63097587778793,-3312.6195175557586,SL
2022-01-07,2022-01-07 10:00:00-05:00,2022-01-07 14:30:00-05:00,SHORT,-1,15792.5,15580.0,2,9,212.5,8500.0,FC
2022-01-10,2022-01-10 10:00:00-05:00,2022-01-10 14:00:00-05:00,SHORT,-1,15259.25,15427.452351685824,1,8,-168.2023516858244,-3364.047033716488,SL
2022-01-11,2022-01-11 10:00:00-05:00,2022-01-11 11:30:00-05:00,SHORT,-1,15548.0,15689.549381043698,2,3,-141.5493810436983,-5661.975241747932,SL
2022-01-18,2022-01-18 10:00:00-05:00,2022-01-18 14:30:00-05:00,SHORT,-1,15333.0,15259.75,1,9,73.25,1465.0,FC
2022-01-21,2022-01-21 10:00:00-05:00,2022-01-21 11:30:00-05:00,SHORT,-1,14650.0,14847.635033331355,1,3,-197.63503333135486,-3952.7006666270972,SL
2022-01-24,2022-01-24 10:00:00-05:00,2022-01-24 14:30:00-05:00,SHORT,-1,14096.5,14067.5,2,9,29.0,1160.0,FC
2022-01-25,2022-01-25 10:00:00-05:00,2022-01-25 14:30:00-05:00,SHORT,-1,14100.25,14311.0,1,9,-210.75,-4215.0,FC
2022-01-28,2022-01-28 10:00:00-05:00,2022-01-28 11:30:00-05:00,SHORT,-1,13899.75,14189.630162356209,2,3,-289.88016235620853,-11595.206494248341,SL
2022-02-03,2022-02-03 10:00:00-05:00,2022-02-03 14:30:00-05:00,SHORT,-1,14710.0,14640.25,1,9,69.75,1395.0,FC
2022-02-04,2022-02-04 10:00:00-05:00,2022-02-04 14:30:00-05:00,SHORT,-1,14576.25,14719.0,1,9,-142.75,-2855.0,FC
2022-02-08,2022-02-08 10:00:00-05:00,2022-02-08 11:30:00-05:00,SHORT,-1,14521.75,14632.86850030039,2,3,-111.11850030039022,-4444.740012015609,SL
2022-02-10,2022-02-10 10:00:00-05:00,2022-02-10 14:30:00-05:00,SHORT,-1,14909.5,14767.0,1,9,142.5,2850.0,FC
2022-02-11,2022-02-11 10:00:00-05:00,2022-02-11 14:30:00-05:00,SHORT,-1,14639.0,14286.0,1,9,353.0,7060.0,FC
2022-02-14,2022-02-14 10:00:00-05:00,2022-02-14 14:30:00-05:00,SHORT,-1,14288.0,14205.25,1,9,82.75,1655.0,FC
2022-02-16,2022-02-16 10:00:00-05:00,2022-02-16 14:30:00-05:00,SHORT,-1,14408.0,14559.25,1,9,-151.25,-3025.0,FC
2022-02-18,2022-02-18 10:00:00-05:00,2022-02-18 14:30:00-05:00,SHORT,-1,14184.75,14083.5,2,9,101.25,4050.0,FC
2022-02-23,2022-02-23 10:00:00-05:00,2022-02-23 14:30:00-05:00,SHORT,-1,13903.5,13619.25,1,9,284.25,5685.0,FC
2022-02-24,2022-02-24 10:00:00-05:00,2022-02-24 14:00:00-05:00,SHORT,-1,13340.5,13627.234989207444,1,8,-286.7349892074435,-5734.69978414887,SL
2022-03-04,2022-03-04 10:00:00-05:00,2022-03-04 14:30:00-05:00,SHORT,-1,13923.25,13813.75,2,9,109.5,4380.0,FC
2022-03-07,2022-03-07 10:00:00-05:00,2022-03-07 14:30:00-05:00,SHORT,-1,13674.0,13482.5,1,9,191.5,3830.0,FC
2022-03-08,2022-03-08 10:00:00-05:00,2022-03-08 12:30:00-05:00,SHORT,-1,13252.75,13468.996631521719,1,5,-216.24663152171888,-4324.932630434378,SL
2022-03-10,2022-03-10 10:00:00-05:00,2022-03-10 14:30:00-05:00,SHORT,-1,13575.25,13585.5,2,9,-10.25,-410.0,FC
2022-03-11,2022-03-11 10:00:00-05:00,2022-03-11 14:30:00-05:00,SHORT,-1,13590.0,13483.75,1,9,106.25,2125.0,FC
2022-03-14,2022-03-14 10:00:00-04:00,2022-03-14 14:30:00-04:00,SHORT,-1,13272.0,13036.25,1,9,235.75,4715.0,FC
2022-03-23,2022-03-23 10:00:00-04:00,2022-03-23 10:30:00-04:00,SHORT,-1,14492.5,14588.706583011539,1,1,-96.2065830115389,-1924.131660230778,SL
2022-03-24,2022-03-24 10:00:00-04:00,2022-03-24 11:30:00-04:00,SHORT,-1,14481.75,14588.679339282768,2,3,-106.92933928276761,-4277.173571310705,SL
2022-03-29,2022-03-29 10:00:00-04:00,2022-03-29 14:30:00-04:00,LONG,1,15152.25,15185.0,1,9,32.75,655.0,FC
2022-03-30,2022-03-30 10:00:00-04:00,2022-03-30 14:30:00-04:00,LONG,1,15187.0,15104.75,1,9,-82.25,-1645.0,FC
2022-04-01,2022-04-01 10:00:00-04:00,2022-04-01 14:30:00-04:00,SHORT,-1,14838.75,14821.25,2,9,17.5,700.0,FC
2022-04-05,2022-04-05 10:00:00-04:00,2022-04-05 14:30:00-04:00,SHORT,-1,15070.0,14886.25,1,9,183.75,3675.0,FC
2022-04-06,2022-04-06 10:00:00-04:00,2022-04-06 14:30:00-04:00,SHORT,-1,14505.75,14441.0,1,9,64.75,1295.0,FC
2022-04-07,2022-04-07 10:00:00-04:00,2022-04-07 14:30:00-04:00,SHORT,-1,14560.0,14482.0,1,9,78.0,1560.0,FC
2022-04-08,2022-04-08 10:00:00-04:00,2022-04-08 11:00:00-04:00,SHORT,-1,14322.75,14458.324857536725,1,2,-135.57485753672518,-2711.4971507345035,SL
2022-04-11,2022-04-11 10:00:00-04:00,2022-04-11 14:30:00-04:00,SHORT,-1,14138.75,14060.0,2,9,78.75,3150.0,FC
2022-04-13,2022-04-13 10:00:00-04:00,2022-04-13 11:30:00-04:00,SHORT,-1,14014.25,14162.34540061747,1,3,-148.09540061747066,-2961.908012349413,SL
2022-04-14,2022-04-14 10:00:00-04:00,2022-04-14 14:30:00-04:00,SHORT,-1,14114.5,14005.25,2,9,109.25,4370.0,FC
2022-04-18,2022-04-18 10:00:00-04:00,2022-04-18 10:30:00-04:00,SHORT,-1,13866.75,13968.407690393176,1,1,-101.65769039317638,-2033.1538078635276,SL
2022-04-20,2022-04-20 10:00:00-04:00,2022-04-20 14:30:00-04:00,SHORT,-1,14086.75,14029.25,2,9,57.5,2300.0,FC
2022-04-22,2022-04-22 10:00:00-04:00,2022-04-22 14:30:00-04:00,SHORT,-1,13668.25,13444.0,1,9,224.25,4485.0,FC
2022-04-25,2022-04-25 10:00:00-04:00,2022-04-25 11:00:00-04:00,SHORT,-1,13249.75,13421.738058996903,1,2,-171.98805899690342,-3439.7611799380684,SL
2022-04-26,2022-04-26 10:00:00-04:00,2022-04-26 14:30:00-04:00,SHORT,-1,13268.25,13169.25,2,9,99.0,3960.0,FC
2022-04-28,2022-04-28 10:00:00-04:00,2022-04-28 13:00:00-04:00,SHORT,-1,13135.5,13304.891135832473,1,6,-169.39113583247308,-3387.8227166494617,SL
2022-05-02,2022-05-02 10:00:00-04:00,2022-05-02 14:30:00-04:00,SHORT,-1,12928.0,12746.75,2,9,181.25,7250.0,FC
2022-05-04,2022-05-04 10:00:00-04:00,2022-05-04 13:30:00-04:00,SHORT,-1,13018.25,13112.181201674757,1,7,-93.93120167475718,-1878.6240334951435,SL
2022-05-06,2022-05-06 10:00:00-04:00,2022-05-06 10:30:00-04:00,SHORT,-1,12550.25,12781.880156339847,2,1,-231.6301563398465,-9265.20625359386,SL
2022-05-09,2022-05-09 10:00:00-04:00,2022-05-09 14:30:00-04:00,SHORT,-1,12451.25,12239.5,1,9,211.75,4235.0,FC
2022-05-11,2022-05-11 10:00:00-04:00,2022-05-11 14:30:00-04:00,SHORT,-1,12386.75,12081.5,1,9,305.25,6105.0,FC
2022-05-12,2022-05-12 10:00:00-04:00,2022-05-12 10:30:00-04:00,SHORT,-1,11795.75,12032.97894698854,1,1,-237.22894698853997,-4744.5789397707995,SL
2022-05-18,2022-05-18 10:00:00-04:00,2022-05-18 14:30:00-04:00,SHORT,-1,12299.5,11997.5,2,9,302.0,12080.0,FC
2022-05-19,2022-05-19 10:00:00-04:00,2022-05-19 14:30:00-04:00,SHORT,-1,11894.0,11941.75,1,9,-47.75,-955.0,FC
2022-05-20,2022-05-20 10:00:00-04:00,2022-05-20 14:30:00-04:00,SHORT,-1,11994.5,11555.25,2,9,439.25,17570.0,FC
2022-05-23,2022-05-23 10:00:00-04:00,2022-05-23 12:30:00-04:00,SHORT,-1,11853.0,12018.05222863321,1,5,-165.0522286332107,-3301.044572664214,SL
2022-05-24,2022-05-24 10:00:00-04:00,2022-05-24 14:30:00-04:00,SHORT,-1,11679.0,11729.5,2,9,-50.5,-2020.0,FC
2022-05-31,2022-05-31 10:00:00-04:00,2022-05-31 12:30:00-04:00,SHORT,-1,12551.5,12723.888532365358,1,5,-172.3885323653576,-3447.770647307152,SL
2022-06-02,2022-06-02 10:00:00-04:00,2022-06-02 11:30:00-04:00,SHORT,-1,12531.0,12677.693286644208,2,3,-146.69328664420755,-5867.731465768302,SL
2022-06-03,2022-06-03 10:00:00-04:00,2022-06-03 14:30:00-04:00,SHORT,-1,12693.5,12600.75,1,9,92.75,1855.0,FC
2022-06-07,2022-06-07 10:00:00-04:00,2022-06-07 11:00:00-04:00,SHORT,-1,12529.25,12667.628781422054,1,2,-138.3787814220541,-2767.575628441082,SL
2022-06-10,2022-06-10 10:00:00-04:00,2022-06-10 14:30:00-04:00,SHORT,-1,11987.5,11920.0,2,9,67.5,2700.0,FC
2022-06-13,2022-06-13 10:00:00-04:00,2022-06-13 14:30:00-04:00,SHORT,-1,11512.75,11422.0,1,9,90.75,1815.0,FC
2022-06-14,2022-06-14 10:00:00-04:00,2022-06-14 14:30:00-04:00,SHORT,-1,11406.25,11357.75,1,9,48.5,970.0,FC
2022-06-16,2022-06-16 10:00:00-04:00,2022-06-16 14:30:00-04:00,SHORT,-1,11266.75,11096.0,1,9,170.75,3415.0,FC
2022-06-27,2022-06-27 10:00:00-04:00,2022-06-27 14:30:00-04:00,SHORT,-1,12064.75,12044.25,1,9,20.5,410.0,FC
2022-06-29,2022-06-29 10:00:00-04:00,2022-06-29 14:30:00-04:00,SHORT,-1,11688.25,11707.0,1,9,-18.75,-375.0,FC
2022-07-01,2022-07-01 10:00:00-04:00,2022-07-01 14:30:00-04:00,SHORT,-1,11559.75,11545.5,2,9,14.25,570.0,FC
2022-07-05,2022-07-05 10:00:00-04:00,2022-07-05 11:00:00-04:00,SHORT,-1,11448.5,11567.471029404764,1,2,-118.97102940476361,-2379.4205880952723,SL
2022-07-11,2022-07-11 10:00:00-04:00,2022-07-11 14:30:00-04:00,SHORT,-1,11884.5,11943.75,2,9,-59.25,-2370.0,FC
2022-07-12,2022-07-12 10:00:00-04:00,2022-07-12 14:30:00-04:00,SHORT,-1,11856.25,11879.75,1,9,-23.5,-470.0,FC
2022-07-13,2022-07-13 10:00:00-04:00,2022-07-13 14:30:00-04:00,SHORT,-1,11679.5,11806.75,2,9,-127.25,-5090.0,FC
2022-07-14,2022-07-14 10:00:00-04:00,2022-07-14 12:00:00-04:00,SHORT,-1,11567.25,11712.406187767192,1,4,-145.15618776719202,-2903.1237553438405,SL
2022-07-18,2022-07-18 10:00:00-04:00,2022-07-18 14:00:00-04:00,LONG,1,12162.5,12074.023021171854,2,8,-88.47697882814646,-3539.0791531258583,SL
2022-07-21,2022-07-21 10:00:00-04:00,2022-07-21 14:30:00-04:00,LONG,1,12497.0,12612.25,1,9,115.25,2305.0,FC
2022-07-25,2022-07-25 10:00:00-04:00,2022-07-25 14:30:00-04:00,SHORT,-1,12387.25,12311.75,1,9,75.5,1510.0,FC
2022-07-26,2022-07-26 10:00:00-04:00,2022-07-26 14:30:00-04:00,SHORT,-1,12235.25,12095.0,1,9,140.25,2805.0,FC
2022-07-29,2022-07-29 10:00:00-04:00,2022-07-29 14:30:00-04:00,LONG,1,12865.25,12952.0,1,9,86.75,1735.0,FC
2022-08-01,2022-08-01 10:00:00-04:00,2022-08-01 14:30:00-04:00,LONG,1,12990.75,12948.5,1,9,-42.25,-845.0,FC
2022-08-02,2022-08-02 10:00:00-04:00,2022-08-02 14:30:00-04:00,LONG,1,12912.5,12976.5,2,9,64.0,2560.0,FC
2022-08-04,2022-08-04 10:00:00-04:00,2022-08-04 11:00:00-04:00,LONG,1,13303.0,13197.064000180084,1,2,-105.9359998199161,-2118.719996398322,SL
2022-08-05,2022-08-05 10:00:00-04:00,2022-08-05 14:30:00-04:00,SHORT,-1,13181.75,13154.75,2,9,27.0,1080.0,FC
2022-08-09,2022-08-09 10:00:00-04:00,2022-08-09 14:30:00-04:00,SHORT,-1,13001.25,12995.0,1,9,6.25,125.0,FC
2022-08-11,2022-08-11 10:00:00-04:00,2022-08-11 11:30:00-04:00,LONG,1,13493.75,13406.388789821265,1,3,-87.36121017873484,-1747.2242035746967,SL
2022-08-16,2022-08-16 10:00:00-04:00,2022-08-16 14:00:00-04:00,SHORT,-1,13611.75,13686.673925075502,2,8,-74.92392507550176,-2996.9570030200703,SL
2022-08-17,2022-08-17 10:00:00-04:00,2022-08-17 14:30:00-04:00,SHORT,-1,13534.0,13577.5,1,9,-43.5,-870.0,FC
2022-08-18,2022-08-18 10:00:00-04:00,2022-08-18 11:30:00-04:00,SHORT,-1,13452.25,13543.134053383576,2,3,-90.88405338357552,-3635.362135343021,SL
2022-08-19,2022-08-19 10:00:00-04:00,2022-08-19 14:30:00-04:00,SHORT,-1,13308.5,13259.75,1,9,48.75,975.0,FC
2022-08-22,2022-08-22 10:00:00-04:00,2022-08-22 14:30:00-04:00,SHORT,-1,13027.5,12921.25,1,9,106.25,2125.0,FC
2022-08-23,2022-08-23 10:00:00-04:00,2022-08-23 14:30:00-04:00,SHORT,-1,12948.0,12946.5,1,9,1.5,30.0,FC
2022-08-24,2022-08-24 10:00:00-04:00,2022-08-24 11:30:00-04:00,SHORT,-1,12904.25,12988.090319537461,1,3,-83.84031953746126,-1676.806390749225,SL
2022-08-29,2022-08-29 10:00:00-04:00,2022-08-29 14:30:00-04:00,SHORT,-1,12533.75,12539.5,2,9,-5.75,-230.0,FC
2022-08-30,2022-08-30 10:00:00-04:00,2022-08-30 14:30:00-04:00,SHORT,-1,12479.75,12285.25,1,9,194.5,3890.0,FC
2022-09-01,2022-09-01 10:00:00-04:00,2022-09-01 14:30:00-04:00,SHORT,-1,12187.0,12174.0,1,9,13.0,260.0,FC
2022-09-06,2022-09-06 10:00:00-04:00,2022-09-06 14:30:00-04:00,SHORT,-1,12046.0,12039.5,1,9,6.5,130.0,FC
2022-09-13,2022-09-13 10:00:00-04:00,2022-09-13 14:30:00-04:00,SHORT,-1,12388.25,12253.5,1,9,134.75,2695.0,FC
2022-09-14,2022-09-14 10:00:00-04:00,2022-09-14 14:30:00-04:00,SHORT,-1,12193.75,12151.75,1,9,42.0,840.0,FC
2022-09-15,2022-09-15 10:00:00-04:00,2022-09-15 14:30:00-04:00,SHORT,-1,12203.5,12055.75,1,9,147.75,2955.0,FC
2022-09-16,2022-09-16 10:00:00-04:00,2022-09-16 11:00:00-04:00,SHORT,-1,11794.25,11896.652372558689,1,2,-102.40237255868851,-2048.0474511737702,SL
2022-09-20,2022-09-20 10:00:00-04:00,2022-09-20 12:00:00-04:00,SHORT,-1,11920.75,12012.975112329483,2,4,-92.22511232948273,-3689.004493179309,SL
2022-09-22,2022-09-22 10:00:00-04:00,2022-09-22 14:30:00-04:00,SHORT,-1,11591.5,11540.0,1,9,51.5,1030.0,FC
2022-09-23,2022-09-23 10:00:00-04:00,2022-09-23 14:30:00-04:00,SHORT,-1,11353.5,11282.5,1,9,71.0,1420.0,FC
2022-09-29,2022-09-29 10:00:00-04:00,2022-09-29 14:30:00-04:00,SHORT,-1,11256.0,11133.25,1,9,122.75,2455.0,FC
2022-09-30,2022-09-30 10:00:00-04:00,2022-09-30 14:30:00-04:00,SHORT,-1,11231.5,11165.5,1,9,66.0,1320.0,FC
2022-10-05,2022-10-05 10:00:00-04:00,2022-10-05 13:30:00-04:00,SHORT,-1,11494.5,11598.61097911619,1,7,-104.11097911619072,-2082.2195823238144,SL
2022-10-07,2022-10-07 10:00:00-04:00,2022-10-07 14:30:00-04:00,SHORT,-1,11225.5,11097.25,2,9,128.25,5130.0,FC
2022-10-10,2022-10-10 10:00:00-04:00,2022-10-10 14:30:00-04:00,SHORT,-1,11014.25,11002.75,1,9,11.5,230.0,FC
2022-10-11,2022-10-11 10:00:00-04:00,2022-10-11 12:00:00-04:00,SHORT,-1,10823.5,10958.376555928577,1,4,-134.87655592857664,-2697.5311185715327,SL
2022-10-12,2022-10-12 10:00:00-04:00,2022-10-12 14:30:00-04:00,SHORT,-1,10891.0,10908.0,2,9,-17.0,-680.0,FC
2022-10-13,2022-10-13 10:00:00-04:00,2022-10-13 11:30:00-04:00,SHORT,-1,10615.0,10839.331965982015,1,3,-224.3319659820154,-4486.639319640308,SL
2022-10-19,2022-10-19 10:00:00-04:00,2022-10-19 14:30:00-04:00,SHORT,-1,11137.0,11143.25,2,9,-6.25,-250.0,FC
2022-10-26,2022-10-26 10:00:00-04:00,2022-10-26 11:00:00-04:00,SHORT,-1,11482.75,11591.643955294678,1,2,-108.89395529467765,-2177.879105893553,SL
2022-10-28,2022-10-28 10:00:00-04:00,2022-10-28 11:30:00-04:00,SHORT,-1,11320.5,11491.467200448962,2,3,-170.9672004489621,-6838.688017958484,SL
2022-11-01,2022-11-01 10:00:00-04:00,2022-11-01 10:30:00-04:00,LONG,1,11513.0,11416.833446655462,1,1,-96.16655334453753,-1923.3310668907507,SL
2022-11-02,2022-11-02 10:00:00-04:00,2022-11-02 14:30:00-04:00,SHORT,-1,11279.75,11434.75,2,9,-155.0,-6200.0,FC
2022-11-03,2022-11-03 10:00:00-04:00,2022-11-03 11:00:00-04:00,SHORT,-1,10725.75,10850.075925764939,1,2,-124.3259257649388,-2486.518515298776,SL
2022-11-09,2022-11-09 10:00:00-05:00,2022-11-09 14:30:00-05:00,SHORT,-1,10976.75,10898.25,2,9,78.5,3140.0,FC
2022-11-11,2022-11-11 10:00:00-05:00,2022-11-11 14:30:00-05:00,LONG,1,11644.75,11854.25,1,9,209.5,4190.0,FC
2022-11-14,2022-11-14 10:00:00-05:00,2022-11-14 14:30:00-05:00,LONG,1,11744.75,11884.25,1,9,139.5,2790.0,FC
2022-11-16,2022-11-16 10:00:00-05:00,2022-11-16 14:30:00-05:00,SHORT,-1,11782.5,11762.25,1,9,20.25,405.0,FC
2022-11-17,2022-11-17 10:00:00-05:00,2022-11-17 12:30:00-05:00,SHORT,-1,11589.0,11714.355789821984,1,5,-125.35578982198422,-2507.1157964396843,SL
2022-11-22,2022-11-22 10:00:00-05:00,2022-11-22 11:00:00-05:00,SHORT,-1,11546.0,11639.362991631553,2,2,-93.36299163155309,-3734.5196652621235,SL
2022-11-23,2022-11-23 10:00:00-05:00,2022-11-23 13:00:00-05:00,LONG,1,11832.5,11748.350136497767,1,6,-84.14986350223262,-1682.9972700446524,SL
2022-11-28,2022-11-28 10:00:00-05:00,2022-11-28 11:30:00-05:00,LONG,1,11757.5,11673.800217131042,2,3,-83.69978286895821,-3347.9913147583284,SL
2022-11-29,2022-11-29 10:00:00-05:00,2022-11-29 14:30:00-05:00,SHORT,-1,11578.5,11511.25,1,9,67.25,1345.0,FC
2022-11-30,2022-11-30 10:00:00-05:00,2022-11-30 14:00:00-05:00,SHORT,-1,11564.75,11648.101181707332,1,8,-83.35118170733222,-1667.0236341466443,SL
2022-12-01,2022-12-01 10:00:00-05:00,2022-12-01 10:30:00-05:00,LONG,1,12109.75,12004.114007581882,2,1,-105.6359924181179,-4225.439696724716,SL
2022-12-05,2022-12-05 10:00:00-05:00,2022-12-05 14:30:00-05:00,SHORT,-1,11933.0,11776.0,1,9,157.0,3140.0,FC
2022-12-06,2022-12-06 10:00:00-05:00,2022-12-06 14:30:00-05:00,SHORT,-1,11664.75,11516.75,1,9,148.0,2960.0,FC
2022-12-07,2022-12-07 10:00:00-05:00,2022-12-07 14:30:00-05:00,SHORT,-1,11471.5,11510.5,1,9,-39.0,-780.0,FC
2022-12-09,2022-12-09 10:00:00-05:00,2022-12-09 14:30:00-05:00,SHORT,-1,11612.75,11663.5,2,9,-50.75,-2030.0,FC
2022-12-15,2022-12-15 10:00:00-05:00,2022-12-15 14:30:00-05:00,SHORT,-1,11573.0,11421.5,1,9,151.5,3030.0,FC
2022-12-16,2022-12-16 10:00:00-05:00,2022-12-16 14:30:00-05:00,SHORT,-1,11454.5,11297.25,1,9,157.25,3145.0,FC
2022-12-19,2022-12-19 10:00:00-05:00,2022-12-19 14:30:00-05:00,SHORT,-1,11268.75,11156.25,1,9,112.5,2250.0,FC
2022-12-20,2022-12-20 10:00:00-05:00,2022-12-20 14:30:00-05:00,SHORT,-1,11168.75,11193.25,1,9,-24.5,-490.0,FC
2022-12-28,2022-12-28 10:00:00-05:00,2022-12-28 14:30:00-05:00,SHORT,-1,10950.75,10806.75,2,9,144.0,5760.0,FC
2022-12-30,2022-12-30 10:00:00-05:00,2022-12-30 14:30:00-05:00,SHORT,-1,10915.25,10903.25,1,9,12.0,240.0,FC
2023-01-03,2023-01-03 10:00:00-05:00,2023-01-03 14:30:00-05:00,SHORT,-1,10993.75,10903.5,1,9,90.25,1805.0,FC
2023-01-04,2023-01-04 10:00:00-05:00,2023-01-04 14:30:00-05:00,SHORT,-1,10980.5,10913.0,1,9,67.5,1350.0,FC
2023-01-05,2023-01-05 10:00:00-05:00,2023-01-05 14:30:00-05:00,SHORT,-1,10867.75,10860.5,1,9,7.25,145.0,FC
2023-01-06,2023-01-06 10:00:00-05:00,2023-01-06 11:00:00-05:00,SHORT,-1,10814.5,10983.032232196028,1,2,-168.53223219602842,-3370.6446439205683,SL
2023-01-12,2023-01-12 10:00:00-05:00,2023-01-12 14:30:00-05:00,SHORT,-1,11357.5,11535.25,2,9,-177.75,-7110.0,FC
2023-01-17,2023-01-17 10:00:00-05:00,2023-01-17 14:30:00-05:00,LONG,1,11614.75,11621.75,1,9,7.0,140.0,FC
2023-01-19,2023-01-19 10:00:00-05:00,2023-01-19 14:30:00-05:00,SHORT,-1,11396.25,11432.75,1,9,-36.5,-730.0,FC
2023-01-24,2023-01-24 10:00:00-05:00,2023-01-24 14:30:00-05:00,LONG,1,11884.25,11905.5,2,9,21.25,850.0,FC
2023-01-25,2023-01-25 10:00:00-05:00,2023-01-25 11:30:00-05:00,SHORT,-1,11624.25,11716.882855991576,1,3,-92.63285599157643,-1852.6571198315287,SL
2023-01-30,2023-01-30 10:00:00-05:00,2023-01-30 10:30:00-05:00,LONG,1,12119.75,12031.910690490902,2,1,-87.8393095090978,-3513.572380363912,SL
2023-02-03,2023-02-03 10:00:00-05:00,2023-02-03 14:30:00-05:00,LONG,1,12721.25,12649.5,1,9,-71.75,-1435.0,FC
2023-02-06,2023-02-06 10:00:00-05:00,2023-02-06 14:30:00-05:00,SHORT,-1,12549.25,12547.5,2,9,1.75,70.0,FC
2023-02-07,2023-02-07 10:00:00-05:00,2023-02-07 12:00:00-05:00,SHORT,-1,12497.75,12580.642272026094,1,4,-82.89227202609436,-1657.8454405218872,SL
2023-02-10,2023-02-10 10:00:00-05:00,2023-02-10 14:30:00-05:00,SHORT,-1,12347.0,12291.0,2,9,56.0,2240.0,FC
2023-02-16,2023-02-16 10:00:00-05:00,2023-02-16 13:00:00-05:00,SHORT,-1,12564.25,12677.017638765406,1,6,-112.76763876540645,-2255.352775308129,SL
2023-02-17,2023-02-17 10:00:00-05:00,2023-02-17 14:30:00-05:00,SHORT,-1,12329.5,12343.25,2,9,-13.75,-550.0,FC
2023-02-21,2023-02-21 10:00:00-05:00,2023-02-21 14:30:00-05:00,SHORT,-1,12228.25,12119.5,1,9,108.75,2175.0,FC
2023-02-22,2023-02-22 10:00:00-05:00,2023-02-22 14:30:00-05:00,SHORT,-1,12122.5,12116.0,1,9,6.5,130.0,FC
2023-02-24,2023-02-24 10:00:00-05:00,2023-02-24 14:30:00-05:00,SHORT,-1,11976.5,11969.25,1,9,7.25,145.0,FC
2023-03-01,2023-03-01 10:00:00-05:00,2023-03-01 14:30:00-05:00,SHORT,-1,12051.75,11949.75,1,9,102.0,2040.0,FC
2023-03-02,2023-03-02 10:00:00-05:00,2023-03-02 14:00:00-05:00,SHORT,-1,11897.0,11981.367399059278,1,8,-84.36739905927789,-1687.3479811855577,SL
2023-03-06,2023-03-06 10:00:00-05:00,2023-03-06 14:30:00-05:00,LONG,1,12383.0,12358.25,2,9,-24.75,-990.0,FC
2023-03-08,2023-03-08 10:00:00-05:00,2023-03-08 14:30:00-05:00,SHORT,-1,12178.5,12196.0,1,9,-17.5,-350.0,FC
2023-03-10,2023-03-10 10:00:00-05:00,2023-03-10 14:30:00-05:00,SHORT,-1,11909.0,11816.75,2,9,92.25,3690.0,FC
2023-03-13,2023-03-13 10:00:00-04:00,2023-03-13 14:30:00-04:00,SHORT,-1,12004.75,12171.75,1,9,-167.0,-3340.0,FC
2023-03-15,2023-03-15 10:00:00-04:00,2023-03-15 14:30:00-04:00,SHORT,-1,12209.25,12352.0,2,9,-142.75,-5710.0,FC
2023-03-20,2023-03-20 10:00:00-04:00,2023-03-20 14:30:00-04:00,SHORT,-1,12565.0,12666.0,1,9,-101.0,-2020.0,FC
2023-03-24,2023-03-24 10:00:00-04:00,2023-03-24 14:30:00-04:00,SHORT,-1,12821.25,12832.25,2,9,-11.0,-440.0,FC
2023-03-28,2023-03-28 10:00:00-04:00,2023-03-28 14:30:00-04:00,SHORT,-1,12692.0,12667.75,1,9,24.25,485.0,FC
2023-03-31,2023-03-31 10:00:00-04:00,2023-03-31 14:30:00-04:00,LONG,1,13140.5,13233.0,1,9,92.5,1850.0,FC
2023-04-03,2023-04-03 10:00:00-04:00,2023-04-03 11:30:00-04:00,LONG,1,13228.25,13159.721819396944,1,3,-68.52818060305617,-1370.5636120611234,SL
2023-04-05,2023-04-05 10:00:00-04:00,2023-04-05 14:30:00-04:00,SHORT,-1,13137.5,13052.75,2,9,84.75,3390.0,FC
2023-04-06,2023-04-06 10:00:00-04:00,2023-04-06 11:30:00-04:00,SHORT,-1,12985.5,13062.328471293915,1,3,-76.82847129391484,-1536.569425878297,SL
2023-04-11,2023-04-11 10:00:00-04:00,2023-04-11 14:30:00-04:00,SHORT,-1,13106.5,13126.5,2,9,-20.0,-800.0,FC
2023-04-12,2023-04-12 10:00:00-04:00,2023-04-12 14:30:00-04:00,SHORT,-1,13065.25,13019.5,1,9,45.75,915.0,FC
2023-04-17,2023-04-17 10:00:00-04:00,2023-04-17 14:30:00-04:00,SHORT,-1,13162.0,13106.25,1,9,55.75,1115.0,FC
2023-04-19,2023-04-19 10:00:00-04:00,2023-04-19 11:30:00-04:00,SHORT,-1,13094.75,13157.25958400368,1,3,-62.509584003679265,-1250.1916800735853,SL
2023-04-20,2023-04-20 10:00:00-04:00,2023-04-20 13:30:00-04:00,SHORT,-1,13115.75,13189.954598059567,2,7,-74.2045980595667,-2968.1839223826682,SL
2023-04-21,2023-04-21 10:00:00-04:00,2023-04-21 10:30:00-04:00,SHORT,-1,12995.75,13075.732377974135,1,1,-79.98237797413458,-1599.6475594826916,SL
2023-04-25,2023-04-25 10:00:00-04:00,2023-04-25 14:30:00-04:00,SHORT,-1,12979.25,12857.25,2,9,122.0,4880.0,FC
2023-04-26,2023-04-26 10:00:00-04:00,2023-04-26 14:30:00-04:00,SHORT,-1,12961.0,12922.75,1,9,38.25,765.0,FC
2023-05-01,2023-05-01 10:00:00-04:00,2023-05-01 14:30:00-04:00,LONG,1,13310.5,13326.5,1,9,16.0,320.0,FC
2023-05-02,2023-05-02 10:00:00-04:00,2023-05-02 14:30:00-04:00,SHORT,-1,13288.25,13178.5,1,9,109.75,2195.0,FC
2023-05-04,2023-05-04 10:00:00-04:00,2023-05-04 14:00:00-04:00,SHORT,-1,13041.5,13125.742175420235,1,8,-84.24217542023507,-1684.8435084047014,SL
2023-05-08,2023-05-08 10:00:00-04:00,2023-05-08 14:30:00-04:00,LONG,1,13270.25,13340.25,2,9,70.0,2800.0,FC
2023-05-12,2023-05-12 10:00:00-04:00,2023-05-12 14:30:00-04:00,SHORT,-1,13442.0,13324.25,1,9,117.75,2355.0,FC
2023-05-15,2023-05-15 10:00:00-04:00,2023-05-15 11:30:00-04:00,SHORT,-1,13377.0,13431.755008800956,1,3,-54.75500880095569,-1095.1001760191139,SL
2023-05-16,2023-05-16 10:00:00-04:00,2023-05-16 14:30:00-04:00,LONG,1,13485.75,13523.5,2,9,37.75,1510.0,FC
2023-05-17,2023-05-17 10:00:00-04:00,2023-05-17 11:30:00-04:00,SHORT,-1,13479.0,13538.997159825614,1,3,-59.99715982561429,-1199.9431965122858,SL
2023-05-18,2023-05-18 10:00:00-04:00,2023-05-18 14:30:00-04:00,LONG,1,13713.0,13788.5,2,9,75.5,3020.0,FC
2023-05-19,2023-05-19 10:00:00-04:00,2023-05-19 12:00:00-04:00,LONG,1,13896.75,13826.93219066761,1,4,-69.81780933238952,-1396.3561866477903,SL
2023-05-23,2023-05-23 10:00:00-04:00,2023-05-23 14:30:00-04:00,SHORT,-1,13863.5,13732.25,2,9,131.25,5250.0,FC
2023-05-24,2023-05-24 10:00:00-04:00,2023-05-24 14:30:00-04:00,SHORT,-1,13643.0,13609.25,1,9,33.75,675.0,FC
2023-05-26,2023-05-26 10:00:00-04:00,2023-05-26 14:30:00-04:00,LONG,1,14118.5,14325.25,1,9,206.75,4135.0,FC
2023-05-30,2023-05-30 10:00:00-04:00,2023-05-30 14:30:00-04:00,LONG,1,14443.0,14403.0,1,9,-40.0,-800.0,FC
2023-06-02,2023-06-02 10:00:00-04:00,2023-06-02 14:30:00-04:00,LONG,1,14481.5,14572.5,2,9,91.0,3640.0,FC
2023-06-05,2023-06-05 10:00:00-04:00,2023-06-05 14:30:00-04:00,LONG,1,14597.0,14616.0,1,9,19.0,380.0,FC
2023-06-07,2023-06-07 10:00:00-04:00,2023-06-07 10:30:00-04:00,LONG,1,14631.25,14569.226750466967,1,1,-62.02324953303287,-1240.4649906606573,SL
2023-06-08,2023-06-08 10:00:00-04:00,2023-06-08 11:30:00-04:00,SHORT,-1,14378.5,14469.149871503654,2,3,-90.64987150365414,-3625.9948601461656,SL
2023-06-12,2023-06-12 10:00:00-04:00,2023-06-12 14:30:00-04:00,LONG,1,14796.0,14888.75,1,9,92.75,1855.0,FC
2023-06-13,2023-06-13 10:00:00-04:00,2023-06-13 14:30:00-04:00,LONG,1,15024.0,15026.75,1,9,2.75,55.0,FC
2023-06-14,2023-06-14 10:00:00-04:00,2023-06-14 14:30:00-04:00,LONG,1,15120.25,15039.0,1,9,-81.25,-1625.0,FC
2023-06-15,2023-06-15 10:00:00-04:00,2023-06-15 14:30:00-04:00,LONG,1,15201.5,15356.25,2,9,154.75,6190.0,FC
2023-06-21,2023-06-21 10:00:00-04:00,2023-06-21 14:30:00-04:00,SHORT,-1,15127.75,15133.0,1,9,-5.25,-105.0,FC
2023-06-23,2023-06-23 10:00:00-04:00,2023-06-23 13:30:00-04:00,SHORT,-1,15020.25,15127.554104190198,2,7,-107.3041041901979,-4292.164167607916,SL
2023-06-29,2023-06-29 10:00:00-04:00,2023-06-29 14:30:00-04:00,SHORT,-1,15098.25,15073.0,1,9,25.25,505.0,FC
2023-07-06,2023-07-06 10:00:00-04:00,2023-07-06 14:30:00-04:00,SHORT,-1,15158.0,15216.25,1,9,-58.25,-1165.0,FC
2023-07-10,2023-07-10 10:00:00-04:00,2023-07-10 14:30:00-04:00,SHORT,-1,15115.0,15188.75,2,9,-73.75,-2950.0,FC
2023-07-11,2023-07-11 10:00:00-04:00,2023-07-11 12:30:00-04:00,SHORT,-1,15166.25,15242.530884068585,1,5,-76.28088406858478,-1525.6176813716957,SL
2023-07-13,2023-07-13 10:00:00-04:00,2023-07-13 14:30:00-04:00,LONG,1,15606.0,15669.0,2,9,63.0,2520.0,FC
2023-07-14,2023-07-14 10:00:00-04:00,2023-07-14 13:30:00-04:00,LONG,1,15806.5,15738.256350885647,1,7,-68.24364911435259,-1364.8729822870519,SL
2023-07-18,2023-07-18 10:00:00-04:00,2023-07-18 12:00:00-04:00,SHORT,-1,15779.0,15841.877331885733,2,4,-62.87733188573293,-2515.093275429317,SL
2023-07-19,2023-07-19 10:00:00-04:00,2023-07-19 13:30:00-04:00,LONG,1,16002.25,15945.777966843176,1,7,-56.47203315682418,-1129.4406631364836,SL
2023-07-20,2023-07-20 10:00:00-04:00,2023-07-20 14:30:00-04:00,SHORT,-1,15861.0,15613.0,2,9,248.0,9920.0,FC
2023-07-21,2023-07-21 10:00:00-04:00,2023-07-21 14:30:00-04:00,SHORT,-1,15622.25,15597.0,1,9,25.25,505.0,FC
2023-07-26,2023-07-26 10:00:00-04:00,2023-07-26 14:30:00-04:00,SHORT,-1,15626.5,15559.75,1,9,66.75,1335.0,FC
2023-08-02,2023-08-02 10:00:00-04:00,2023-08-02 14:30:00-04:00,SHORT,-1,15601.0,15496.25,1,9,104.75,2095.0,FC
2023-08-03,2023-08-03 10:00:00-04:00,2023-08-03 14:30:00-04:00,SHORT,-1,15437.0,15467.25,1,9,-30.25,-605.0,FC
2023-08-04,2023-08-04 10:00:00-04:00,2023-08-04 12:30:00-04:00,SHORT,-1,15448.5,15588.28977105885,2,5,-139.7897710588495,-5591.59084235398,SL
2023-08-07,2023-08-07 10:00:00-04:00,2023-08-07 14:30:00-04:00,SHORT,-1,15387.0,15428.25,1,9,-41.25,-825.0,FC
2023-08-08,2023-08-08 10:00:00-04:00,2023-08-08 14:30:00-04:00,SHORT,-1,15294.0,15312.25,2,9,-18.25,-730.0,FC
2023-08-09,2023-08-09 10:00:00-04:00,2023-08-09 14:30:00-04:00,SHORT,-1,15279.25,15291.5,1,9,-12.25,-245.0,FC
2023-08-11,2023-08-11 10:00:00-04:00,2023-08-11 10:30:00-04:00,SHORT,-1,15070.0,15172.182733187685,2,1,-102.18273318768479,-4087.3093275073916,SL
2023-08-14,2023-08-14 10:00:00-04:00,2023-08-14 11:00:00-04:00,SHORT,-1,15116.5,15225.164415402734,1,2,-108.66441540273445,-2173.288308054689,SL
2023-08-15,2023-08-15 10:00:00-04:00,2023-08-15 14:30:00-04:00,SHORT,-1,15181.5,15146.75,2,9,34.75,1390.0,FC
2023-08-16,2023-08-16 10:00:00-04:00,2023-08-16 14:30:00-04:00,SHORT,-1,15101.5,15067.5,1,9,34.0,680.0,FC
2023-08-17,2023-08-17 10:00:00-04:00,2023-08-17 14:30:00-04:00,SHORT,-1,14928.75,14858.75,1,9,70.0,1400.0,FC
2023-08-18,2023-08-18 10:00:00-04:00,2023-08-18 12:00:00-04:00,SHORT,-1,14641.0,14733.23982542069,1,4,-92.23982542068916,-1844.7965084137832,SL
2023-08-24,2023-08-24 10:00:00-04:00,2023-08-24 14:30:00-04:00,SHORT,-1,15223.75,14969.25,2,9,254.5,10180.0,FC
2023-08-30,2023-08-30 10:00:00-04:00,2023-08-30 10:30:00-04:00,LONG,1,15465.0,15380.78016686183,1,1,-84.21983313816963,-1684.3966627633927,SL
2023-08-31,2023-08-31 10:00:00-04:00,2023-08-31 14:30:00-04:00,LONG,1,15566.5,15584.25,2,9,17.75,710.0,FC
2023-09-05,2023-09-05 10:00:00-04:00,2023-09-05 11:30:00-04:00,SHORT,-1,15462.5,15554.359747317369,1,3,-91.8597473173686,-1837.194946347372,SL
2023-09-06,2023-09-06 10:00:00-04:00,2023-09-06 14:30:00-04:00,SHORT,-1,15482.75,15370.0,2,9,112.75,4510.0,FC
2023-09-07,2023-09-07 10:00:00-04:00,2023-09-07 14:30:00-04:00,SHORT,-1,15192.75,15253.75,1,9,-61.0,-1220.0,FC
2023-09-12,2023-09-12 10:00:00-04:00,2023-09-12 10:30:00-04:00,LONG,1,15650.25,15581.90722862277,2,1,-68.34277137723075,-2733.71085508923,SL
2023-09-14,2023-09-14 10:00:00-04:00,2023-09-14 11:30:00-04:00,SHORT,-1,15582.25,15679.151676092915,1,3,-96.9016760929153,-1938.033521858306,SL
2023-09-15,2023-09-15 10:00:00-04:00,2023-09-15 14:30:00-04:00,SHORT,-1,15512.0,15366.0,2,9,146.0,5840.0,FC
2023-09-18,2023-09-18 10:00:00-04:00,2023-09-18 14:30:00-04:00,SHORT,-1,15409.5,15430.75,1,9,-21.25,-425.0,FC
2023-09-19,2023-09-19 10:00:00-04:00,2023-09-19 14:00:00-04:00,SHORT,-1,15303.75,15375.367652257462,2,8,-71.6176522574624,-2864.706090298496,SL
2023-09-21,2023-09-21 10:00:00-04:00,2023-09-21 14:30:00-04:00,SHORT,-1,14933.5,14933.75,1,9,-0.25,-5.0,FC
2023-09-22,2023-09-22 10:00:00-04:00,2023-09-22 12:00:00-04:00,SHORT,-1,14949.75,15023.546347158046,2,4,-73.79634715804605,-2951.853886321842,SL
2023-09-25,2023-09-25 10:00:00-04:00,2023-09-25 14:30:00-04:00,SHORT,-1,14876.0,14888.75,1,9,-12.75,-255.0,FC
2023-09-26,2023-09-26 10:00:00-04:00,2023-09-26 14:30:00-04:00,SHORT,-1,14772.5,14709.25,2,9,63.25,2530.0,FC
2023-09-27,2023-09-27 10:00:00-04:00,2023-09-27 14:30:00-04:00,SHORT,-1,14764.25,14674.0,1,9,90.25,1805.0,FC
2023-10-05,2023-10-05 10:00:00-04:00,2023-10-05 14:30:00-04:00,SHORT,-1,14847.75,14865.0,1,9,-17.25,-345.0,FC
2023-10-06,2023-10-06 10:00:00-04:00,2023-10-06 11:30:00-04:00,SHORT,-1,14762.25,14910.474067955514,2,3,-148.22406795551433,-5928.962718220573,SL
2023-10-09,2023-10-09 10:00:00-04:00,2023-10-09 14:30:00-04:00,LONG,1,15054.5,15195.75,1,9,141.25,2825.0,FC
2023-10-17,2023-10-17 10:00:00-04:00,2023-10-17 10:30:00-04:00,SHORT,-1,15079.0,15177.245094512557,1,1,-98.24509451255653,-1964.9018902511307,SL
2023-10-18,2023-10-18 10:00:00-04:00,2023-10-18 14:30:00-04:00,SHORT,-1,15164.5,15098.5,2,9,66.0,2640.0,FC
2023-10-19,2023-10-19 10:00:00-04:00,2023-10-19 14:30:00-04:00,SHORT,-1,15058.0,14987.25,1,8,70.75,1415.0,FC
2023-10-20,2023-10-20 10:00:00-04:00,2023-10-20 14:30:00-04:00,SHORT,-1,14837.5,14707.5,1,9,130.0,2600.0,FC
2023-10-23,2023-10-23 10:00:00-04:00,2023-10-23 12:00:00-04:00,SHORT,-1,14636.5,14759.463077190432,1,4,-122.96307719043216,-2459.261543808643,SL
2023-10-25,2023-10-25 10:00:00-04:00,2023-10-25 14:30:00-04:00,SHORT,-1,14651.5,14485.0,2,9,166.5,6660.0,FC
2023-10-26,2023-10-26 10:00:00-04:00,2023-10-26 14:30:00-04:00,SHORT,-1,14330.5,14258.25,1,9,72.25,1445.0,FC
2023-10-27,2023-10-27 10:00:00-04:00,2023-10-27 14:30:00-04:00,SHORT,-1,14327.25,14228.5,1,9,98.75,1975.0,FC
2023-10-31,2023-10-31 10:00:00-04:00,2023-10-31 13:30:00-04:00,SHORT,-1,14340.0,14444.392483908832,1,7,-104.39248390883222,-2087.8496781766444,SL
2023-11-09,2023-11-09 10:00:00-05:00,2023-11-09 10:30:00-05:00,LONG,1,15423.0,15363.892828016184,2,1,-59.10717198381644,-2364.2868793526577,SL
2023-11-15,2023-11-15 10:00:00-05:00,2023-11-15 14:30:00-05:00,LONG,1,15918.0,15918.0,1,9,0.0,0.0,FC
2023-11-28,2023-11-28 10:00:00-05:00,2023-11-28 11:00:00-05:00,SHORT,-1,15967.5,16026.906984914065,1,2,-59.406984914065106,-1188.1396982813021,SL
2023-12-01,2023-12-01 10:00:00-05:00,2023-12-01 11:30:00-05:00,SHORT,-1,15913.75,15979.34230662496,2,3,-65.59230662495975,-2623.69226499839,SL
2023-12-07,2023-12-07 10:00:00-05:00,2023-12-07 11:00:00-05:00,SHORT,-1,15907.0,15997.792025174607,1,2,-90.79202517460726,-1815.8405034921452,SL
2023-12-08,2023-12-08 10:00:00-05:00,2023-12-08 10:30:00-05:00,SHORT,-1,15991.25,16084.640850755024,2,1,-93.39085075502408,-3735.634030200963,SL
2023-12-12,2023-12-12 10:00:00-05:00,2023-12-12 14:30:00-05:00,LONG,1,16467.25,16532.5,1,9,65.25,1305.0,FC
2023-12-13,2023-12-13 10:00:00-05:00,2023-12-13 14:30:00-05:00,LONG,1,16610.5,16697.75,1,9,87.25,1745.0,FC
2023-12-14,2023-12-14 10:00:00-05:00,2023-12-14 11:00:00-05:00,LONG,1,16849.25,16768.702481245487,1,2,-80.54751875451257,-1610.9503750902513,SL
2023-12-15,2023-12-15 10:00:00-05:00,2023-12-15 14:30:00-05:00,LONG,1,16821.75,16790.5,2,9,-31.25,-1250.0,FC
2023-12-18,2023-12-18 10:00:00-05:00,2023-12-18 14:30:00-05:00,LONG,1,16878.5,16956.25,1,9,77.75,1555.0,FC
2023-12-20,2023-12-20 10:00:00-05:00,2023-12-20 14:30:00-05:00,LONG,1,17016.5,17011.25,1,9,-5.25,-105.0,FC
2023-12-21,2023-12-21 10:00:00-05:00,2023-12-21 14:30:00-05:00,SHORT,-1,16893.5,16881.0,2,9,12.5,500.0,FC
2023-12-28,2023-12-28 10:00:00-05:00,2023-12-28 14:30:00-05:00,LONG,0,17124.5,17124.5,1,9,0.0,0.0,FC
2024-01-03,2024-01-03 10:00:00-05:00,2024-01-03 14:30:00-05:00,SHORT,-1,16613.75,16618.0,1,9,-4.25,-85.0,FC
2024-01-04,2024-01-04 10:00:00-05:00,2024-01-04 11:00:00-05:00,SHORT,-1,16460.75,16540.10752712183,2,2,-79.35752712182875,-3174.30108487315,SL
2024-01-09,2024-01-09 10:00:00-05:00,2024-01-09 14:30:00-05:00,LONG,1,16705.0,16816.25,1,9,111.25,2225.0,FC
2024-01-11,2024-01-11 10:00:00-05:00,2024-01-11 10:30:00-05:00,LONG,1,16958.25,16829.687672705903,1,1,-128.56232729409749,-2571.2465458819497,SL
2024-01-16,2024-01-16 10:00:00-05:00,2024-01-16 11:00:00-05:00,SHORT,-1,16913.75,17017.842587967276,2,2,-104.0925879672759,-4163.703518691036,SL
2024-01-17,2024-01-17 10:00:00-05:00,2024-01-17 11:30:00-05:00,SHORT,-1,16707.0,16819.108099234247,1,3,-112.10809923424677,-2242.1619846849353,SL
2024-01-19,2024-01-19 10:00:00-05:00,2024-01-19 14:30:00-05:00,LONG,1,17208.5,17415.25,2,9,206.75,8270.0,FC
2024-01-22,2024-01-22 10:00:00-05:00,2024-01-22 11:00:00-05:00,LONG,1,17540.25,17451.40181634598,1,2,-88.84818365401952,-1776.9636730803904,SL
2024-01-24,2024-01-24 10:00:00-05:00,2024-01-24 14:30:00-05:00,LONG,1,17669.75,17646.75,2,9,-23.0,-920.0,FC
2024-01-25,2024-01-25 10:00:00-05:00,2024-01-25 14:00:00-05:00,LONG,1,17668.5,17574.75987402765,1,8,-93.74012597234832,-1874.8025194469665,SL
2024-01-26,2024-01-26 10:00:00-05:00,2024-01-26 14:30:00-05:00,SHORT,-1,17548.75,17529.0,2,9,19.75,790.0,FC
2024-01-31,2024-01-31 10:00:00-05:00,2024-01-31 14:30:00-05:00,SHORT,-1,17369.5,17330.75,1,9,38.75,775.0,FC
2024-02-01,2024-02-01 10:00:00-05:00,2024-02-01 12:30:00-05:00,SHORT,-1,17303.5,17392.34836189636,1,5,-88.84836189635826,-1776.9672379271651,SL
2024-02-06,2024-02-06 10:00:00-05:00,2024-02-06 14:30:00-05:00,SHORT,-1,17654.0,17594.5,2,9,59.5,2380.0,FC
2024-02-08,2024-02-08 10:00:00-05:00,2024-02-08 14:30:00-05:00,LONG,1,17851.0,17842.75,1,9,-8.25,-165.0,FC
2024-02-09,2024-02-09 10:00:00-05:00,2024-02-09 14:30:00-05:00,LONG,1,17939.5,18051.0,2,9,111.5,4460.0,FC
2024-02-12,2024-02-12 10:00:00-05:00,2024-02-12 14:00:00-05:00,LONG,1,18040.5,17995.773298079188,1,8,-44.72670192081205,-894.534038416241,SL
2024-02-13,2024-02-13 10:00:00-05:00,2024-02-13 14:30:00-05:00,SHORT,-1,17674.5,17613.5,2,9,61.0,2440.0,FC
2024-02-15,2024-02-15 10:00:00-05:00,2024-02-15 13:30:00-05:00,SHORT,-1,17816.75,17895.526273776315,1,7,-78.77627377631507,-1575.5254755263013,SL
2024-02-16,2024-02-16 10:00:00-05:00,2024-02-16 12:00:00-05:00,SHORT,-1,17772.25,17883.474895389503,2,4,-111.22489538950322,-4448.995815580129,SL
2024-02-20,2024-02-20 10:00:00-05:00,2024-02-20 14:30:00-05:00,SHORT,-1,17562.75,17540.5,1,9,22.25,445.0,FC
2024-02-21,2024-02-21 10:00:00-05:00,2024-02-21 14:30:00-05:00,SHORT,-1,17473.0,17411.0,1,9,62.0,1240.0,FC
2024-02-23,2024-02-23 10:00:00-05:00,2024-02-23 11:30:00-05:00,LONG,1,18079.75,18000.67819929003,1,3,-79.07180070997128,-1581.4360141994257,SL
2024-02-28,2024-02-28 10:00:00-05:00,2024-02-28 14:30:00-05:00,SHORT,-1,17896.5,17910.25,2,9,-13.75,-550.0,FC
2024-03-01,2024-03-01 10:00:00-05:00,2024-03-01 14:30:00-05:00,LONG,1,18133.0,18367.75,1,9,234.75,4695.0,FC
2024-03-04,2024-03-04 10:00:00-05:00,2024-03-04 14:30:00-05:00,LONG,1,18296.25,18299.5,1,9,3.25,65.0,FC
2024-03-05,2024-03-05 10:00:00-05:00,2024-03-05 14:30:00-05:00,SHORT,-1,18038.75,17893.75,1,9,145.0,2900.0,FC
2024-03-06,2024-03-06 10:00:00-05:00,2024-03-06 12:30:00-05:00,SHORT,-1,18046.5,18135.788740041844,1,5,-89.288740041844,-1785.7748008368799,SL
2024-03-11,2024-03-11 10:00:00-04:00,2024-03-11 14:30:00-04:00,SHORT,-1,18147.5,18240.75,2,9,-93.25,-3730.0,FC
2024-03-14,2024-03-14 10:00:00-04:00,2024-03-14 14:30:00-04:00,SHORT,-1,18238.0,18300.0,1,9,-62.0,-1240.0,FC
2024-03-15,2024-03-15 10:00:00-04:00,2024-03-15 14:30:00-04:00,SHORT,-1,18094.0,18056.5,2,9,37.5,1500.0,FC
2024-03-19,2024-03-19 10:00:00-04:00,2024-03-19 13:00:00-04:00,SHORT,-1,18090.5,18209.105863549616,1,6,-118.6058635496156,-2372.117270992312,SL
2024-03-25,2024-03-25 10:00:00-04:00,2024-03-25 12:00:00-04:00,SHORT,-1,18479.0,18552.813000106955,2,4,-73.81300010695486,-2952.5200042781944,SL
2024-03-27,2024-03-27 10:00:00-04:00,2024-03-27 14:30:00-04:00,SHORT,-1,18450.5,18455.0,1,9,-4.5,-90.0,FC
2024-04-02,2024-04-02 10:00:00-04:00,2024-04-02 14:30:00-04:00,SHORT,-1,18254.5,18283.25,2,9,-28.75,-1150.0,FC
2024-04-03,2024-04-03 10:00:00-04:00,2024-04-03 10:30:00-04:00,SHORT,-1,18269.75,18354.101592078023,1,1,-84.3515920780228,-1687.031841560456,SL
2024-04-05,2024-04-05 10:00:00-04:00,2024-04-05 12:00:00-04:00,SHORT,-1,18205.5,18329.255749273252,2,4,-123.75574927325215,-4950.229970930086,SL
2024-04-10,2024-04-10 10:00:00-04:00,2024-04-10 14:30:00-04:00,SHORT,-1,18179.5,18142.75,1,9,36.75,735.0,FC
2024-04-12,2024-04-12 10:00:00-04:00,2024-04-12 14:30:00-04:00,SHORT,-1,18338.0,18168.5,1,9,169.5,3390.0,FC
2024-04-16,2024-04-16 10:00:00-04:00,2024-04-16 14:30:00-04:00,SHORT,-1,17897.75,17857.25,1,9,40.5,810.0,FC
2024-04-17,2024-04-17 10:00:00-04:00,2024-04-17 14:30:00-04:00,SHORT,-1,17891.0,17710.0,1,9,181.0,3620.0,FC
2024-04-18,2024-04-18 10:00:00-04:00,2024-04-18 11:00:00-04:00,SHORT,-1,17610.5,17716.266293862293,1,2,-105.76629386229251,-2115.3258772458503,SL
2024-04-19,2024-04-19 10:00:00-04:00,2024-04-19 14:30:00-04:00,SHORT,-1,17455.25,17211.0,2,9,244.25,9770.0,FC
2024-04-22,2024-04-22 10:00:00-04:00,2024-04-22 14:00:00-04:00,SHORT,-1,17283.0,17379.866731961312,1,8,-96.86673196131233,-1937.3346392262465,SL
2024-04-25,2024-04-25 10:00:00-04:00,2024-04-25 13:00:00-04:00,SHORT,-1,17356.5,17489.60184084183,2,6,-133.1018408418313,-5324.073633673252,SL
2024-04-29,2024-04-29 10:00:00-04:00,2024-04-29 14:30:00-04:00,LONG,1,17867.0,17887.0,1,9,20.0,400.0,FC
2024-04-30,2024-04-30 10:00:00-04:00,2024-04-30 14:30:00-04:00,SHORT,-1,17871.75,17688.5,1,9,183.25,3665.0,FC
2024-05-01,2024-05-01 10:00:00-04:00,2024-05-01 14:30:00-04:00,SHORT,-1,17475.0,17559.0,1,9,-84.0,-1680.0,FC
2024-05-02,2024-05-02 10:00:00-04:00,2024-05-02 14:00:00-04:00,SHORT,-1,17498.75,17608.58624215214,2,8,-109.8362421521415,-4393.44968608566,SL
2024-05-06,2024-05-06 10:00:00-04:00,2024-05-06 14:30:00-04:00,LONG,1,18109.75,18146.5,1,9,36.75,735.0,FC
2024-05-07,2024-05-07 10:00:00-04:00,2024-05-07 14:30:00-04:00,LONG,1,18193.5,18186.0,1,9,-7.5,-150.0,FC
2024-05-08,2024-05-08 10:00:00-04:00,2024-05-08 14:30:00-04:00,SHORT,-1,18168.0,18186.75,2,9,-18.75,-750.0,FC
2024-05-09,2024-05-09 10:00:00-04:00,2024-05-09 14:30:00-04:00,SHORT,-1,18157.5,18216.5,1,9,-59.0,-1180.0,FC
2024-05-14,2024-05-14 10:00:00-04:00,2024-05-14 14:30:00-04:00,LONG,1,18290.0,18378.5,2,9,88.5,3540.0,FC
2024-05-15,2024-05-15 10:00:00-04:00,2024-05-15 14:30:00-04:00,LONG,1,18483.0,18685.75,1,9,202.75,4055.0,FC
2024-05-16,2024-05-16 10:00:00-04:00,2024-05-16 14:30:00-04:00,LONG,1,18708.75,18675.5,1,9,-33.25,-665.0,FC
2024-05-22,2024-05-22 10:00:00-04:00,2024-05-22 14:00:00-04:00,LONG,1,18824.5,18772.03507402534,2,8,-52.4649259746584,-2098.597038986336,SL
2024-05-23,2024-05-23 10:00:00-04:00,2024-05-23 14:30:00-04:00,SHORT,-1,18852.0,18679.75,1,9,172.25,3445.0,FC
2024-05-24,2024-05-24 10:00:00-04:00,2024-05-24 10:30:00-04:00,SHORT,-1,18749.75,18826.83537886665,1,1,-77.08537886664999,-1541.7075773329998,SL
2024-05-29,2024-05-29 10:00:00-04:00,2024-05-29 14:30:00-04:00,SHORT,-1,18831.75,18837.5,2,9,-5.75,-230.0,FC
2024-05-30,2024-05-30 10:00:00-04:00,2024-05-30 14:30:00-04:00,SHORT,-1,18739.0,18674.5,1,9,64.5,1290.0,FC
2024-05-31,2024-05-31 10:00:00-04:00,2024-05-31 14:30:00-04:00,SHORT,-1,18544.25,18319.0,1,9,225.25,4505.0,FC
2024-06-04,2024-06-04 10:00:00-04:00,2024-06-04 14:30:00-04:00,SHORT,-1,18602.5,18735.5,1,9,-133.0,-2660.0,FC
2024-06-06,2024-06-06 10:00:00-04:00,2024-06-06 14:30:00-04:00,LONG,1,19033.75,19050.75,2,9,17.0,680.0,FC
2024-06-07,2024-06-07 10:00:00-04:00,2024-06-07 13:30:00-04:00,SHORT,-1,19032.5,19150.136895758813,1,7,-117.6368957588129,-2352.737915176258,SL
2024-06-11,2024-06-11 10:00:00-04:00,2024-06-11 11:00:00-04:00,SHORT,-1,19032.5,19107.73768764475,2,2,-75.2376876447488,-3009.507505789952,SL
2024-06-12,2024-06-12 10:00:00-04:00,2024-06-12 14:30:00-04:00,LONG,1,19491.0,19526.25,1,9,35.25,705.0,FC
2024-06-13,2024-06-13 10:00:00-04:00,2024-06-13 10:30:00-04:00,LONG,1,19631.25,19541.97756893088,1,1,-89.2724310691192,-1785.4486213823839,SL
2024-06-14,2024-06-14 10:00:00-04:00,2024-06-14 14:30:00-04:00,LONG,1,19638.75,19657.25,2,9,18.5,740.0,FC
2024-06-17,2024-06-17 10:00:00-04:00,2024-06-17 14:30:00-04:00,LONG,1,19954.5,20240.75,1,9,286.25,5725.0,FC
2024-06-18,2024-06-18 10:00:00-04:00,2024-06-18 14:30:00-04:00,LONG,1,20179.0,20184.75,1,9,5.75,115.0,FC
2024-06-21,2024-06-21 10:00:00-04:00,2024-06-21 12:00:00-04:00,SHORT,-1,19953.75,20066.36559806646,1,4,-112.61559806645892,-2252.3119613291783,SL
2024-06-24,2024-06-24 10:00:00-04:00,2024-06-24 14:30:00-04:00,SHORT,-1,19946.75,19781.0,2,9,165.75,6630.0,FC
2024-06-25,2024-06-25 10:00:00-04:00,2024-06-25 11:30:00-04:00,SHORT,-1,19832.0,19912.59491166889,1,3,-80.59491166888984,-1611.8982333777967,SL
2024-07-01,2024-07-01 10:00:00-04:00,2024-07-01 12:30:00-04:00,SHORT,-1,19887.75,19999.206222755616,2,5,-111.45622275561618,-4458.248910224647,SL
2024-07-02,2024-07-02 10:00:00-04:00,2024-07-02 14:30:00-04:00,LONG,1,20062.5,20223.0,1,9,160.5,3210.0,FC
2024-07-05,2024-07-05 10:00:00-04:00,2024-07-05 14:30:00-04:00,LONG,1,20513.75,20602.5,1,9,88.75,1775.0,FC
2024-07-08,2024-07-08 10:00:00-04:00,2024-07-08 14:30:00-04:00,LONG,1,20634.5,20651.25,1,9,16.75,335.0,FC
2024-07-10,2024-07-10 10:00:00-04:00,2024-07-10 11:30:00-04:00,LONG,1,20764.25,20714.395982138987,1,3,-49.854017861012835,-997.0803572202567,SL
2024-07-11,2024-07-11 10:00:00-04:00,2024-07-11 10:30:00-04:00,LONG,1,20869.5,20788.446326785157,2,1,-81.053673214843,-3242.14692859372,SL
2024-07-15,2024-07-15 10:00:00-04:00,2024-07-15 14:30:00-04:00,LONG,1,20627.75,20600.75,1,9,-27.0,-540.0,FC
2024-07-16,2024-07-16 10:00:00-04:00,2024-07-16 14:30:00-04:00,SHORT,-1,20581.0,20534.0,2,9,47.0,1880.0,FC
2024-07-17,2024-07-17 10:00:00-04:00,2024-07-17 14:30:00-04:00,SHORT,-1,20209.0,20059.25,1,9,149.75,2995.0,FC
2024-07-18,2024-07-18 10:00:00-04:00,2024-07-18 14:30:00-04:00,SHORT,-1,20067.75,19849.5,1,9,218.25,4365.0,FC
2024-07-24,2024-07-24 10:00:00-04:00,2024-07-24 14:30:00-04:00,SHORT,-1,19512.0,19290.75,1,9,221.25,4425.0,FC
2024-07-25,2024-07-25 10:00:00-04:00,2024-07-25 11:30:00-04:00,SHORT,-1,19030.5,19258.75768332686,1,3,-228.2576833268613,-4565.153666537226,SL
2024-07-26,2024-07-26 10:00:00-04:00,2024-07-26 13:00:00-04:00,SHORT,-1,19129.25,19257.472205849695,2,6,-128.22220584969546,-5128.888233987818,SL
2024-07-29,2024-07-29 10:00:00-04:00,2024-07-29 11:00:00-04:00,LONG,1,19357.75,19233.528369213545,1,2,-124.22163078645463,-2484.4326157290925,SL
2024-07-30,2024-07-30 10:00:00-04:00,2024-07-30 11:00:00-04:00,LONG,1,19225.75,19122.544711104587,2,2,-103.2052888954131,-4128.211555816524,SL
2024-08-01,2024-08-01 10:00:00-04:00,2024-08-01 10:30:00-04:00,LONG,1,19646.0,19452.722055288155,1,1,-193.2779447118446,-3865.5588942368922,SL
2024-08-02,2024-08-02 10:00:00-04:00,2024-08-02 14:30:00-04:00,SHORT,-1,18575.0,18552.75,2,9,22.25,890.0,FC
2024-08-05,2024-08-05 10:00:00-04:00,2024-08-05 14:30:00-04:00,SHORT,-1,17889.5,18035.5,1,9,-146.0,-2920.0,FC
2024-08-06,2024-08-06 10:00:00-04:00,2024-08-06 13:00:00-04:00,SHORT,-1,18142.75,18413.93722887279,2,6,-271.18722887279,-10847.4891549116,SL
2024-08-12,2024-08-12 10:00:00-04:00,2024-08-12 10:30:00-04:00,SHORT,-1,18540.25,18668.876476645157,1,1,-128.6264766451568,-2572.529532903136,SL
2024-08-16,2024-08-16 10:00:00-04:00,2024-08-16 14:30:00-04:00,LONG,1,19498.0,19615.25,2,9,117.25,4690.0,FC
2024-08-20,2024-08-20 10:00:00-04:00,2024-08-20 10:30:00-04:00,LONG,1,19918.5,19825.01787124731,1,1,-93.48212875269019,-1869.6425750538037,SL
2024-08-22,2024-08-22 10:00:00-04:00,2024-08-22 10:30:00-04:00,LONG,1,19976.0,19887.77485943226,2,1,-88.22514056774162,-3529.0056227096647,SL
2024-08-27,2024-08-27 10:00:00-04:00,2024-08-27 11:00:00-04:00,SHORT,-1,19540.5,19669.91669828508,1,2,-129.4166982850802,-2588.333965701604,SL
2024-08-28,2024-08-28 10:00:00-04:00,2024-08-28 14:30:00-04:00,SHORT,-1,19557.75,19327.25,2,9,230.5,9220.0,FC
2024-09-03,2024-09-03 10:00:00-04:00,2024-09-03 14:30:00-04:00,SHORT,-1,19366.5,19036.0,1,9,330.5,6610.0,FC
2024-09-04,2024-09-04 10:00:00-04:00,2024-09-04 14:30:00-04:00,SHORT,-1,18972.5,19016.75,1,9,-44.25,-885.0,FC
2024-09-06,2024-09-06 10:00:00-04:00,2024-09-06 14:30:00-04:00,SHORT,-1,18745.75,18457.25,2,9,288.5,11540.0,FC
2024-09-16,2024-09-16 10:00:00-04:00,2024-09-16 14:30:00-04:00,SHORT,-1,19663.25,19664.75,1,9,-1.5,-30.0,FC
2024-09-24,2024-09-24 10:00:00-04:00,2024-09-24 10:30:00-04:00,LONG,1,20089.25,19984.8281894366,2,1,-104.42181056339905,-4176.872422535962,SL
2024-09-25,2024-09-25 10:00:00-04:00,2024-09-25 13:30:00-04:00,LONG,1,20232.0,20150.272187816972,1,7,-81.72781218302771,-1634.5562436605542,SL
2024-09-27,2024-09-27 10:00:00-04:00,2024-09-27 12:30:00-04:00,LONG,1,20327.0,20223.887359473676,2,5,-103.11264052632396,-4124.505621052958,SL
2024-09-30,2024-09-30 10:00:00-04:00,2024-09-30 14:30:00-04:00,SHORT,-1,20204.25,20093.25,1,9,111.0,2220.0,FC
2024-10-01,2024-10-01 10:00:00-04:00,2024-10-01 14:30:00-04:00,SHORT,-1,20044.0,20059.25,1,9,-15.25,-305.0,FC
2024-10-02,2024-10-02 10:00:00-04:00,2024-10-02 11:30:00-04:00,SHORT,-1,19914.75,20074.21375617012,2,3,-159.46375617012018,-6378.550246804807,SL
2024-10-10,2024-10-10 10:00:00-04:00,2024-10-10 12:00:00-04:00,SHORT,-1,20357.5,20468.196441427855,1,4,-110.69644142785546,-2213.9288285571092,SL
2024-10-11,2024-10-11 10:00:00-04:00,2024-10-11 10:30:00-04:00,SHORT,-1,20359.75,20450.07229562385,2,1,-90.32229562384964,-3612.8918249539856,SL
2024-10-16,2024-10-16 10:00:00-04:00,2024-10-16 10:30:00-04:00,SHORT,-1,20223.75,20325.94224785112,1,1,-102.19224785111874,-2043.8449570223747,SL
2024-10-17,2024-10-17 10:00:00-04:00,2024-10-17 14:30:00-04:00,LONG,1,20434.25,20394.0,2,9,-40.25,-1610.0,FC
2024-10-21,2024-10-21 10:00:00-04:00,2024-10-21 11:00:00-04:00,LONG,1,20493.25,20397.700851217352,1,2,-95.54914878264753,-1910.9829756529507,SL
2024-10-24,2024-10-24 10:00:00-04:00,2024-10-24 14:30:00-04:00,SHORT,-1,20337.0,20364.0,2,9,-27.0,-1080.0,FC
2024-10-28,2024-10-28 10:00:00-04:00,2024-10-28 14:30:00-04:00,SHORT,-1,20556.25,20531.75,1,9,24.5,490.0,FC
2024-10-29,2024-10-29 10:00:00-04:00,2024-10-29 12:00:00-04:00,SHORT,-1,20514.25,20610.677769821206,1,4,-96.42776982120631,-1928.5553964241262,SL
2024-10-30,2024-10-30 10:00:00-04:00,2024-10-30 14:30:00-04:00,SHORT,-1,20632.5,20595.5,2,9,37.0,1480.0,FC
2024-10-31,2024-10-31 10:00:00-04:00,2024-10-31 14:30:00-04:00,SHORT,-1,20166.0,20039.5,1,9,126.5,2530.0,FC
2024-11-01,2024-11-01 10:00:00-04:00,2024-11-01 14:30:00-04:00,SHORT,-1,20169.75,20161.5,1,9,8.25,165.0,FC
2024-11-04,2024-11-04 10:00:00-05:00,2024-11-04 14:30:00-05:00,SHORT,-1,20131.25,20132.75,1,9,-1.5,-30.0,FC
2024-11-07,2024-11-07 10:00:00-05:00,2024-11-07 14:30:00-05:00,LONG,1,21109.25,21184.5,2,9,75.25,3010.0,FC
2024-11-08,2024-11-08 10:00:00-05:00,2024-11-08 14:30:00-05:00,LONG,1,21207.5,21258.5,1,9,51.0,1020.0,FC
2024-11-12,2024-11-12 10:00:00-05:00,2024-11-12 12:30:00-05:00,LONG,1,21235.25,21135.7696054088,1,5,-99.480394591199,-1989.60789182398,SL
2024-11-14,2024-11-14 10:00:00-05:00,2024-11-14 14:30:00-05:00,SHORT,-1,21092.0,21066.0,2,9,26.0,1040.0,FC
2024-11-15,2024-11-15 10:00:00-05:00,2024-11-15 14:30:00-05:00,SHORT,-1,20690.0,20421.5,1,9,268.5,5370.0,FC
2024-11-18,2024-11-18 10:00:00-05:00,2024-11-18 10:30:00-05:00,SHORT,-1,20530.25,20645.109452207333,1,1,-114.85945220733265,-2297.189044146653,SL
2024-11-20,2024-11-20 10:00:00-05:00,2024-11-20 14:30:00-05:00,SHORT,-1,20614.0,20572.5,2,9,41.5,1660.0,FC
2024-11-21,2024-11-21 10:00:00-05:00,2024-11-21 14:30:00-05:00,SHORT,-1,20667.0,20832.25,1,9,-165.25,-3305.0,FC
2024-11-22,2024-11-22 10:00:00-05:00,2024-11-22 10:30:00-05:00,LONG,1,20855.0,20726.357752570453,2,1,-128.64224742954684,-5145.689897181874,SL
2024-11-25,2024-11-25 10:00:00-05:00,2024-11-25 12:30:00-05:00,LONG,1,20944.75,20830.595685053268,1,5,-114.15431494673248,-2283.0862989346497,SL
2024-12-03,2024-12-03 10:00:00-05:00,2024-12-03 14:30:00-05:00,LONG,1,21203.0,21234.0,2,9,31.0,1240.0,FC
2024-12-05,2024-12-05 10:00:00-05:00,2024-12-05 14:30:00-05:00,LONG,1,21510.5,21496.0,1,9,-14.5,-290.0,FC
2024-12-09,2024-12-09 10:00:00-05:00,2024-12-09 10:30:00-05:00,LONG,1,21623.25,21549.416730897166,2,1,-73.83326910283358,-2953.3307641133433,SL
2024-12-17,2024-12-17 10:00:00-05:00,2024-12-17 14:30:00-05:00,LONG,1,22307.0,22287.25,1,9,-19.75,-395.0,FC
2024-12-18,2024-12-18 10:00:00-05:00,2024-12-18 14:30:00-05:00,SHORT,-1,22288.5,22074.75,2,9,213.75,8550.0,FC
2024-12-19,2024-12-19 10:00:00-05:00,2024-12-19 14:30:00-05:00,SHORT,-1,21578.25,21500.75,1,9,77.5,1550.0,FC
2024-12-20,2024-12-20 10:00:00-05:00,2024-12-20 10:30:00-05:00,SHORT,-1,21231.5,21428.54414595375,1,1,-197.04414595375056,-3940.882919075011,SL
2024-12-27,2024-12-27 10:00:00-05:00,2024-12-27 14:30:00-05:00,SHORT,-1,21696.0,21644.5,2,9,51.5,2060.0,FC
2024-12-30,2024-12-30 10:00:00-05:00,2024-12-30 12:00:00-05:00,SHORT,-1,21288.0,21455.170977904952,1,4,-167.17097790495245,-3343.419558099049,SL
2024-12-31,2024-12-31 10:00:00-05:00,2024-12-31 14:30:00-05:00,SHORT,-1,21435.0,21198.75,2,9,236.25,9450.0,FC
2025-01-07,2025-01-07 10:00:00-05:00,2025-01-07 10:30:00-05:00,LONG,1,21709.75,21594.047470021716,1,1,-115.70252997828356,-2314.0505995656713,SL
2025-01-08,2025-01-08 10:00:00-05:00,2025-01-08 14:30:00-05:00,SHORT,-1,21344.25,21418.0,2,9,-73.75,-2950.0,FC
2025-01-10,2025-01-10 10:00:00-05:00,2025-01-10 14:30:00-05:00,SHORT,-1,21052.75,21095.75,1,9,-43.0,-860.0,FC
2025-01-13,2025-01-13 10:00:00-05:00,2025-01-13 14:30:00-05:00,SHORT,-1,20801.75,20893.0,2,9,-91.25,-3650.0,FC
2025-01-14,2025-01-14 10:00:00-05:00,2025-01-14 14:30:00-05:00,SHORT,-1,20981.25,20982.0,1,9,-0.75,-15.0,FC
2025-01-20,2025-01-20 10:00:00-05:00,2025-01-20 12:30:00-05:00,LONG,1,21743.0,21621.20984145489,2,5,-121.7901585451109,-4871.606341804436,SL
2025-01-21,2025-01-21 10:00:00-05:00,2025-01-21 14:30:00-05:00,LONG,1,21631.0,21741.0,1,9,110.0,2200.0,FC
2025-01-22,2025-01-22 10:00:00-05:00,2025-01-22 14:30:00-05:00,LONG,1,22014.0,22019.75,1,9,5.75,115.0,FC
2025-01-27,2025-01-27 10:00:00-05:00,2025-01-27 14:30:00-05:00,SHORT,-1,21334.25,21252.25,1,9,82.0,1640.0,FC
2025-01-28,2025-01-28 10:00:00-05:00,2025-01-28 10:30:00-05:00,SHORT,-1,21283.0,21466.48732084555,1,1,-183.48732084555013,-3669.7464169110026,SL
2025-01-29,2025-01-29 10:00:00-05:00,2025-01-29 14:30:00-05:00,SHORT,-1,21519.0,21399.75,2,9,119.25,4770.0,FC
2025-02-03,2025-02-03 10:00:00-05:00,2025-02-03 11:00:00-05:00,SHORT,-1,21216.0,21407.721233431785,1,2,-191.72123343178464,-3834.424668635693,SL
2025-02-12,2025-02-12 10:00:00-05:00,2025-02-12 14:30:00-05:00,SHORT,-1,21677.0,21789.5,2,9,-112.5,-4500.0,FC
2025-02-14,2025-02-14 10:00:00-05:00,2025-02-14 14:30:00-05:00,LONG,1,22127.25,22176.75,1,9,49.5,990.0,FC
2025-02-19,2025-02-19 10:00:00-05:00,2025-02-19 14:00:00-05:00,SHORT,-1,22167.75,22256.925982840785,1,8,-89.17598284078485,-1783.519656815697,SL
2025-02-21,2025-02-21 10:00:00-05:00,2025-02-21 14:30:00-05:00,SHORT,-1,22092.5,21679.5,2,9,413.0,16520.0,FC
2025-02-24,2025-02-24 10:00:00-05:00,2025-02-24 14:30:00-05:00,SHORT,-1,21566.25,21570.5,1,9,-4.25,-85.0,FC
2025-02-25,2025-02-25 10:00:00-05:00,2025-02-25 14:30:00-05:00,SHORT,-1,21260.0,21133.5,2,9,126.5,5060.0,FC
2025-02-26,2025-02-26 10:00:00-05:00,2025-02-26 14:30:00-05:00,SHORT,-1,21301.75,21124.25,1,9,177.5,3550.0,FC
2025-02-27,2025-02-27 10:00:00-05:00,2025-02-27 14:30:00-05:00,SHORT,-1,21009.0,20897.5,1,9,111.5,2230.0,FC
2025-02-28,2025-02-28 10:00:00-05:00,2025-02-28 11:00:00-05:00,SHORT,-1,20593.5,20776.829143932428,1,2,-183.32914393242754,-3666.582878648551,SL
2025-03-03,2025-03-03 10:00:00-05:00,2025-03-03 14:30:00-05:00,SHORT,-1,20845.25,20715.0,2,9,130.25,5210.0,FC
2025-03-04,2025-03-04 10:00:00-05:00,2025-03-04 13:30:00-05:00,SHORT,-1,20232.5,20464.030387804716,1,7,-231.53038780471616,-4630.607756094323,SL
2025-03-05,2025-03-05 10:00:00-05:00,2025-03-05 13:00:00-05:00,SHORT,-1,20316.75,20545.465453597684,2,6,-228.71545359768425,-9148.61814390737,SL
2025-03-06,2025-03-06 10:00:00-05:00,2025-03-06 10:30:00-05:00,SHORT,-1,20281.5,20465.666301661087,1,1,-184.16630166108735,-3683.326033221747,SL
2025-03-07,2025-03-07 10:00:00-05:00,2025-03-07 14:30:00-05:00,SHORT,-1,20140.0,20252.25,2,9,-112.25,-4490.0,FC
2025-03-10,2025-03-10 10:00:00-04:00,2025-03-10 14:30:00-04:00,SHORT,-1,19790.5,19431.25,1,9,359.25,7185.0,FC
2025-03-11,2025-03-11 10:00:00-04:00,2025-03-11 14:30:00-04:00,SHORT,-1,19523.5,19508.75,1,9,14.75,295.0,FC
2025-03-17,2025-03-17 10:00:00-04:00,2025-03-17 12:00:00-04:00,LONG,1,19997.25,19835.38532103187,1,4,-161.86467896812974,-3237.2935793625948,SL
2025-03-18,2025-03-18 10:00:00-04:00,2025-03-18 14:30:00-04:00,SHORT,-1,19672.5,19700.0,2,9,-27.5,-1100.0,FC
2025-03-21,2025-03-21 10:00:00-04:00,2025-03-21 13:00:00-04:00,SHORT,-1,19718.5,19890.280206568026,1,6,-171.7802065680262,-3435.6041313605238,SL
2025-03-25,2025-03-25 10:00:00-04:00,2025-03-25 14:30:00-04:00,LONG,1,20410.75,20433.75,2,9,23.0,920.0,FC
2025-03-27,2025-03-27 10:00:00-04:00,2025-03-27 14:30:00-04:00,SHORT,-1,20076.5,20058.25,1,9,18.25,365.0,FC
2025-03-28,2025-03-28 10:00:00-04:00,2025-03-28 14:30:00-04:00,SHORT,-1,19856.0,19475.25,1,9,380.75,7615.0,FC
2025-03-31,2025-03-31 10:00:00-04:00,2025-03-31 12:30:00-04:00,SHORT,-1,19089.25,19276.405991960826,1,5,-187.1559919608262,-3743.1198392165243,SL
2025-04-03,2025-04-03 10:00:00-04:00,2025-04-03 14:30:00-04:00,SHORT,-1,18989.25,18779.25,2,9,210.0,8400.0,FC
2025-04-04,2025-04-04 10:00:00-04:00,2025-04-04 14:30:00-04:00,SHORT,-1,18203.0,17660.0,1,9,543.0,10860.0,FC
2025-04-07,2025-04-07 10:00:00-04:00,2025-04-07 10:30:00-04:00,SHORT,-1,17273.5,17946.22183807444,1,1,-672.7218380744416,-13454.436761488832,SL
2025-04-16,2025-04-16 10:00:00-04:00,2025-04-16 14:30:00-04:00,SHORT,-1,18524.0,18350.0,2,9,174.0,6960.0,FC
2025-04-17,2025-04-17 10:00:00-04:00,2025-04-17 14:30:00-04:00,SHORT,-1,18467.75,18480.5,1,9,-12.75,-255.0,FC
2025-04-21,2025-04-21 10:00:00-04:00,2025-04-21 14:30:00-04:00,SHORT,-1,17994.5,17752.25,2,9,242.25,9690.0,FC
2025-04-25,2025-04-25 10:00:00-04:00,2025-04-25 14:30:00-04:00,LONG,1,19257.0,19487.25,1,9,230.25,4605.0,FC
2025-04-28,2025-04-28 10:00:00-04:00,2025-04-28 11:30:00-04:00,LONG,1,19465.25,19317.879555820247,1,3,-147.37044417975267,-2947.4088835950533,SL
2025-04-30,2025-04-30 10:00:00-04:00,2025-04-30 11:00:00-04:00,SHORT,-1,19121.25,19339.604080421406,2,2,-218.35408042140625,-8734.16321685625,SL
2025-05-02,2025-05-02 10:00:00-04:00,2025-05-02 14:30:00-04:00,LONG,1,20073.0,20246.75,1,9,173.75,3475.0,FC
2025-05-05,2025-05-05 10:00:00-04:00,2025-05-05 14:30:00-04:00,LONG,1,20051.0,20161.75,1,9,110.75,2215.0,FC
2025-05-06,2025-05-06 10:00:00-04:00,2025-05-06 10:30:00-04:00,SHORT,-1,19757.25,19900.72293043326,1,1,-143.47293043326135,-2869.458608665227,SL
2025-05-07,2025-05-07 10:00:00-04:00,2025-05-07 14:30:00-04:00,SHORT,-1,19937.5,19772.25,2,9,165.25,6610.0,FC
2025-05-13,2025-05-13 10:00:00-04:00,2025-05-13 14:30:00-04:00,LONG,1,21124.5,21303.75,1,9,179.25,3585.0,FC
2025-05-14,2025-05-14 10:00:00-04:00,2025-05-14 14:30:00-04:00,LONG,1,21330.75,21346.5,1,9,15.75,315.0,FC
2025-05-15,2025-05-15 10:00:00-04:00,2025-05-15 14:30:00-04:00,LONG,1,21298.5,21409.25,1,9,110.75,2215.0,FC
2025-05-16,2025-05-16 10:00:00-04:00,2025-05-16 11:00:00-04:00,LONG,1,21437.5,21321.34543853397,1,2,-116.15456146603174,-2323.0912293206347,SL
2025-05-19,2025-05-19 10:00:00-04:00,2025-05-19 14:30:00-04:00,LONG,1,21356.25,21460.5,2,9,104.25,4170.0,FC
2025-05-23,2025-05-23 10:00:00-04:00,2025-05-23 14:30:00-04:00,SHORT,-1,20885.0,21037.5,1,9,-152.5,-3050.0,FC
2025-05-28,2025-05-28 10:00:00-04:00,2025-05-28 14:30:00-04:00,LONG,1,21467.5,21481.25,2,9,13.75,550.0,FC
2025-05-29,2025-05-29 10:00:00-04:00,2025-05-29 14:30:00-04:00,SHORT,-1,21518.0,21330.5,1,9,187.5,3750.0,FC
2025-05-30,2025-05-30 10:00:00-04:00,2025-05-30 14:30:00-04:00,SHORT,-1,21257.5,21280.75,1,9,-23.25,-465.0,FC
2025-06-09,2025-06-09 10:00:00-04:00,2025-06-09 14:30:00-04:00,LONG,1,21786.5,21865.25,2,9,78.75,3150.0,FC
2025-06-23,2025-06-23 10:00:00-04:00,2025-06-23 13:00:00-04:00,LONG,1,21925.25,21769.71602962547,1,6,-155.53397037453033,-3110.6794074906065,SL
2025-06-24,2025-06-24 10:00:00-04:00,2025-06-24 14:30:00-04:00,LONG,1,22291.0,22415.0,2,9,124.0,4960.0,FC
2025-06-25,2025-06-25 10:00:00-04:00,2025-06-25 11:30:00-04:00,LONG,1,22522.25,22450.826069627565,1,3,-71.42393037243528,-1428.4786074487056,SL
2025-06-26,2025-06-26 10:00:00-04:00,2025-06-26 14:30:00-04:00,LONG,1,22543.75,22673.25,2,9,129.5,5180.0,FC
2025-06-27,2025-06-27 10:00:00-04:00,2025-06-27 14:30:00-04:00,LONG,1,22764.0,22666.0,1,9,-98.0,-1960.0,FC
2025-07-08,2025-07-08 10:00:00-04:00,2025-07-08 14:30:00-04:00,SHORT,-1,22881.5,22913.0,2,9,-31.5,-1260.0,FC
2025-07-16,2025-07-16 10:00:00-04:00,2025-07-16 14:30:00-04:00,SHORT,-1,22968.5,23045.0,1,9,-76.5,-1530.0,FC
2025-07-18,2025-07-18 10:00:00-04:00,2025-07-18 10:30:00-04:00,LONG,1,23257.5,23187.686212492434,2,1,-69.8137875075663,-2792.551500302652,SL
2025-07-23,2025-07-23 10:00:00-04:00,2025-07-23 12:00:00-04:00,SHORT,-1,23166.0,23254.161718878302,1,4,-88.16171887830205,-1763.234377566041,SL
2025-07-28,2025-07-28 10:00:00-04:00,2025-07-28 11:30:00-04:00,LONG,1,23521.0,23450.850723658565,2,3,-70.14927634143532,-2805.971053657413,SL
2025-07-30,2025-07-30 10:00:00-04:00,2025-07-30 14:30:00-04:00,SHORT,-1,23483.75,23555.0,1,9,-71.25,-1425.0,FC
2025-07-31,2025-07-31 10:00:00-04:00,2025-07-31 14:30:00-04:00,SHORT,-1,23671.25,23417.75,2,9,253.5,10140.0,FC
2025-08-01,2025-08-01 10:00:00-04:00,2025-08-01 14:30:00-04:00,SHORT,-1,22883.0,22891.0,1,9,-8.0,-160.0,FC
2025-08-11,2025-08-11 10:00:00-04:00,2025-08-11 14:30:00-04:00,LONG,1,23744.25,23682.5,2,9,-61.75,-2470.0,FC
2025-08-12,2025-08-12 10:00:00-04:00,2025-08-12 11:30:00-04:00,SHORT,-1,23653.0,23801.2401579032,1,3,-148.24015790320118,-2964.8031580640236,SL
2025-08-13,2025-08-13 10:00:00-04:00,2025-08-13 11:00:00-04:00,LONG,1,24017.25,23946.0206616927,2,2,-71.22933830730108,-2849.173532292043,SL
2025-08-18,2025-08-18 10:00:00-04:00,2025-08-18 14:30:00-04:00,SHORT,-1,23749.0,23767.0,1,9,-18.0,-360.0,FC
2025-08-19,2025-08-19 10:00:00-04:00,2025-08-19 14:30:00-04:00,SHORT,-1,23678.75,23473.75,2,9,205.0,8200.0,FC
2025-08-20,2025-08-20 10:00:00-04:00,2025-08-20 14:30:00-04:00,SHORT,-1,23173.25,23210.25,1,9,-37.0,-740.0,FC
2025-08-21,2025-08-21 10:00:00-04:00,2025-08-21 10:30:00-04:00,SHORT,-1,23187.75,23321.11359243385,2,1,-133.36359243384868,-5334.543697353947,SL
2025-08-27,2025-08-27 10:00:00-04:00,2025-08-27 11:00:00-04:00,SHORT,-1,23535.5,23611.45752959948,1,2,-75.95752959948004,-1519.1505919896008,SL
2025-08-29,2025-08-29 10:00:00-04:00,2025-08-29 14:30:00-04:00,SHORT,-1,23518.25,23441.5,2,9,76.75,3070.0,FC
2025-09-02,2025-09-02 10:00:00-04:00,2025-09-02 14:30:00-04:00,SHORT,-1,23233.75,23164.0,1,9,69.75,1395.0,FC
2025-09-12,2025-09-12 10:00:00-04:00,2025-09-12 14:30:00-04:00,LONG,1,24042.5,24122.0,1,9,79.5,1590.0,FC
2025-09-15,2025-09-15 10:00:00-04:00,2025-09-15 14:30:00-04:00,LONG,1,24503.25,24506.5,1,9,3.25,65.0,FC
2025-09-17,2025-09-17 10:00:00-04:00,2025-09-17 14:30:00-04:00,SHORT,-1,24477.0,24441.25,1,9,35.75,715.0,FC
2025-09-19,2025-09-19 10:00:00-04:00,2025-09-19 14:30:00-04:00,LONG,1,24791.0,24811.0,1,9,20.0,400.0,FC
2025-09-22,2025-09-22 10:00:00-04:00,2025-09-22 14:30:00-04:00,LONG,1,24872.25,25009.75,1,9,137.5,2750.0,FC
2025-09-23,2025-09-23 10:00:00-04:00,2025-09-23 14:30:00-04:00,SHORT,-1,24940.0,24811.25,1,9,128.75,2575.0,FC
2025-09-24,2025-09-24 10:00:00-04:00,2025-09-24 14:30:00-04:00,SHORT,-1,24820.75,24702.25,1,9,118.5,2370.0,FC
2025-09-25,2025-09-25 10:00:00-04:00,2025-09-25 10:30:00-04:00,SHORT,-1,24452.75,24593.31451721302,1,1,-140.56451721302074,-2811.2903442604147,SL
2025-09-30,2025-09-30 10:00:00-04:00,2025-09-30 14:30:00-04:00,SHORT,-1,24785.5,24827.5,2,9,-42.0,-1680.0,FC
2025-10-14,2025-10-14 10:00:00-04:00,2025-10-14 12:00:00-04:00,SHORT,-1,24576.25,24807.029720299975,1,4,-230.77972029997545,-4615.594405999509,SL
2025-10-17,2025-10-17 10:00:00-04:00,2025-10-17 14:30:00-04:00,LONG,1,24822.25,25015.75,2,9,193.5,7740.0,FC
2025-10-21,2025-10-21 10:00:00-04:00,2025-10-21 12:00:00-04:00,SHORT,-1,25234.75,25321.912758530856,1,4,-87.16275853085608,-1743.2551706171216,SL
2025-10-22,2025-10-22 10:00:00-04:00,2025-10-22 14:30:00-04:00,SHORT,-1,25258.0,24916.25,2,9,341.75,13670.0,FC
2025-10-28,2025-10-28 10:00:00-04:00,2025-10-28 14:30:00-04:00,LONG,1,26065.0,26182.0,1,9,117.0,2340.0,FC
2025-10-29,2025-10-29 10:00:00-04:00,2025-10-29 12:00:00-04:00,LONG,1,26318.75,26233.871982231496,1,4,-84.87801776850392,-1697.5603553700785,SL
2025-10-30,2025-10-30 10:00:00-04:00,2025-10-30 14:30:00-04:00,SHORT,-1,26125.0,25996.75,2,9,128.25,5130.0,FC
2025-10-31,2025-10-31 10:00:00-04:00,2025-10-31 14:30:00-04:00,SHORT,-1,26102.25,26010.0,1,9,92.25,1845.0,FC
2025-11-04,2025-11-04 10:00:00-05:00,2025-11-04 14:30:00-05:00,SHORT,-1,25875.25,25660.5,1,9,214.75,4295.0,FC
2025-11-06,2025-11-06 10:00:00-05:00,2025-11-06 14:30:00-05:00,SHORT,-1,25513.0,25431.25,1,9,81.75,1635.0,FC
2025-11-07,2025-11-07 10:00:00-05:00,2025-11-07 14:30:00-05:00,SHORT,-1,25028.0,24951.25,1,9,76.75,1535.0,FC
2025-11-12,2025-11-12 10:00:00-05:00,2025-11-12 14:30:00-05:00,SHORT,-1,25593.25,25580.25,1,9,13.0,260.0,FC
2025-11-13,2025-11-13 10:00:00-05:00,2025-11-13 14:30:00-05:00,SHORT,-1,25381.25,25122.75,1,9,258.5,5170.0,FC
2025-11-14,2025-11-14 10:00:00-05:00,2025-11-14 11:30:00-05:00,SHORT,-1,24953.0,25245.332299452737,1,3,-292.33229945273706,-5846.645989054741,SL
2025-11-18,2025-11-18 10:00:00-05:00,2025-11-18 13:30:00-05:00,SHORT,-1,24522.5,24789.264780211484,2,7,-266.7647802114843,-10670.591208459373,SL
2025-11-21,2025-11-21 10:00:00-05:00,2025-11-21 14:00:00-05:00,SHORT,-1,24174.0,24518.986947373047,1,8,-344.98694737304686,-6899.738947460937,SL
2025-12-01,2025-12-01 10:00:00-05:00,2025-12-01 14:30:00-05:00,LONG,1,25365.5,25395.75,2,9,30.25,1210.0,FC
2025-12-04,2025-12-04 10:00:00-05:00,2025-12-04 14:30:00-05:00,SHORT,-1,25555.5,25532.5,1,9,23.0,460.0,FC
2025-12-09,2025-12-09 10:00:00-05:00,2025-12-09 14:30:00-05:00,SHORT,-1,25629.5,25711.0,1,9,-81.5,-1630.0,FC
2025-12-10,2025-12-10 10:00:00-05:00,2025-12-10 14:30:00-05:00,SHORT,-1,25631.25,25668.0,2,9,-36.75,-1470.0,FC
2025-12-11,2025-12-11 10:00:00-05:00,2025-12-11 10:30:00-05:00,SHORT,-1,25414.5,25595.48612756553,1,1,-180.9861275655312,-3619.722551310624,SL
2025-12-12,2025-12-12 10:00:00-05:00,2025-12-12 14:30:00-05:00,SHORT,-1,25558.25,25227.0,2,9,331.25,13250.0,FC
2025-12-15,2025-12-15 10:00:00-05:00,2025-12-15 14:30:00-05:00,SHORT,-1,25223.75,25136.0,1,9,87.75,1755.0,FC
2025-12-17,2025-12-17 10:00:00-05:00,2025-12-17 14:30:00-05:00,SHORT,-1,25098.5,24716.25,1,9,382.25,7645.0,FC
2025-12-26,2025-12-26 10:00:00-05:00,2025-12-26 14:30:00-05:00,LONG,1,25881.0,25881.25,1,9,0.25,5.0,FC
2025-12-31,2025-12-31 10:00:00-05:00,2025-12-31 14:30:00-05:00,SHORT,-1,25605.5,25582.0,1,9,23.5,470.0,FC
2026-01-06,2026-01-06 10:00:00-05:00,2026-01-06 14:30:00-05:00,LONG,1,25753.0,25809.0,1,9,56.0,1120.0,FC
2026-01-12,2026-01-12 10:00:00-05:00,2026-01-12 14:30:00-05:00,LONG,1,25901.0,25996.0,1,9,95.0,1900.0,FC
2026-01-14,2026-01-14 10:00:00-05:00,2026-01-14 14:30:00-05:00,SHORT,-1,25585.0,25513.5,1,9,71.5,1430.0,FC
2026-01-16,2026-01-16 10:00:00-05:00,2026-01-16 14:30:00-05:00,SHORT,-1,25728.5,25681.25,1,9,47.25,945.0,FC
2026-01-20,2026-01-20 10:00:00-05:00,2026-01-20 14:30:00-05:00,SHORT,-1,25324.75,25161.25,1,9,163.5,3270.0,FC
2026-01-28,2026-01-28 10:00:00-05:00,2026-01-28 12:00:00-05:00,LONG,1,26253.5,26143.395539900088,1,4,-110.1044600999121,-2202.089201998242,SL
2026-01-29,2026-01-29 10:00:00-05:00,2026-01-29 14:30:00-05:00,SHORT,-1,25864.5,25878.5,2,9,-14.0,-560.0,FC
2026-01-30,2026-01-30 10:00:00-05:00,2026-01-30 14:30:00-05:00,SHORT,-1,25827.0,25716.75,1,9,110.25,2205.0,FC
2026-02-03,2026-02-03 10:00:00-05:00,2026-02-03 14:30:00-05:00,SHORT,-1,25633.0,25295.25,1,9,337.75,6755.0,FC
2026-02-04,2026-02-04 10:00:00-05:00,2026-02-04 14:30:00-05:00,SHORT,-1,25194.25,24963.5,1,9,230.75,4615.0,FC
2026-02-05,2026-02-05 10:00:00-05:00,2026-02-05 14:30:00-05:00,SHORT,-1,24769.25,24764.0,1,9,5.25,105.0,FC
2026-02-09,2026-02-09 10:00:00-05:00,2026-02-09 14:30:00-05:00,LONG,1,25113.25,25418.25,1,9,305.0,6100.0,FC
2026-02-12,2026-02-12 10:00:00-05:00,2026-02-12 14:30:00-05:00,SHORT,-1,25208.25,24871.75,1,9,336.5,6730.0,FC
2026-02-13,2026-02-13 10:00:00-05:00,2026-02-13 13:00:00-05:00,SHORT,-1,24699.0,24971.889968315278,1,6,-272.88996831527766,-5457.799366305553,SL
2026-02-17,2026-02-17 10:00:00-05:00,2026-02-17 11:30:00-05:00,SHORT,-1,24485.5,24737.370000640152,2,3,-251.87000064015228,-10074.800025606091,SL
2026-02-19,2026-02-19 10:00:00-05:00,2026-02-19 14:30:00-05:00,SHORT,-1,24881.5,24809.0,1,9,72.5,1450.0,FC
2026-02-23,2026-02-23 10:00:00-05:00,2026-02-23 14:30:00-05:00,SHORT,-1,24913.25,24714.75,1,9,198.5,3970.0,FC
2026-02-26,2026-02-26 10:00:00-05:00,2026-02-26 14:30:00-05:00,SHORT,-1,25193.0,25048.25,1,9,144.75,2895.0,FC
2026-02-27,2026-02-27 10:00:00-05:00,2026-02-27 14:30:00-05:00,SHORT,-1,24880.0,24906.75,1,9,-26.75,-535.0,FC
2026-03-03,2026-03-03 10:00:00-05:00,2026-03-03 13:30:00-05:00,SHORT,-1,24489.25,24736.80967469071,2,7,-247.55967469071038,-9902.386987628415,SL
2026-03-06,2026-03-06 10:00:00-05:00,2026-03-06 14:30:00-05:00,SHORT,-1,24691.25,24820.0,1,9,-128.75,-2575.0,FC
2026-03-09,2026-03-09 10:00:00-04:00,2026-03-09 11:30:00-04:00,SHORT,-1,24370.75,24637.688886610627,2,3,-266.9388866106274,-10677.555464425095,SL
2026-03-12,2026-03-12 10:00:00-04:00,2026-03-12 14:30:00-04:00,SHORT,-1,24657.75,24636.5,1,9,21.25,425.0,FC
2026-03-18,2026-03-18 10:00:00-04:00,2026-03-18 14:30:00-04:00,SHORT,-1,24749.0,24636.75,1,9,112.25,2245.0,FC
2026-03-19,2026-03-19 10:00:00-04:00,2026-03-19 14:30:00-04:00,SHORT,-1,24291.75,24257.0,1,9,34.75,695.0,FC
2026-03-24,2026-03-24 10:00:00-04:00,2026-03-24 14:30:00-04:00,SHORT,-1,24215.75,24259.75,1,9,-44.0,-880.0,FC
2026-03-25,2026-03-25 10:00:00-04:00,2026-03-25 14:30:00-04:00,SHORT,-1,24368.75,24413.0,2,9,-44.25,-1770.0,FC
2026-03-26,2026-03-26 10:00:00-04:00,2026-03-26 14:30:00-04:00,SHORT,-1,24216.0,23848.25,1,9,367.75,7355.0,FC
2026-03-27,2026-03-27 10:00:00-04:00,2026-03-27 14:30:00-04:00,SHORT,-1,23478.75,23362.0,1,9,116.75,2335.0,FC
2026-03-30,2026-03-30 10:00:00-04:00,2026-03-30 14:30:00-04:00,SHORT,-1,23302.0,23155.0,1,9,147.0,2940.0,FC
2026-04-01,2026-04-01 10:00:00-04:00,2026-04-01 14:30:00-04:00,LONG,1,24120.75,24154.0,1,9,33.25,665.0,FC
2026-04-02,2026-04-02 10:00:00-04:00,2026-04-02 11:00:00-04:00,SHORT,-1,23898.0,24105.231088150533,1,2,-207.23108815053274,-4144.621763010655,SL
2026-04-07,2026-04-07 10:00:00-04:00,2026-04-07 14:30:00-04:00,SHORT,-1,24120.25,24194.0,2,9,-73.75,-2950.0,FC
2026-04-09,2026-04-09 10:00:00-04:00,2026-04-09 14:30:00-04:00,LONG,1,25033.25,25162.5,1,9,129.25,2585.0,FC
2026-04-14,2026-04-14 10:00:00-04:00,2026-04-14 14:30:00-04:00,LONG,1,25722.25,25909.75,1,9,187.5,3750.0,FC
2026-04-15,2026-04-15 10:00:00-04:00,2026-04-15 14:30:00-04:00,LONG,1,26068.5,26247.75,1,9,179.25,3585.0,FC
2026-04-16,2026-04-16 10:00:00-04:00,2026-04-16 14:30:00-04:00,LONG,1,26321.25,26373.5,1,9,52.25,1045.0,FC
2026-04-17,2026-04-17 10:00:00-04:00,2026-04-17 14:30:00-04:00,LONG,1,26731.25,26784.5,1,9,53.25,1065.0,FC
2026-04-20,2026-04-20 10:00:00-04:00,2026-04-20 11:00:00-04:00,LONG,1,26780.75,26647.540069455372,1,2,-133.20993054462815,-2664.198610892563,SL
2026-04-23,2026-04-23 10:00:00-04:00,2026-04-23 14:00:00-04:00,LONG,1,27016.75,26844.171998152528,2,8,-172.57800184747248,-6903.120073898899,SL
2026-04-27,2026-04-27 10:00:00-04:00,2026-04-27 14:30:00-04:00,LONG,1,27401.5,27428.5,1,9,27.0,540.0,FC
2026-04-29,2026-04-29 10:00:00-04:00,2026-04-29 14:30:00-04:00,SHORT,-1,27220.25,27208.5,1,9,11.75,235.0,FC
2026-04-30,2026-04-30 10:00:00-04:00,2026-04-30 14:00:00-04:00,SHORT,-1,27245.75,27512.920731131777,1,8,-267.17073113177685,-5343.414622635537,SL
2026-05-01,2026-05-01 10:00:00-04:00,2026-05-01 14:30:00-04:00,LONG,1,27873.5,27867.5,2,9,-6.0,-240.0,FC
2026-05-04,2026-05-04 10:00:00-04:00,2026-05-04 11:30:00-04:00,LONG,1,27896.0,27712.346829377395,1,3,-183.6531706226051,-3673.063412452102,SL
2026-05-05,2026-05-05 10:00:00-04:00,2026-05-05 14:30:00-04:00,LONG,1,28085.25,28177.25,2,9,92.0,3680.0,FC
2026-05-06,2026-05-06 10:00:00-04:00,2026-05-06 14:30:00-04:00,LONG,1,28469.0,28634.5,1,9,165.5,3310.0,FC
2026-05-07,2026-05-07 10:00:00-04:00,2026-05-07 12:30:00-04:00,LONG,1,28781.5,28659.094170687516,1,5,-122.40582931248355,-2448.116586249671,SL
2026-05-11,2026-05-11 10:00:00-04:00,2026-05-11 14:30:00-04:00,LONG,1,29310.25,29472.0,2,9,161.75,6470.0,FC
2026-05-12,2026-05-12 10:00:00-04:00,2026-05-12 14:30:00-04:00,SHORT,-1,29129.5,28991.0,1,9,138.5,2770.0,FC
2026-05-13,2026-05-13 10:00:00-04:00,2026-05-13 12:00:00-04:00,SHORT,-1,29169.25,29383.11261309661,1,4,-213.8626130966113,-4277.252261932226,SL
2026-05-14,2026-05-14 10:00:00-04:00,2026-05-14 14:30:00-04:00,LONG,1,29541.75,29673.5,2,9,131.75,5270.0,FC
2026-05-18,2026-05-18 10:00:00-04:00,2026-05-18 12:30:00-04:00,LONG,1,29243.75,28931.624204008192,1,5,-312.12579599180754,-6242.515919836151,SL
2026-05-19,2026-05-19 10:00:00-04:00,2026-05-19 14:30:00-04:00,SHORT,-1,28938.75,29023.5,2,9,-84.75,-3390.0,FC
