atr_n,sl_mult,n_all,wr_all,all_net,all_PF,all_mdd,is_n,is_net,is_PF,oos_n,oos_net,oos_PF,beat_both,net_mdd_ratio
7,0.25,1381,8.9,124584.0,1.285,-40758.0,828,39694.0,1.171,553,84890.0,1.414,True,3.0566759899896954
7,0.35,1377,11.9,109025.0,1.187,-57235.0,826,45308.0,1.147,551,63717.0,1.231,True,1.904865903730235
7,0.45,1375,15.4,177524.0,1.249,-39209.0,825,129764.0,1.352,550,47760.0,1.139,True,4.5276339615904515
7,0.55,1370,17.9,163225.0,1.195,-42745.0,822,120922.0,1.278,548,42303.0,1.105,True,3.818575271961633
7,0.65,1365,20.2,169269.0,1.177,-48893.0,819,99300.0,1.197,546,69968.0,1.154,True,3.46202932935185
7,0.75,1363,22.9,171912.0,1.163,-53334.0,817,106238.0,1.192,546,65674.0,1.132,True,3.223309708628642
7,0.85,1362,25.8,240138.0,1.212,-52560.0,817,108791.0,1.18,545,131348.0,1.247,True,4.568835616438356
7,0.95,1362,28.0,222477.0,1.183,-58168.0,817,93197.0,1.143,545,129280.0,1.228,True,3.824731811305185
7,1.05,1359,30.7,250386.0,1.195,-68926.0,815,90734.0,1.131,544,159652.0,1.271,True,3.6326785247947075
7,1.15,1357,32.6,223250.0,1.166,-58408.0,814,84027.0,1.116,543,139222.0,1.224,True,3.8222503766607314
7,1.25,1354,35.2,220549.0,1.157,-54182.0,812,114667.0,1.154,542,105882.0,1.161,True,4.070521575430955
7,1.35,1354,36.9,178427.0,1.121,-64456.0,812,93821.0,1.12,542,84606.0,1.123,True,2.76819846096562
7,1.45,1352,38.7,175541.0,1.116,-65587.0,811,91457.0,1.114,541,84084.0,1.119,True,2.6764602741396923
7,1.55,1352,40.2,183530.0,1.119,-71898.0,811,100197.0,1.123,541,83333.0,1.114,True,2.5526440234777046
7,1.65,1352,42.0,194009.0,1.123,-57948.0,811,100733.0,1.122,541,93276.0,1.125,True,3.347984399806723
7,1.75,1351,43.5,218051.0,1.138,-69503.0,810,90430.0,1.107,541,127621.0,1.175,True,3.137289037883257
7,1.85,1350,44.9,222158.0,1.14,-71036.0,810,76156.0,1.089,540,146002.0,1.202,True,3.1274001914522214
7,1.95,1350,46.1,228047.0,1.143,-67625.0,810,72198.0,1.083,540,155849.0,1.216,True,3.372229205175601
7,2.05,1350,47.0,218599.0,1.135,-73460.0,810,58804.0,1.066,540,159795.0,1.219,True,2.975755513204465
7,2.15,1348,47.7,218004.0,1.133,-78334.0,808,59885.0,1.067,540,158119.0,1.213,True,2.783006102075727
7,2.25,1348,48.5,258800.0,1.16,-68709.0,808,83822.0,1.095,540,174978.0,1.237,True,3.7666099055436697
7,2.35,1348,49.1,259983.0,1.16,-57970.0,808,100758.0,1.115,540,159226.0,1.211,True,4.48478523374159
7,2.45,1347,49.7,247968.0,1.152,-60403.0,808,104353.0,1.12,539,143616.0,1.187,True,4.105226561594622
7,2.55,1346,50.3,255159.0,1.155,-58980.0,807,100091.0,1.114,539,155068.0,1.202,True,4.326195320447609
7,2.65,1346,50.7,258994.0,1.157,-58437.0,807,102542.0,1.117,539,156452.0,1.202,True,4.432020808734192
7,2.75,1345,50.9,238409.0,1.142,-67006.0,807,100727.0,1.114,538,137683.0,1.174,True,3.5580246545085514
7,2.85,1345,51.1,221733.0,1.131,-71737.0,807,98818.0,1.112,538,122915.0,1.152,True,3.0909154271854136
7,2.95,1344,51.5,223683.0,1.132,-75030.0,806,106255.0,1.121,538,117428.0,1.144,True,2.9812475009996002
10,0.25,1381,7.8,102108.0,1.255,-52992.0,828,16537.0,1.078,553,85571.0,1.455,True,1.926856884057971
10,0.35,1377,10.7,90262.0,1.168,-57847.0,826,35168.0,1.124,551,55094.0,1.217,True,1.5603574947706882
10,0.45,1375,14.2,166080.0,1.253,-36856.0,825,111472.0,1.329,550,54608.0,1.173,True,4.506186238332972
10,0.55,1370,16.5,172792.0,1.223,-41428.0,822,110782.0,1.275,548,62010.0,1.166,True,4.170898908950468
10,0.65,1366,18.7,156753.0,1.177,-44082.0,819,100885.0,1.22,547,55868.0,1.131,True,3.555941200489996
10,0.75,1363,21.1,191769.0,1.195,-51609.0,817,122220.0,1.238,546,69549.0,1.148,True,3.7158053827820727
10,0.85,1362,23.3,183253.0,1.171,-49512.0,817,101884.0,1.181,545,81369.0,1.161,True,3.7011835514622717
10,0.95,1362,26.1,228436.0,1.2,-54732.0,817,92183.0,1.15,545,136252.0,1.256,True,4.173719213622744
10,1.05,1362,28.0,221236.0,1.181,-68327.0,817,79999.0,1.122,545,141237.0,1.25,True,3.2379000980578687
10,1.15,1355,30.5,234665.0,1.184,-67313.0,813,90400.0,1.132,542,144265.0,1.245,True,3.486176518651672
10,1.25,1354,32.5,221951.0,1.167,-54194.0,812,80140.0,1.111,542,141810.0,1.231,True,4.0954902756762745
10,1.35,1353,34.7,239772.0,1.174,-50998.0,811,105801.0,1.144,542,133972.0,1.208,True,4.701596141025139
10,1.45,1353,36.4,211286.0,1.147,-59918.0,811,106884.0,1.14,542,104402.0,1.154,True,3.5262525451450317
10,1.55,1352,37.9,207268.0,1.139,-61534.0,811,122756.0,1.157,541,84511.0,1.119,True,3.3683492053173856
10,1.65,1351,39.3,192667.0,1.126,-68217.0,810,97884.0,1.121,541,94783.0,1.133,True,2.8243253148042275
10,1.75,1351,40.9,175782.0,1.112,-80223.0,810,102217.0,1.125,541,73566.0,1.099,True,2.191167121648405
10,1.85,1351,42.6,224699.0,1.144,-74910.0,810,117509.0,1.143,541,107190.0,1.145,True,2.9995861700707516
10,1.95,1350,43.9,241417.0,1.154,-68491.0,810,96841.0,1.115,540,144577.0,1.2,True,3.524798878684791
10,2.05,1350,44.9,242041.0,1.153,-58916.0,810,98814.0,1.116,540,143228.0,1.196,True,4.10823884853011
10,2.15,1348,46.0,233953.0,1.146,-59269.0,808,84088.0,1.097,540,149865.0,1.203,True,3.9473080362415427
10,2.25,1348,46.6,211172.0,1.13,-74632.0,808,54724.0,1.061,540,156448.0,1.214,True,2.8295101297030762
10,2.35,1348,47.4,219392.0,1.134,-93799.0,808,47822.0,1.053,540,171570.0,1.234,True,2.338958837514259
10,2.45,1348,48.1,221348.0,1.134,-81405.0,808,50281.0,1.055,540,171068.0,1.23,True,2.7190958786315336
10,2.55,1348,48.9,231582.0,1.141,-68664.0,808,72034.0,1.081,540,159547.0,1.211,True,3.3726843760922756
10,2.65,1347,49.6,257732.0,1.158,-52621.0,808,112428.0,1.13,539,145303.0,1.19,True,4.897892476387754
10,2.75,1346,50.2,282664.0,1.174,-49799.0,807,120957.0,1.141,539,161708.0,1.211,True,5.676097913612723
10,2.85,1345,50.5,264484.0,1.161,-53148.0,807,103230.0,1.118,538,161254.0,1.21,True,4.976367878377362
10,2.95,1345,50.7,250142.0,1.15,-57592.0,807,102035.0,1.116,538,148107.0,1.189,True,4.343346298096958
14,0.25,1381,7.1,73858.0,1.195,-52046.0,828,5404.0,1.027,553,68454.0,1.383,True,1.419090804288514
14,0.35,1377,10.3,95888.0,1.189,-57837.0,826,33905.0,1.126,551,61984.0,1.258,True,1.6579006518318724
14,0.45,1375,13.0,114424.0,1.182,-42372.0,825,67909.0,1.208,550,46515.0,1.154,True,2.700462569621448
14,0.55,1369,15.6,142068.0,1.192,-42678.0,821,118079.0,1.311,548,23989.0,1.067,True,3.3288345283284126
14,0.65,1366,17.6,154323.0,1.183,-47279.0,819,96225.0,1.22,547,58098.0,1.143,True,3.264091880115908
14,0.75,1362,20.2,199992.0,1.213,-45137.0,817,120421.0,1.247,545,79570.0,1.176,True,4.4307774109931986
14,0.85,1362,22.1,189230.0,1.184,-50414.0,817,116287.0,1.217,545,72943.0,1.147,True,3.753520847383663
14,0.95,1362,24.7,202559.0,1.184,-51672.0,817,100192.0,1.173,545,102367.0,1.197,True,3.920092119523146
14,1.05,1360,26.8,232401.0,1.198,-55996.0,816,90968.0,1.145,544,141433.0,1.259,True,4.150314308164869
14,1.15,1355,29.0,232168.0,1.188,-67534.0,813,101585.0,1.154,542,130583.0,1.228,True,3.4377942962063552
14,1.25,1353,31.0,244522.0,1.19,-51121.0,811,92173.0,1.133,542,152349.0,1.257,True,4.783200641614992
14,1.35,1352,32.9,223000.0,1.166,-46910.0,811,89744.0,1.125,541,133256.0,1.213,True,4.753783841398422
14,1.45,1352,34.9,231895.0,1.167,-53047.0,811,113210.0,1.154,541,118685.0,1.181,True,4.3715007446226934
14,1.55,1352,36.5,195854.0,1.135,-61459.0,811,94384.0,1.123,541,101470.0,1.149,True,3.1867423810995947
14,1.65,1351,38.0,220439.0,1.148,-56531.0,810,128215.0,1.165,541,92224.0,1.13,True,3.899435707841715
14,1.75,1351,39.4,199615.0,1.131,-60501.0,810,107768.0,1.135,541,91847.0,1.126,True,3.2993669526123535
14,1.85,1351,40.5,180956.0,1.116,-77889.0,810,117011.0,1.144,541,63944.0,1.085,True,2.3232548883667783
14,1.95,1349,42.2,233302.0,1.15,-66589.0,809,111558.0,1.135,540,121744.0,1.167,True,3.5036117076393998
14,2.05,1348,43.5,247344.0,1.158,-66322.0,808,114813.0,1.137,540,132531.0,1.181,True,3.7294412110611863
14,2.15,1348,44.6,254214.0,1.16,-50387.0,808,109773.0,1.129,540,144441.0,1.197,True,5.045229920415981
14,2.25,1348,45.5,245370.0,1.153,-65702.0,808,87420.0,1.101,540,157950.0,1.214,True,3.734589510212779
14,2.35,1348,46.2,232415.0,1.143,-65820.0,808,68413.0,1.077,540,164002.0,1.223,True,3.531069583713157
14,2.45,1347,47.2,228321.0,1.141,-76394.0,808,68132.0,1.077,539,160189.0,1.219,True,2.9887294813728826
14,2.55,1347,47.7,225059.0,1.137,-79178.0,808,54399.0,1.06,539,170660.0,1.231,True,2.8424436080729496
14,2.65,1347,48.3,213667.0,1.129,-83235.0,808,58566.0,1.065,539,155101.0,1.205,True,2.567033099056887
14,2.75,1346,48.9,211944.0,1.127,-84343.0,807,65383.0,1.073,539,146562.0,1.192,True,2.51288192262547
14,2.85,1346,49.6,239982.0,1.145,-64165.0,807,85816.0,1.097,539,154166.0,1.2,True,3.740076365619886
14,2.95,1346,50.0,249158.0,1.151,-59646.0,807,92672.0,1.105,539,156486.0,1.203,True,4.177279281091775
21,0.25,1379,7.0,85882.0,1.235,-50163.0,827,11377.0,1.059,552,74505.0,1.431,True,1.7120586886749198
21,0.35,1376,10.0,133699.0,1.272,-49208.0,825,55792.0,1.216,551,77908.0,1.333,True,2.717017558120631
21,0.45,1373,12.7,114733.0,1.189,-38532.0,823,71555.0,1.227,550,43177.0,1.147,True,2.977603031246756
21,0.55,1369,15.2,134184.0,1.187,-39488.0,821,111334.0,1.302,548,22850.0,1.065,True,3.398095623987034
21,0.65,1364,17.3,168575.0,1.205,-49675.0,818,108011.0,1.254,546,60564.0,1.152,True,3.393558127830901
21,0.75,1362,19.9,220250.0,1.242,-41465.0,817,130278.0,1.276,545,89973.0,1.205,True,5.311708669962619
21,0.85,1361,21.6,201330.0,1.201,-47278.0,816,114500.0,1.219,545,86830.0,1.181,True,4.258428867549389
21,0.95,1359,24.0,211087.0,1.197,-59990.0,815,115133.0,1.205,544,95953.0,1.188,True,3.5187031171861975
21,1.05,1356,26.2,232110.0,1.203,-59672.0,813,114231.0,1.189,543,117879.0,1.218,True,3.889764043437458
21,1.15,1354,28.4,239976.0,1.2,-65079.0,812,97526.0,1.152,542,142450.0,1.253,True,3.68745678329415
21,1.25,1353,30.2,260819.0,1.207,-46572.0,811,110164.0,1.164,542,150656.0,1.256,True,5.600339259640986
21,1.35,1352,32.2,234413.0,1.178,-46412.0,811,100811.0,1.144,541,133602.0,1.216,True,5.050698095320175
21,1.45,1352,33.9,243789.0,1.179,-54259.0,811,109555.0,1.151,541,134234.0,1.21,True,4.493061058994821
21,1.55,1352,35.9,230571.0,1.163,-49140.0,811,106727.0,1.143,541,123844.0,1.186,True,4.692124542124542
21,1.65,1351,37.4,243051.0,1.167,-51806.0,810,123768.0,1.161,541,119283.0,1.173,True,4.691560823070687
21,1.75,1350,39.0,229438.0,1.154,-60972.0,810,139813.0,1.181,540,89625.0,1.125,True,3.7630059699534213
21,1.85,1350,39.8,200351.0,1.13,-68914.0,810,107722.0,1.134,540,92630.0,1.126,True,2.9072612241344284
21,1.95,1349,41.2,223313.0,1.144,-68023.0,809,121443.0,1.15,540,101871.0,1.138,True,3.282904311776899
21,2.05,1348,42.5,240710.0,1.154,-76391.0,808,116035.0,1.14,540,124675.0,1.17,True,3.151025644382192
21,2.15,1347,43.8,266274.0,1.17,-46179.0,808,118988.0,1.142,539,147285.0,1.202,True,5.766127460534009
21,2.25,1347,44.5,250640.0,1.157,-58203.0,808,110322.0,1.129,539,140318.0,1.19,True,4.30630723502225
21,2.35,1347,45.7,253007.0,1.158,-54732.0,808,92870.0,1.107,539,160136.0,1.218,True,4.622652196155814
21,2.45,1347,46.4,238256.0,1.147,-69060.0,808,83154.0,1.095,539,155102.0,1.208,True,3.449985519837822
21,2.55,1347,46.9,223891.0,1.137,-78814.0,808,71802.0,1.081,539,152090.0,1.202,True,2.8407516431090922
21,2.65,1346,47.6,206053.0,1.125,-85847.0,807,59508.0,1.066,539,146545.0,1.195,True,2.40023530234021
21,2.75,1346,48.4,226709.0,1.138,-74590.0,807,65680.0,1.073,539,161029.0,1.215,True,3.0394020646199222
21,2.85,1346,49.2,242808.0,1.147,-66389.0,807,65954.0,1.073,539,176855.0,1.235,True,3.6573528747232222
21,2.95,1346,49.6,226705.0,1.136,-71473.0,807,61918.0,1.069,539,164786.0,1.215,True,3.17189708001623
28,0.25,1379,7.0,79265.0,1.218,-48989.0,827,13067.0,1.068,552,66198.0,1.384,True,1.6180162893710832
28,0.35,1375,9.7,122436.0,1.25,-53280.0,825,47226.0,1.184,550,75210.0,1.323,True,2.297972972972973
28,0.45,1370,12.6,117832.0,1.195,-42205.0,822,76281.0,1.244,548,41551.0,1.143,True,2.791896694704419
28,0.55,1368,15.1,136965.0,1.192,-39535.0,820,108040.0,1.296,548,28925.0,1.083,True,3.464398634121664
28,0.65,1364,17.2,162754.0,1.199,-56485.0,818,109575.0,1.26,546,53179.0,1.134,True,2.8813667345312917
28,0.75,1362,19.5,195474.0,1.215,-42830.0,817,124628.0,1.266,545,70846.0,1.161,True,4.56395050198459
28,0.85,1360,21.7,210482.0,1.212,-46469.0,816,123869.0,1.241,544,86613.0,1.181,True,4.529514299855818
28,0.95,1355,23.8,218596.0,1.205,-59986.0,813,118948.0,1.214,542,99648.0,1.195,True,3.6441169606241455
28,1.05,1354,26.2,234117.0,1.205,-58721.0,812,100530.0,1.167,542,133587.0,1.249,True,3.986938233340713
28,1.15,1354,28.2,240108.0,1.2,-62041.0,812,95716.0,1.15,542,144391.0,1.257,True,3.870150384423204
28,1.25,1353,30.4,265352.0,1.212,-39715.0,811,115040.0,1.173,542,150312.0,1.257,True,6.681405010701247
28,1.35,1352,32.0,241565.0,1.185,-47404.0,811,106229.0,1.154,541,135336.0,1.219,True,5.09587798498017
28,1.45,1352,33.7,228378.0,1.167,-46971.0,811,107635.0,1.15,541,120743.0,1.187,True,4.862106406080348
28,1.55,1350,36.0,241290.0,1.173,-48026.0,810,106141.0,1.143,540,135149.0,1.206,True,5.024153583475617
28,1.65,1350,37.3,254796.0,1.177,-50829.0,810,132105.0,1.175,540,122692.0,1.18,True,5.012807649176652
28,1.75,1350,38.8,232634.0,1.157,-59670.0,810,136438.0,1.177,540,96196.0,1.135,True,3.8986760516172283
28,1.85,1349,39.8,214666.0,1.141,-57984.0,809,116401.0,1.147,540,98264.0,1.135,True,3.702159216335541
28,1.95,1348,41.1,233148.0,1.151,-66985.0,808,125598.0,1.156,540,107550.0,1.147,True,3.4806001343584385
28,2.05,1347,42.5,266918.0,1.173,-72497.0,808,118340.0,1.144,539,148578.0,1.205,True,3.681779935721478
28,2.15,1347,43.4,267824.0,1.171,-46318.0,808,116712.0,1.139,539,151112.0,1.208,True,5.782287663543331
28,2.25,1347,44.5,267592.0,1.169,-45865.0,808,119476.0,1.141,539,148116.0,1.201,True,5.834339910607217
28,2.35,1347,45.3,230964.0,1.143,-71280.0,808,95919.0,1.111,539,135045.0,1.18,True,3.24023569023569
28,2.45,1346,46.2,255960.0,1.159,-58356.0,807,89719.0,1.103,539,166241.0,1.225,True,4.3861813695249845
28,2.55,1346,46.9,236107.0,1.145,-73272.0,807,84122.0,1.096,539,151985.0,1.202,True,3.2223359537067364
28,2.65,1346,47.6,229781.0,1.14,-72714.0,807,76958.0,1.087,539,152823.0,1.202,True,3.160065461946805
28,2.75,1346,48.4,223620.0,1.135,-64271.0,807,79219.0,1.089,539,144401.0,1.191,True,3.4793297132454764
28,2.85,1346,48.9,235858.0,1.143,-71217.0,807,67761.0,1.075,539,168097.0,1.222,True,3.3118216156254827
28,2.95,1346,49.6,224837.0,1.135,-72373.0,807,64988.0,1.073,539,159849.0,1.208,True,3.106641979743827
